,Spanish,English
0,de,of
1,que,that
2,no,No
3,a,to
4,la,the
5,el,he
6,y,and
7,es,is
8,en,in
9,lo,it
10,un,a
11,por,by
12,qué,that
13,me,me
14,una,a
15,los,the
16,se,HE
17,te,tea
18,con,with
19,para,for
20,está,this
21,mi,my
22,pero,but
23,sí,Yeah
24,si,Yeah
25,bien,good
26,eso,that
27,su,his
28,las,the
29,yo,I
30,del,of the
31,como,as
32,aquí,here
33,tu,you
34,al,to the
35,más,further
36,le,you
37,esto,this
38,todo,all
39,ya,already
40,estoy,I'm
41,ahora,now
42,muy,very
43,ha,ha
44,esta,this
45,así,So
46,vamos,come on
47,algo,something
48,hay,there is
49,bueno,Well
50,tengo,I have
51,él,he
52,cuando,when
53,estás,are
54,sé,HE
55,tú,you
56,nos,us
57,nada,nothing
58,cómo,as
59,este,this
60,o,either
61,he,he
62,ser,be
63,tiene,has
64,puedo,I can
65,ella,she
66,quiero,wanna
67,hacer,do
68,fue,was
69,gracias,thank you
70,vez,time
71,era,was
72,soy,am
73,sólo,only
74,todos,all
75,porque,because
76,son,are
77,tienes,have
78,creo,believe
79,voy,go
80,sabes,You know
81,estaba,was
82,puede,can
83,eres,are
84,ese,that
85,usted,you
86,entonces,so
87,hola,hello
88,solo,only
89,verdad,TRUE
90,casa,home
91,tan,so
92,quién,who
93,sus,their
94,tiempo,time
95,dos,two
96,esa,that
97,nunca,never
98,dónde,where
99,va,goes
100,oh,oh
101,favor,favor
102,mucho,a lot
103,mí,my
104,quieres,want
105,siento,I feel
106,señor,Sir
107,mejor,better
108,hace,does
109,has,has
110,decir,say
111,también,also
112,sobre,about
113,dios,God
114,sin,without
115,tenemos,have
116,están,are
117,ti,you
118,puedes,can
119,ver,see
120,hombre,man
121,vida,life
122,alguien,someone
123,cosas,things
124,siempre,always
125,hasta,until
126,ahí,there
127,ir,go
128,años,years
129,antes,before
130,estar,be
131,ni,neither
132,poco,bit
133,día,day
134,uno,one
135,noche,evening
136,hecho,made
137,mis,my
138,estamos,we are
139,otra,other
140,acuerdo,agreement
141,trabajo,job
142,nosotros,us
143,parece,seems
144,gente,people
145,sea,be
146,padre,father
147,mira,look
148,mismo,same
149,dijo,said
150,nadie,nobody
151,quiere,wants
152,podría,could
153,hablar,talk
154,vas,you're going
155,ellos,they
156,sr.,Mr.
157,tal,such
158,pasa,happens
159,fuera,out
160,después,after
161,han,they have
162,desde,from
163,dinero,money
164,mundo,world
165,claro,clear
166,momento,moment
167,les,them
168,tener,have
169,estado,state
170,otro,other
171,había,there was
172,mañana,tomorrow
173,tenía,had
174,madre,mother
175,vale,Okay
176,lugar,place
177,haciendo,doing
178,donde,where
179,seguro,sure
180,sabe,knows
181,podemos,can
182,tus,your
183,espera,wait
184,nuevo,new
185,sido,been
186,cosa,stuff
187,hijo,son
188,allí,over there
189,menos,less
190,tipo,guy
191,amigo,friend
192,gran,great
193,nuestro,our
194,mujer,women
195,mamá,mother
196,luego,then
197,papá,dad
198,días,days
199,dice,says
200,hoy,today
201,tres,three
202,buena,good
203,necesito,need
204,dije,said
205,oye,hey
206,gusta,like
207,quería,wanted to
208,será,will be
209,haber,have
210,parte,part
211,todas,all
212,crees,do you think
213,buen,good
214,conmigo,with me
215,nombre,name
216,mierda,shit
217,nuestra,our
218,mal,evil
219,debe,has to
220,realmente,really
221,estas,are
222,aún,still
223,mío,mine
224,toda,all
225,hacerlo,do it
226,cada,each
227,visto,seen
228,importa,matters
229,contigo,with you
230,tienen,have
231,hemos,we have
232,razón,reason
233,alguna,some
234,tanto,so much
235,saber,know
236,hizo,did
237,veces,times
238,serio,Serious
239,ven,come
240,idea,idea
241,eh,Hey
242,tarde,late
243,problema,problem
244,hora,hour
245,cierto,TRUE
246,dicho,saying
247,quien,who
248,demasiado,too much
249,amor,love
250,entre,between
251,ve,go
252,pasado,past
253,familia,family
254,estos,these
255,policía,police
256,debería,ought
257,ustedes,you
258,chica,girl
259,esos,those
260,chicos,guys
261,cuenta,account
262,haces,you do
263,todavía,still
264,salir,go out
265,algún,some
266,vaya,Oh
267,unos,some
268,veo,I see
269,amigos,friends
270,hermano,brother
271,pensé,I thought
272,sabía,knew
273,cabeza,head
274,ah,ah
275,cariño,dear
276,digo,say
277,van,go
278,hombres,men
279,buenas,hello good
280,somos,are
281,cualquier,any
282,forma,shape
283,mientras,while
284,lado,side
285,debo,I must
286,sería,I would be
287,caso,case
288,pueden,they can
289,pasó,passed
290,primera,first
291,genial,brilliant
292,chico,boy
293,supuesto,supposed
294,hice,I did
295,pues,well
296,adiós,bye
297,muchas,many
298,personas,people
299,señora,lady
300,volver,return
301,esas,those
302,quizá,perhaps
303,contra,against
304,camino,path
305,durante,during
306,hablando,talking
307,manera,manner
308,muerto,dead
309,persona,person
310,rápido,fast
311,cuál,which
312,ayuda,aid
313,historia,history
314,iba,I was going
315,supongo,i guess
316,nueva,new
317,entiendo,I understand
318,dentro,inside
319,casi,almost
320,puerta,door
321,ves,you see
322,pasar,pass
323,primero,first
324,significa,means
325,semana,week
326,hacia,toward
327,quizás,maybe
328,espero,wait
329,juntos,together
330,año,year
331,niños,children
332,pronto,soon
333,tío,uncle
334,suerte,luck
335,ciudad,city
336,siquiera,not even
337,feliz,happy
338,venir,come
339,hija,daughter
340,gustaría,I would like
341,minutos,minutes
342,cuánto,how much
343,os,you
344,hey,hey
345,muerte,death
346,dejar,leave
347,realidad,reality
348,deja,leaves
349,problemas,issues
350,vi,I saw
351,da,gives
352,importante,important
353,dijiste,you said
354,corazón,heart
355,miedo,fear
356,jefe,boss
357,agua,water
358,haré,I will do
359,justo,fair
360,horas,hours
361,poder,can
362,buenos,good
363,esposa,wife
364,manos,hands
365,debes,you must
366,viene,comes
367,venga,come
368,nuestros,our
369,ojos,eyes
370,adelante,forward
371,encontrar,find
372,mano,hand
373,cinco,five
374,niño,child
375,ninguna,none
376,otros,others
377,cara,face
378,cuidado,careful
379,bajo,low
380,cerca,near
381,viejo,old
382,déjame,let me
383,noches,nights
384,bastante,quite
385,fin,end
386,tomar,take
387,único,only
388,misma,same
389,escucha,listen
390,ningún,none
391,suficiente,enough
392,punto,spot
393,cuándo,when
394,sigue,go on
395,haya,is
396,equipo,equipment
397,grande,big
398,necesita,needs
399,llegar,arrive
400,incluso,even
401,algunos,some
402,doctor,doctor
403,difícil,difficult
404,aunque,although
405,hubiera,had
406,primer,first
407,coche,car
408,hago,do
409,clase,class
410,cuatro,four
411,mas,further
412,dices,you say
413,pequeño,little
414,llama,calls
415,toma,take
416,hiciste,did you
417,allá,there
418,última,last
419,arriba,above
420,tierra,land
421,guerra,war
422,pensar,think
423,pueda,may
424,igual,equal
425,loco,crazy
426,sangre,blood
427,mujeres,women
428,vuelta,lap
429,fui,I went
430,trabajar,work
431,tenido,had
432,juego,game
433,deberías,you should
434,cuerpo,body
435,e,and
436,algunas,some
437,entrar,enter
438,cree,believes
439,podía,could
440,debemos,must
441,oportunidad,chance
442,teléfono,phone
443,necesitamos,need
444,final,end
445,listo,ready
446,fiesta,party
447,muchos,many
448,estabas,you were
449,quieren,they want
450,vete,go away
451,auto,car
452,dar,give
453,vivir,live
454,posible,possible
455,ok,OK
456,hermana,sister
457,número,number
458,meses,months
459,exactamente,exactly
460,culpa,blame
461,abajo,below
462,escuela,school
463,ido,gone
464,fuerte,strong
465,diciendo,saying
466,habla,speaks
467,esté,this
468,ello,it
469,pregunta,ask
470,chicas,girls
471,eran,were
472,unas,nails
473,pasando,passing
474,atrás,back
475,malo,bad
476,capitán,captain
477,sra.,mrs
478,bebé,baby
479,segundo,second
480,sabemos,we know
481,mayor,elderly
482,comida,meal
483,morir,die
484,conozco,know
485,dame,give me
486,fácil,easy
487,comer,eat
488,vino,came
489,lista,list
490,haga,do
491,necesitas,you need
492,hijos,children
493,probablemente,probably
494,padres,parents
495,habitación,room
496,creer,believe
497,pensando,thinking
498,fueron,were
499,dime,tell me
500,trata,treats
501,buscando,searching
502,tuve,I had
503,tampoco,neither
504,amo,I love
505,joven,young
506,podrías,you could
507,sola,alone
508,par,pair
509,única,unique
510,hacen,do
511,seguir,continue
512,dr.,Dr.
513,simplemente,simply
514,dicen,they say
515,medio,half
516,puta,bitch
517,saben,they know
518,sentido,sense
519,hagas,do
520,segura,safe
521,esperar,wait
522,lejos,far
523,arma,weapon
524,alto,high
525,pequeña,small
526,dólares,dollars
527,seis,six
528,estaban,were
529,seguridad,security
530,maldita,damned
531,estuvo,was
532,preocupes,don't worry
533,palabra,word
534,esperando,expecting
535,queda,is left over
536,oficina,office
537,matar,kill
538,iré,I will go
539,cama,bed
540,además,besides
541,último,last
542,oído,ear
543,habría,there would be
544,estará,will be
545,dio,gave
546,recuerdo,memory
547,siendo,being
548,acerca,about
549,tenga,have
550,luz,light
551,correcto,correct
552,ud.,You.
553,demonios,demons
554,nuestras,our
555,verte,see you
556,dormir,sleep
557,sitio,place
558,ayudar,help
559,conseguir,get
560,di,say
561,marido,husband
562,paz,peace
563,idiota,idiot
564,plan,plan
565,dado,given
566,cuanto,how much
567,peor,worse
568,murió,died
569,pueblo,town
570,vivo,alive
571,venido,come
572,john,John
573,basta,Enough
574,paso,passed
575,deberíamos,we should
576,música,music
577,diga,say
578,minuto,minute
579,anoche,last night
580,llamar,call
581,piensa,think
582,país,country
583,digas,say
584,rey,king
585,mucha,a lot
586,falta,lack
587,pienso,I think
588,diablos,damn
589,perdido,lost
590,niña,little girl
591,señorita,Miss
592,diez,ten
593,lleva,carry
594,hospital,hospital
595,grandes,big
596,maldito,damned
597,otras,other
598,llamado,called
599,hacemos,we do
600,llevar,carry
601,fuego,fire
602,aqui,here
603,tuvo,had
604,poner,put
605,calle,street
606,acaba,ends
607,prueba,proof
608,increíble,incredible
609,real,real
610,libro,book
611,orden,order
612,semanas,weeks
613,especial,special
614,mía,mine
615,café,coffee
616,duro,hard
617,empezar,begin
618,afuera,outside
619,queremos,we want
620,perro,dog
621,cielo,darling
622,jack,Jack
623,puesto,position
624,viaje,journey
625,detrás,behind
626,cuarto,room
627,querida,Dear
628,haría,would
629,preguntas,questions
630,piensas,you think
631,querido,darling
632,libre,free
633,buscar,look for
634,cual,which
635,diré,I will say
636,suena,sounds
637,jugar,play
638,cambio,change
639,película,movie
640,millones,millions
641,habrá,there will be
642,llamada,call
643,resto,rest
644,vemos,we see
645,extraño,strange
646,mala,bad
647,presidente,president
648,srta.,Ms.
649,irme,leave
650,ropa,clothes
651,perder,lose
652,vuelve,comes back
653,agente,agent
654,palabras,words
655,información,information
656,raro,queer
657,hará,will
658,entiendes,you understand
659,éste,this
660,trabajando,working
661,tratando,treating
662,general,general
663,trato,deal
664,usar,wear
665,perfecto,perfect
666,derecho,right
667,modo,mode
668,ayer,yesterday
669,conoces,you know
670,demás,and the rest
671,quieras,you want
672,podríamos,we could
673,noticias,news
674,asesino,killer
675,encontrado,found
676,control,control
677,odio,hate
678,frente,forehead
679,sexo,sex
680,decirle,tell
681,estaré,I will be
682,divertido,fun
683,armas,arms
684,recuerdas,Do you remember?
685,amiga,friend
686,grupo,cluster
687,asunto,affair
688,acabo,just
689,mensaje,message
690,encima,on
691,atención,attention
692,diferente,different
693,uh,uh
694,cállate,be quiet
695,daño,damage
696,sucede,happens
697,cambiar,change
698,siguiente,following
699,sino,but
700,the,the
701,seas,be
702,médico,doctor
703,boca,mouth
704,dejó,let
705,error,mistake
706,jamás,never
707,largo,long
708,pena,grief
709,voz,voice
710,futuro,future
711,siente,feels
712,secreto,secret
713,baño,bathroom
714,mil,thousand
715,decirte,tell you
716,sam,Sam
717,pensaba,thought
718,novia,bride
719,propia,own
720,sueño,dream
721,haz,beam
722,fuerza,force
723,deben,must
724,supone,assumes
725,estábamos,we were
726,ambos,both
727,ay,Oh
728,estuve,I have been
729,encontré,I found
730,vuelto,turned
731,dolor,pain
732,dile,tell him
733,encanta,loves
734,edad,age
735,darle,give it
736,pie,foot
737,negro,black
738,ganar,gain
739,york,York
740,aire,air
741,lamento,lament
742,verlo,see it
743,asesinato,murder
744,vio,saw
745,adónde,where to
746,llegado,arrived
747,disculpe,excuse me
748,s,s
749,cita,appointment
750,estaría,would be
751,fuiste,you went
752,sistema,system
753,gusto,taste
754,pobre,poor
755,negocio,business
756,mente,mind
757,tuyo,yours
758,campo,field
759,mire,Look
760,situación,situation
761,tras,after
762,hotel,hotel
763,vosotros,you
764,funciona,works
765,foto,photo
766,abogado,lawyer
767,loca,crazy
768,propio,own
769,alrededor,around
770,próxima,next
771,terminado,finished
772,hablas,speak
773,pagar,pay
774,mató,killed
775,llamo,called
776,personal,staff
777,sientes,you feel
778,ocurre,occurs
779,ésta,this
780,recuerda,remember
781,mitad,half
782,quiera,want
783,pelo,hair
784,tenías,you had
785,viste,you saw
786,oficial,official
787,llegó,arrive
788,compañía,company
789,relación,relationship
790,conoce,meet
791,pase,happens
792,montón,lot
793,mejores,best
794,creí,I believed
795,cena,dinner
796,sentir,feel
797,través,through
798,accidente,accident
799,i,Yo
800,ellas,they
801,caja,box
802,tranquilo,don't worry
803,bonito,pretty
804,eras,eras
805,asi,So
806,pudo,could
807,vive,lives
808,vista,view
809,estúpido,idiot
810,línea,line
811,caballeros,gentlemen
812,haremos,we will
813,dan,dan
814,quédate,stay
815,tienda,store
816,comprar,buy
817,entendido,understood
818,centro,center
819,salvo,except
820,mes,month
821,joe,Joe
822,sol,sun
823,tonto,silly
824,hambre,hunger
825,michael,Michael
826,mesa,table
827,respuesta,answer
828,completamente,completely
829,david,David
830,carta,letter
831,totalmente,completely
832,imposible,impossible
833,pruebas,evidence
834,novio,boyfriend
835,normal,normal
836,gustan,like
837,frank,Frank
838,pude,could
839,charlie,Charlie
840,traje,suit
841,dirección,address
842,siete,seven
843,dijeron,they said
844,placer,pleasure
845,sean,be
846,tendrá,will have
847,barco,ship
848,blanco,white
849,tom,Tom
850,profesor,teacher
851,servicio,service
852,muchacho,young guy
853,reunión,meeting
854,dejado,left
855,ley,law
856,quisiera,I'd like
857,hubo,was
858,george,George
859,programa,program
860,carrera,career
861,cumpleaños,birthday
862,muchachos,boys
863,culo,ass
864,canción,song
865,hermosa,beautiful
866,universidad,university
867,boda,wedding
868,decirme,tell me
869,cualquiera,any
870,tengas,have
871,hacía,toward
872,estés,you are
873,sala,hall
874,llevo,he took
875,decisión,decision
876,espere,wait
877,don,gift
878,necesario,necessary
879,sal,salt
880,entra,enter
881,prisa,hurry
882,carajo,damn
883,embargo,embargo
884,interesante,interesting
885,tendrás,you will have
886,escuchar,hear
887,abuela,grandmother
888,hicieron,they did
889,detective,detective
890,horrible,awful
891,suelo,floor
892,fotos,photos
893,cárcel,jail
894,acá,here
895,io,io
896,mike,Mike
897,siéntate,sit down
898,decía,said
899,intentando,trying
900,vámonos,let's go
901,maldición,curse
902,silencio,silence
903,muerta,dead
904,capaz,able
905,salió,left
906,club,club
907,terminar,finish
908,temo,I fear
909,broma,joke
910,gobierno,government
911,prometo,I promise
912,cámara,camera
913,media,average
914,terrible,terrible
915,llamó,called
916,regalo,gift
917,amable,gentle
918,dulce,sweet
919,muertos,dead
920,querías,you wanted
921,ataque,stroke
922,das,you give
923,navidad,Christmas
924,negocios,business
925,pudiera,could
926,ocho,eight
927,avión,plane
928,investigación,investigation
929,acabó,just
930,juro,I swear
931,mantener,keep
932,ejército,army
933,papel,paper
934,partes,parts
935,ten,have
936,gracioso,funny
937,diría,I would say
938,principio,principle
939,delante,in front of
940,teniente,lieutenant
941,deseo,desire
942,vayas,go
943,nave,nave
944,sale,exits
945,basura,trash
946,vine,I came
947,contacto,contact
948,esposo,husband
949,tren,train
950,encontramos,we found
951,dale,give it
952,verdadero,TRUE
953,tuya,yours
954,alma,soul
955,hazlo,do it
956,disculpa,sorry
957,junto,together
958,anda,go
959,tendré,I will have
960,matrimonio,marriage
961,saberlo,to know
962,locura,craziness
963,oro,gold
964,permiso,permission
965,director,director
966,peligro,danger
967,libertad,freedom
968,alegro,I'm glad
969,baja,low
970,tendremos,we will have
971,derecha,right
972,encuentra,finds
973,pies,feet
974,segunda,second
975,maravilloso,marvelous
976,espacio,space
977,rato,a while
978,abuelo,grandfather
979,esperaba,I was expecting
980,mirando,looking
981,salud,health
982,sorpresa,surprise
983,ninguno,none
984,miren,look
985,triste,sad
986,aun,still
987,pensado,thought
988,maestro,teacher
989,según,according to
990,infierno,hell
991,podrían,could
992,tipos,guys
993,tía,aunt
994,crimen,crime
995,conocido,acquaintance
996,consejo,advice
997,ante,in view of
998,iglesia,church
999,intento,tried
1000,mayoría,most
1001,doy,give
1002,peter,Peter
1003,hicimos,we did
1004,escena,scene
1005,piso,floor
1006,señal,sign
1007,honor,honor
1008,llamas,flames
1009,abre,open
1010,cerebro,brain
1011,veras,you'll see
1012,viendo,seeing
1013,pone,puts
1014,pregunto,asked
1015,cocina,kitchen
1016,vestido,dress
1017,inteligente,intelligent
1018,vieja,old
1019,caballo,horse
1020,vienen,they are coming
1021,vidas,lives
1022,bar,bar
1023,corte,court
1024,sucedió,happened
1025,adentro,inside
1026,drogas,drugs
1027,enseguida,immediately
1028,busca,seeks
1029,agradable,pleasant
1030,carne,meat
1031,parecía,it seemed
1032,departamento,department
1033,lindo,nice
1034,mar,sea
1035,duda,doubt
1036,edificio,building
1037,conocer,know
1038,cargo,post
1039,víctima,victim
1040,luna,moon
1041,energía,energy
1042,frío,cold
1043,hablo,speak
1044,baile,dance
1045,trabaja,works
1046,misión,mission
1047,listos,ready
1048,ayudarte,help you
1049,izquierda,left
1050,paul,Paul
1051,beber,drink
1052,deje,leave
1053,finalmente,finally
1054,simple,simple
1055,daré,I will give
1056,sabías,did you know
1057,puedas,you can
1058,puso,put
1059,creía,I believed
1060,regresar,go back
1061,llega,arrives
1062,entender,understand
1063,mirar,look
1064,sacar,take out
1065,cambiado,changed
1066,trae,brings
1067,hermoso,beautiful
1068,opinión,opinion
1069,verás,you'll see
1070,linda,pretty
1071,apenas,barely
1072,segundos,seconds
1073,cerveza,beer
1074,harás,you will
1075,estuviera,were
1076,creen,they believe
1077,oír,hear
1078,tendría,would have
1079,cuántos,how many
1080,hablado,spoken
1081,hablamos,talk later
1082,reina,queen
1083,temprano,early
1084,tema,issue
1085,prisión,prison
1086,porqué,because
1087,vuelva,come back
1088,público,public
1089,ocurrió,occurred
1090,veré,I'll see
1091,salvar,save
1092,partido,game
1093,bonita,pretty
1094,joder,fuck
1095,causa,cause
1096,caliente,hot
1097,sargento,sergeant
1098,cenar,have dinner
1099,compañero,buddy
1100,llevó,he took
1101,banco,bank
1102,existe,exists
1103,ben,Ben
1104,zona,area
1105,destino,destination
1106,base,base
1107,solía,used to
1108,cliente,customer
1109,irse,go
1110,perra,bitch
1111,james,James
1112,encuentro,meeting
1113,encontró,found
1114,pelea,fight
1115,san,saint
1116,norte,north
1117,quise,I wanted
1118,coronel,colonel
1119,apuesto,I bet
1120,peligroso,dangerous
1121,viva,Viva
1122,max,max
1123,vienes,you come
1124,necesitan,They need
1125,té,tea
1126,excepto,except
1127,juicio,judgment
1128,podamos,we can
1129,llave,key
1130,equivocado,mistaken
1131,posición,position
1132,trasero,rear
1133,irnos,leave
1134,espalda,back
1135,excelente,excellent
1136,éxito,success
1137,modos,modes
1138,ventana,window
1139,veamos,Let's see
1140,especie,species
1141,teníamos,we had
1142,diferencia,difference
1143,formas,forms
1144,pedir,ask
1145,últimos,last
1146,escúchame,Listen to me
1147,ejemplo,example
1148,ése,that
1149,radio,radio
1150,lee,read
1151,calma,calm
1152,hogar,home
1153,volveré,I will return
1154,fondo,background
1155,humano,human
1156,henry,Henry
1157,tí,you
1158,iremos,we will go
1159,unidos,joined
1160,habían,there were
1161,jesús,Jesus
1162,planeta,planet
1163,verme,see me
1164,respecto,regard
1165,regreso,return
1166,debido,due
1167,seré,I will be
1168,tenían,they had
1169,leer,read
1170,parar,stall
1171,lleno,full
1172,dejé,I left
1173,respeto,I respect
1174,debajo,below
1175,harry,Harry
1176,escribir,write
1177,estación,season
1178,pidió,he asked
1179,alta,high
1180,pista,clue
1181,estrella,star
1182,enfermo,sick
1183,duele,hurts
1184,sueños,dreams
1185,veremos,we'll see
1186,miles,thousands
1187,darme,give me
1188,órdenes,orders
1189,ocupado,busy
1190,sigues,you follow
1191,corre,runs
1192,podido,able
1193,dejes,leave
1194,nivel,level
1195,habéis,you have
1196,experiencia,experience
1197,darte,give you
1198,salida,exit
1199,decirlo,say it
1200,confiar,rely
1201,hacerte,make you
1202,necesitaba,I needed
1203,hermanos,siblings
1204,zapatos,shoes
1205,color,color
1206,vistazo,glance
1207,nena,chick
1208,tratar,treat
1209,parecer,seem
1210,juez,judge
1211,próximo,next
1212,paciente,patient
1213,hayas,you have
1214,bolsa,bag
1215,arte,art
1216,mary,Mary
1217,jugando,playing
1218,llevas,you wear
1219,alegra,happy
1220,bailar,dance
1221,diablo,devil
1222,oí,I heard
1223,sepa,know
1224,estarás,you will be
1225,sur,south
1226,banda,band
1227,aprender,learn
1228,precio,price
1229,completo,complete
1230,santo,holy
1231,culpable,guilty
1232,ganas,desire
1233,tuvimos,we had
1234,you,you
1235,verla,see it
1236,volvió,returned
1237,libros,books
1238,ojo,eye
1239,serán,will be
1240,cielos,Heavens
1241,matado,killed
1242,azul,blue
1243,diferentes,different
1244,irte,leave
1245,ia,ia
1246,comandante,commander
1247,acción,action
1248,reglas,rules
1249,obra,construction site
1250,esperanza,hope
1251,cuestión,question
1252,molesta,bothers
1253,teniendo,having
1254,bill,Bill
1255,informe,report
1256,jimmy,Jimmy
1257,río,river
1258,bienvenido,welcome
1259,abrir,open
1260,tocar,tap
1261,bob,Bob
1262,contar,count
1263,sigo,I continue
1264,interior,inside
1265,apartamento,apartment
1266,vea,see
1267,estados,states
1268,estáis,you are
1269,preocupa,worry
1270,tomó,took
1271,principal,major
1272,empieza,begin
1273,londres,London
1274,empezó,it began
1275,vayan,go
1276,jim,Jim
1277,llaman,They call
1278,ojalá,I wish
1279,perdona,sorry
1280,vuelvo,I'm coming back
1281,golpe,bang
1282,quedarme,stay
1283,llamaré,I'll call
1284,acabado,finish
1285,estilo,style
1286,nueve,nine
1287,definitivamente,definitely
1288,quedar,meet
1289,cartas,cards
1290,bomba,bomb
1291,guardia,guard
1292,pistola,gun
1293,probar,prove
1294,majestad,majesty
1295,traer,bring
1296,marcha,march
1297,pareces,you look
1298,común,common
1299,aquel,that
1300,hacerle,to do it
1301,vuelo,flight
1302,nota,note
1303,danny,Danny
1304,humanos,humans
1305,estaremos,we will be
1306,valor,worth
1307,suyo,his
1308,objetivo,aim
1309,repente,suddenly
1310,debía,I should
1311,rojo,red
1312,bromeando,joking
1313,irá,gonna
1314,entrada,entrance
1315,doble,double
1316,dejaré,I will leave
1317,evitar,avoid
1318,máquina,machine
1319,cuello,neck
1320,conocí,I met
1321,tiempos,time
1322,tome,take
1323,nick,Nick
1324,animales,animals
1325,alex,Alex
1326,acaso,perhaps
1327,tuviera,had
1328,pareja,couple
1329,verano,summer
1330,escuché,listen
1331,ama,loves
1332,serás,you will be
1333,mentira,lie
1334,tarjeta,card
1335,hagan,do
1336,perdí,I lost
1337,correr,run
1338,steve,Steve
1339,traído,brought
1340,llegue,I arrived
1341,preparado,prepared
1342,haberlo,to have it
1343,tony,Tony
1344,usa,use
1345,intentar,attempt
1346,ayudarme,help me
1347,flores,flowers
1348,dando,giving
1349,vos,you
1350,opción,option
1351,isla,island
1352,cierra,close
1353,piel,fur
1354,enemigo,enemy
1355,dejo,let
1356,exacto,exact
1357,imbécil,moron
1358,jóvenes,youths
1359,pedido,order
1360,larga,long
1361,entiende,understands
1362,justicia,justice
1363,nuevos,new
1364,obviamente,obviously
1365,despierta,wake up
1366,pido,I ask
1367,calor,heat
1368,luces,lights
1369,refiero,I mean
1370,fuimos,went
1371,batalla,battle
1372,déjalo,Leave it.
1373,intenta,try
1374,sarah,Sarah
1375,fantástico,fantastic
1376,brazo,arm
1377,absolutamente,absolutely
1378,llena,full
1379,hacerme,make me
1380,salga,exit
1381,recordar,remember
1382,escapar,escape
1383,bosque,forest
1384,gay,gay
1385,señores,sirs
1386,quedan,remain
1387,piernas,legs
1388,visita,visit
1389,parís,Paris
1390,usando,wearing
1391,ganado,cattle
1392,movimiento,motion
1393,blanca,white
1394,rico,rich
1395,inocente,innocent
1396,pesar,weigh
1397,absoluto,absolute
1398,vacaciones,vacation
1399,um,um
1400,mismos,same
1401,tomado,taken
1402,habías,you had
1403,planes,plans
1404,cine,cinema
1405,toca,touch
1406,brillante,bright
1407,confianza,trust
1408,vuestra,your
1409,nombres,names
1410,especialmente,especially
1411,fbi,FBI
1412,embarazada,pregnant
1413,esperen,wait
1414,pantalones,pants
1415,defensa,defense
1416,terminó,term
1417,salido,left
1418,estupendo,great
1419,jane,Jane
1420,presión,pressure
1421,inmediatamente,immediately
1422,testigo,witness
1423,deberían,should
1424,olvidado,forgotten
1425,soldados,soldiers
1426,resulta,it turns out
1427,tommy,Tommy
1428,depende,depends
1429,motivo,reason
1430,inglés,English
1431,suya,his
1432,estudio,study
1433,acabar,end
1434,sentimientos,feelings
1435,tomando,taking
1436,dieron,they gave
1437,parecen,they seem
1438,llaves,keys
1439,perros,dogs
1440,propósito,purpose
1441,noticia,news
1442,partir,to start
1443,vuestro,your
1444,metros,meters
1445,santa,holy
1446,quedarse,stay
1447,clientes,customers
1448,podrá,will be able to
1449,cuántas,how many
1450,ridículo,ridiculous
1451,damas,ladies
1452,estuviste,you were
1453,tranquila,peaceful
1454,operación,operation
1455,come,eat
1456,empresa,company
1457,ayúdame,help me
1458,laboratorio,laboratory
1459,elección,choice
1460,menudo,slight
1461,beso,kiss
1462,copa,cup
1463,conversación,conversation
1464,brazos,arms
1465,espíritu,spirit
1466,dejas,you leave
1467,cansado,tired
1468,interesa,interested
1469,refieres,you mean
1470,casado,married
1471,enorme,enormous
1472,asuntos,matters
1473,fe,faith
1474,muestra,sample
1475,trampa,trap
1476,ray,ray
1477,billy,Billy
1478,memoria,memory
1479,johnny,Johnny
1480,contrario,contrary
1481,soldado,soldier
1482,subir,increase
1483,turno,shift
1484,encantaría,I would love to
1485,preocupado,concerned
1486,restaurante,restaurant
1487,saliendo,leaving
1488,escrito,written
1489,cálmate,calm down
1490,bienvenida,welcome
1491,caer,fall
1492,llevaré,I will take
1493,leche,milk
1494,estrellas,stars
1495,prefiero,prefer
1496,red,grid
1497,viejos,old
1498,solamente,only
1499,oiga,Listen
1500,estén,are
1501,cuentas,accounts
1502,taxi,Taxi
1503,anillo,ring
1504,richard,Richard
1505,preguntar,ask
1506,victoria,victory
1507,quiénes,who
1508,héroe,hero
1509,pequeños,small
1510,decidido,decided
1511,películas,movies
1512,responsable,responsible
1513,trago,drink
1514,volverá,will return
1515,árbol,tree
1516,ibas,you were
1517,dientes,teeth
1518,encantado,delighted
1519,camión,truck
1520,vender,sell
1521,llame,call
1522,detente,stop
1523,luchar,struggle
1524,cabo,cape
1525,ruido,noise
1526,lucha,struggle
1527,muere,dies
1528,reloj,clock
1529,gato,cat
1530,averiguar,figure out
1531,volar,fly
1532,vayamos,Let's go
1533,tanta,so much
1534,vendrá,will come
1535,corriendo,in a hurry
1536,yendo,going
1537,colegio,school
1538,sonido,sound
1539,caballero,gentleman
1540,pasada,pass
1541,código,code
1542,hagamos,Let's do it
1543,imagen,image
1544,riesgo,risk
1545,llegamos,we arrived
1546,alguno,some
1547,pan,bread
1548,millón,million
1549,malas,bad
1550,dama,lady
1551,hielo,ice
1552,coño,Pussy
1553,cayó,fell
1554,prensa,press
1555,querer,want
1556,vengan,come
1557,eddie,Eddie
1558,caminar,walk
1559,televisión,television
1560,pasará,will happen
1561,momentos,moments
1562,coger,take
1563,posibilidad,possibility
1564,hubiese,there would have
1565,mark,mark
1566,asiento,seat
1567,tuviste,you had
1568,herido,wounded
1569,maría,Maria
1570,seguramente,surely
1571,proyecto,project
1572,pared,wall
1573,sentí,I felt
1574,sospechoso,suspicious
1575,naturaleza,nature
1576,ésa,that
1577,silla,chair
1578,perdió,lost
1579,robert,Robert
1580,policías,police
1581,arreglar,arrange
1582,sentado,sitting
1583,papi,daddy
1584,ideas,ideas
1585,obtener,obtain
1586,felices,happy
1587,señoría,lordship
1588,cantidad,amount
1589,bebe,baby
1590,mírame,Look at me
1591,chris,Chris
1592,papa,dad
1593,llorar,cry
1594,quedó,It remained
1595,familiar,familiar
1596,desastre,disaster
1597,locos,crazy
1598,escuche,listen
1599,quedarte,stay
1600,política,policy
1601,pedí,I asked
1602,sois,you are
1603,nosotras,us
1604,will,will
1605,enfermedad,disease
1606,encontraron,they found
1607,colega,colleague
1608,príncipe,prince
1609,verde,green
1610,bajar,lower
1611,nervioso,highly strung
1612,vengo,come
1613,inspector,inspector
1614,sirve,It serves
1615,puertas,doors
1616,fuerzas,forces
1617,playa,beach
1618,cantar,sing
1619,déjeme,leave me
1620,velocidad,speed
1621,total,total
1622,cabello,hair
1623,suficientemente,enough
1624,huellas,footprints
1625,haberte,to have you
1626,debí,I should have
1627,unidad,unit
1628,estan,are
1629,cuchillo,knife
1630,t,t
1631,oigan,listen
1632,quienes,who
1633,gana,win
1634,tonterías,foolishness
1635,emergencia,emergency
1636,perfecta,perfect
1637,hable,speak
1638,gustaba,I liked
1639,lugares,places
1640,ryan,Ryan
1641,show,show
1642,robo,heist
1643,permite,allows
1644,parque,park
1645,uds.,You.
1646,roto,broken
1647,serie,series
1648,puse,I put
1649,nuevas,new
1650,evidencia,evidence
1651,conocerte,know you
1652,estúpida,stupid
1653,preocupe,worry
1654,perdone,excuse me
1655,botella,bottle
1656,viento,wind
1657,mando,command
1658,extraña,strange
1659,historias,stories
1660,aquella,that
1661,tenéis,you have
1662,solos,alone
1663,apoyo,support
1664,bala,bullet
1665,verdadera,true
1666,tiro,shot
1667,época,time
1668,puente,bridge
1669,olvídalo,forget it
1670,distancia,distance
1671,desea,wishes
1672,dejarlo,leave it
1673,pelear,fight
1674,pierna,leg
1675,echar,throw
1676,descanso,rest
1677,américa,America
1678,área,area
1679,orgulloso,proud
1680,datos,data
1681,espectáculo,show
1682,sube,goes up
1683,dejaste,you left
1684,acabas,you finish
1685,verá,you will see
1686,magia,magic
1687,nacional,national
1688,universo,universe
1689,llevaba,I was wearing
1690,necesitar,need
1691,nariz,nose
1692,aquellos,those
1693,clases,classes
1694,jake,Jake
1695,casas,houses
1696,vergüenza,shame
1697,estarán,will be
1698,monstruo,monster
1699,princesa,princess
1700,autobús,bus
1701,cuidar,care
1702,ei,ei
1703,huevos,eggs
1704,pocos,few
1705,podrás,you will be able to
1706,enferma,sick
1707,paseo,walk
1708,detalles,details
1709,llamadas,calls
1710,belleza,beauty
1711,francia,France
1712,abierto,open
1713,viviendo,living
1714,envió,shipment
1715,puntos,points
1716,ministro,minister
1717,conducir,drive
1718,aceptar,accept
1719,borracho,drunk
1720,animal,animal
1721,caballos,horses
1722,trajo,brought
1723,contrato,contract
1724,viernes,Friday
1725,bobby,Bobby
1726,martin,martin
1727,amy,Amy
1728,bienvenidos,welcome
1729,ex,ex
1730,hechos,facts
1731,sociedad,society
1732,dra.,Dr.
1733,tengan,have
1734,quede,stay
1735,inglaterra,England
1736,carga,burden
1737,diste,you gave
1738,puto,fucking
1739,lleve,take
1740,presente,present
1741,conocía,I knew
1742,uso,use
1743,dedos,fingers
1744,oferta,offer
1745,sentía,I felt
1746,proteger,protect
1747,daniel,Daniel
1748,date,date
1749,hiciera,would
1750,hablé,I spoke
1751,recibir,receive
1752,agradezco,I appreciate it
1753,robar,steal
1754,enamorado,in love
1755,sepas,know
1756,oeste,west
1757,herida,wound
1758,despacio,slowly
1759,ayude,help
1760,supe,I knew
1761,directamente,directly
1762,inmediato,immediate
1763,profesional,professional
1764,oscuro,dark
1765,mercado,market
1766,cerdo,pig
1767,tardes,afternoon
1768,líder,leader
1769,grave,serious
1770,llegué,I arrived
1771,jurado,jury
1772,casos,cases
1773,acuerdas,do you agree
1774,ahi,there
1775,desaparecido,missing
1776,debió,should have
1777,hubieras,you would have
1778,últimamente,lately
1779,piedra,stone
1780,éramos,we were
1781,habló,speak
1782,charles,Charles
1783,paga,pay
1784,secretos,secrets
1785,digamos,let's say
1786,intención,intention
1787,humor,humor
1788,dura,hard
1789,dará,will give
1790,seguros,insurance
1791,leo,I read
1792,adam,Adam
1793,and,and
1794,ángeles,angels
1795,querría,I would like
1796,cerrar,close
1797,conseguido,achieved
1798,peso,weight
1799,víctimas,victims
1800,asesinado,murdered
1801,humana,human
1802,directo,straight
1803,central,central
1804,termina,ends
1805,compañeros,companions
1806,escuchado,listened
1807,contento,glad
1808,llevan,They carry
1809,podré,I will be able to
1810,oscuridad,darkness
1811,actuar,act
1812,siga,follow
1813,llevado,carried
1814,comenzó,began
1815,regresa,return
1816,privado,private
1817,mirada,look
1818,demonio,devil
1819,abierta,open
1820,kevin,Kevin
1821,m,m
1822,llámame,call me
1823,siguen,they continue
1824,romper,break
1825,cambia,changes
1826,fiscal,fiscal
1827,jardín,garden
1828,natural,natural
1829,gratis,free
1830,cuesta,costs
1831,amenaza,threat
1832,pon,put
1833,marca,brand
1834,comenzar,begin
1835,ponte,put on
1836,medicina,medicine
1837,podremos,we will be able to
1838,tomé,I took
1839,preciosa,lovely
1840,sexual,sexual
1841,acceso,access
1842,necesidad,need
1843,dueño,owner
1844,merece,deserves
1845,rayos,good heavens
1846,d,d
1847,mintiendo,lying
1848,tantas,so many
1849,imagino,I imagine
1850,fantasma,ghost
1851,creerlo,believe it
1852,llamé,I called
1853,ponga,put
1854,brian,Brian
1855,dé,of
1856,pollo,chicken
1857,varios,several
1858,efecto,effect
1859,felicidad,happiness
1860,espada,sword
1861,relaciones,relations
1862,entró,entered
1863,resultado,result
1864,sombrero,hat
1865,menor,minor
1866,recibido,received
1867,negra,black
1868,to,to
1869,habido,there have been
1870,limpio,clean
1871,china,China
1872,juegos,games
1873,correo,mail
1874,confía,trust
1875,video,video
1876,perfectamente,perfectly
1877,harán,they will
1878,teatro,theater
1879,dormido,asleep
1880,local,local
1881,quedado,left
1882,lástima,pity
1883,calles,streets
1884,créeme,believe me
1885,responsabilidad,responsibility
1886,búsqueda,search
1887,dedo,finger
1888,tonta,silly
1889,recuerdos,memories
1890,razones,reasons
1891,escuchando,listening
1892,eric,Eric
1893,elegir,choose
1894,amas,love
1895,huele,smells
1896,almuerzo,lunch
1897,cien,hundred
1898,adn,DNA
1899,tantos,so many
1900,pago,pay
1901,normalmente,normally
1902,mr,Mr.
1903,pastel,cake
1904,bastardo,bastard
1905,cinta,tape
1906,pasé,happens
1907,dígame,tell me
1908,anna,Anna
1909,costa,coast
1910,levántate,Get up
1911,llamando,calling
1912,cerrado,closed
1913,enfermera,nurse
1914,comienzo,beginning
1915,olvidé,forget
1916,fuese,were
1917,militar,military
1918,polvo,dust
1919,bella,pretty
1920,quedo,I remain
1921,kate,Kate
1922,encontraste,you found
1923,voluntad,willpower
1924,varias,several
1925,teoría,theory
1926,roja,red
1927,cuento,tale
1928,escenario,scenery
1929,diario,diary
1930,propiedad,property
1931,agujero,hole
1932,aspecto,aspect
1933,campamento,camp
1934,descansar,rest
1935,matarme,kill me
1936,metido,put
1937,quiso,wanted
1938,ángel,angel
1939,enviar,send
1940,impresionante,awesome
1941,proceso,process
1942,intentado,attempted
1943,mio,mine
1944,fuente,fountain
1945,alcalde,mayor
1946,ocurrido,happened
1947,malos,bad
1948,carretera,road
1949,desapareció,disappeared
1950,desayuno,breakfast
1951,débil,weak
1952,roma,Rome
1953,sabido,known
1954,comienza,starts
1955,tambien,also
1956,intentarlo,try
1957,miembro,member
1958,perdiendo,losing
1959,hayan,have
1960,fueras,you were
1961,resultados,results
1962,jerry,Jerry
1963,mata,kills
1964,sr,Mr
1965,valiente,brave
1966,deber,duty
1967,pecho,chest
1968,gustó,taste
1969,oyes,hear
1970,thomas,Thomas
1971,periódico,newspaper
1972,mami,Mommy
1973,piensan,they think
1974,washington,Washington
1975,tv,TV
1976,cansada,tired
1977,limpiar,clean
1978,crear,create
1979,explicar,explain
1980,robado,stolen
1981,resolver,solve
1982,maté,mate
1983,guapo,handsome
1984,continuar,continue
1985,sheriff,sheriff
1986,funcionar,work
1987,extra,extra
1988,primo,cousin
1989,manejar,drive
1990,primeros,first
1991,acto,act
1992,poniendo,putting
1993,números,numbers
1994,kilómetros,kilometers
1995,andy,Andy
1996,llevará,will take
1997,rachel,Rachel
1998,niñas,girls
1999,premio,prize
2000,internet,Internet
2001,harías,would you
2002,inútil,useless
2003,domingo,Sunday
2004,tomas,shots
2005,sensación,sensation
2006,alcohol,alcohol
2007,tercera,third
2008,agentes,agents
2009,disculpas,apologies
2010,antiguo,ancient
2011,guapa,pretty
2012,asustado,scared
2013,puedan,may
2014,sexy,sexy
2015,genio,genius
2016,recuperar,recover
2017,creemos,we believe
2018,lengua,language
2019,ladrón,thief
2020,intenté,I tried
2021,examen,exam
2022,deprisa,hurry
2023,montaña,mountain
2024,durmiendo,sleeping
2025,disparar,shoot
2026,entrenador,coach
2027,queso,cheese
2028,entero,whole
2029,papeles,papers
2030,pones,you put
2031,modelo,model
2032,fútbol,soccer
2033,detener,arrest
2034,lados,sides
2035,miembros,members
2036,sábado,Saturday
2037,pongo,put
2038,mataron,killed
2039,vuelvas,come back
2040,talento,talent
2041,descubrir,discover
2042,gordo,fat
2043,tribunal,court
2044,toque,touch
2045,wow,wow
2046,hables,speak
2047,conocemos,we know
2048,haberme,to have me
2049,dispuesto,willing
2050,tamaño,size
2051,dejen,leave
2052,maravillosa,wonderful
2053,invitado,guest
2054,importantes,important
2055,derechos,rights
2056,scott,Scott
2057,declaración,statement
2058,claramente,clearly
2059,pacientes,patients
2060,pérdida,loss
2061,in,in
2062,iban,they were going
2063,pudiste,were you able
2064,profundo,deep
2065,gas,gas
2066,aeropuerto,airport
2067,consigue,get
2068,olvidar,forget
2069,gloria,glory
2070,olvides,forget
2071,volviendo,returning
2072,coge,take
2073,fué,was
2074,llamaba,I called
2075,pete,Pete
2076,tendrán,they will have
2077,instituto,institute
2078,disparo,shot
2079,encuentras,you find
2080,querían,they wanted
2081,hablemos,Let's talk
2082,dia,day
2083,enviado,sent
2084,pertenece,belongs
2085,sienta,sit
2086,pensó,he thought
2087,cadáver,corpse
2088,gracia,funny
2089,doctora,doctor
2090,escuchen,listen
2091,amante,lover
2092,temporada,season
2093,kim,Kim
2094,cuerpos,bodies
2095,amigas,friends
2096,larry,Larry
2097,preguntaba,I was asking
2098,francés,French
2099,mataste,you killed
2100,techo,ceiling
2101,íbamos,we were
2102,protección,protection
2103,médicos,doctors
2104,lisa,Lisa
2105,venganza,revenge
2106,pensamos,we think
2107,walter,Walter
2108,contó,told
2109,discutir,discuss
2110,comprendo,understand
2111,idiotas,idiots
2112,enemigos,enemies
2113,camisa,shirt
2114,superior,superior
2115,criminal,criminal
2116,preocupada,worried
2117,bote,boat
2118,escribió,wrote
2119,llevamos,we carry
2120,testigos,witnesses
2121,recoger,collect
2122,emily,Emily
2123,truco,trick
2124,jason,Jason
2125,original,original
2126,pide,asks
2127,jeff,Jeff
2128,rosa,pink
2129,mama,mother
2130,negros,black
2131,sobrevivir,survive
2132,rostro,face
2133,crédito,credit
2134,compartir,share
2135,saca,take out
2136,irás,you will go
2137,pequeñas,small
2138,veía,I saw
2139,empezando,starting
2140,registro,record
2141,continúa,continues
2142,grandioso,magnificent
2143,viniste,you came
2144,esquina,corner
2145,contado,counted
2146,tengamos,let's have
2147,cientos,hundreds
2148,tormenta,storm
2149,relájate,relax
2150,siéntese,sit down
2151,chocolate,chocolate
2152,matt,Matt
2153,pedazo,piece
2154,tomo,took
2155,olor,smell
2156,ciencia,science
2157,kelly,Kelly
2158,conexión,connection
2159,vieron,they saw
2160,salón,lounge
2161,sucio,dirty
2162,firma,signature
2163,vimos,we saw
2164,pidiendo,asking
2165,casarse,marry
2166,bebida,drink
2167,tercer,third
2168,propios,own
2169,fuertes,strong
2170,lluvia,rain
2171,recién,newly
2172,tomaré,I will take
2173,complicado,complicated
2174,europa,Europe
2175,toques,touches
2176,cámaras,cameras
2177,visión,vision
2178,llego,arrive
2179,americano,American
2180,diversión,fun
2181,pareció,it seemed
2182,libras,pounds
2183,curso,course
2184,disco,disk
2185,probable,likely
2186,precioso,precious
2187,tenia,had
2188,lago,lake
2189,leído,read
2190,consiguió,got
2191,parecido,similar
2192,material,material
2193,discurso,speech
2194,entera,entire
2195,it,Item
2196,corta,short
2197,completa,complete
2198,decirles,tell them
2199,lunes,Monday
2200,efectivo,cash
2201,cura,healing
2202,antigua,ancient
2203,hablan,they speak
2204,juntas,together
2205,william,William
2206,cáncer,cancer
2207,funeral,funeral
2208,jodido,fucking
2209,dave,Dave
2210,artista,artist
2211,favorito,favorite
2212,guste,like
2213,cae,falls
2214,termine,I finished
2215,entrevista,interview
2216,sir,sir
2217,pintura,paint
2218,quieto,still
2219,falso,fake
2220,india,India
2221,corto,short
2222,inteligencia,intelligence
2223,destruir,destroy
2224,cargos,charges
2225,podías,you could
2226,mentiras,lies
2227,señoras,ladies
2228,helado,frozen
2229,felicidades,congratulations
2230,camioneta,van
2231,mueve,move
2232,aparte,apart
2233,rock,rock
2234,tumba,grave
2235,seguimos,we continue
2236,hablaba,I was talking
2237,verle,see him
2238,mapa,map
2239,tarea,task
2240,cambió,change
2241,móvil,mobile
2242,equivocada,wrong
2243,responder,reply
2244,vacío,empty
2245,felicitaciones,congratulations
2246,computadora,computer
2247,estudiante,student
2248,muriendo,dying
2249,construir,build
2250,conocen,they know
2251,clara,clear
2252,solución,solution
2253,mundial,world
2254,plato,dish
2255,famoso,famous
2256,des,from
2257,dirá,will say
2258,ambas,both
2259,tecnología,technology
2260,notas,grades
2261,malditos,damned
2262,cabrón,bastard
2263,condiciones,conditions
2264,dudo,I doubt
2265,robó,heist
2266,escucho,I'm listening
2267,laura,Laura
2268,rápidamente,quickly
2269,bordo,board
2270,nieve,snow
2271,mensajes,messages
2272,fecha,date
2273,violencia,violence
2274,n,n
2275,sujeto,subject
2276,acciones,shares
2277,fría,cold
2278,droga,drug
2279,saldrá,will come out
2280,suponía,I assumed
2281,empezamos,we begin
2282,errores,errors
2283,grace,grace
2284,siglo,century
2285,molesto,annoying
2286,acabamos,we just finished
2287,sabéis,you know
2288,cortar,cut
2289,seria,I would be
2290,muevas,move
2291,fortuna,fortune
2292,of,of
2293,imaginar,imagine
2294,archivos,files
2295,presencia,presence
2296,familias,families
2297,ey,Hey
2298,quedas,you remain
2299,solas,alone
2300,oficiales,officers
2301,aventura,adventure
2302,gira,tour
2303,social,social
2304,comunidad,community
2305,annie,Annie
2306,alan,Alan
2307,cero,zero
2308,clark,Clark
2309,esperamos,we hope
2310,ocupada,busy
2311,muévete,move
2312,convertido,converted
2313,carl,Carl
2314,pieza,part
2315,estómago,stomach
2316,disparó,shot
2317,legal,legal
2318,conseguí,I got
2319,emma,Emma
2320,carter,sump
2321,california,California
2322,rara,strange
2323,estudiantes,students
2324,reino,kingdom
2325,alegría,happiness
2326,barrio,neighborhood
2327,granja,farm
2328,podéis,you can
2329,esfuerzo,effort
2330,trabajaba,I worked
2331,claire,Claire
2332,perdóname,forgive me
2333,tesoro,treasure
2334,empleo,employment
2335,compré,I bought
2336,cirugía,surgery
2337,dejamos,we left
2338,busco,look for
2339,trabajas,you work
2340,clave,clue
2341,aparentemente,apparently
2342,bravo,Bravo
2343,ed,ed
2344,desearía,I would like
2345,cerrada,closed
2346,new,new
2347,chicago,Chicago
2348,controlar,check
2349,pregunté,I asked
2350,mostrar,show
2351,piloto,pilot
2352,pocas,few
2353,tuvieron,they had
2354,ayudarle,help him
2355,bolso,bag
2356,llorando,crying
2357,kyle,Kyle
2358,duerme,sleep
2359,dejarme,leave me
2360,intentó,tried
2361,respirar,breathe
2362,aparece,appears
2363,campaña,Campaign
2364,amistad,friendship
2365,corriente,current
2366,viven,they live
2367,huesos,bones
2368,invitados,guests
2369,planta,plant
2370,ritmo,rhythm
2371,respuestas,answers
2372,socio,partner
2373,esperas,waits
2374,caído,fallen
2375,motor,engine
2376,mono,bun
2377,llevaron,they took
2378,página,page
2379,poquito,a little
2380,u,or
2381,habíamos,we had
2382,encontraremos,we will find
2383,ruego,request
2384,dejan,leave
2385,aburrido,bored
2386,paquete,package
2387,casada,married
2388,llevarte,take you
2389,ted,ted
2390,combate,combat
2391,útil,useful
2392,castillo,castle
2393,bola,ball
2394,canciones,songs
2395,mataré,I will kill
2396,muchísimo,lot
2397,asistente,assistant
2398,llegaron,they arrived
2399,correcta,correct
2400,pondré,I will put
2401,simon,Simon
2402,comido,eaten
2403,salgan,leave
2404,empecé,I started
2405,tirar,throw
2406,pasan,pass
2407,cierta,certain
2408,honesto,honest
2409,carro,car
2410,limpia,clean
2411,volví,I returned
2412,confío,I trust
2413,venta,sale
2414,huir,flee
2415,apareció,appeared
2416,vais,you go
2417,compromiso,commitment
2418,gustas,you like
2419,aseguro,I assure
2420,ira,gonna
2421,promesa,promise
2422,decírselo,tell him
2423,cuáles,which
2424,compras,shopping
2425,importancia,importance
2426,lección,lesson
2427,hablaré,I will speak
2428,hacerse,become
2429,personalmente,personally
2430,roger,Roger
2431,luke,Luke
2432,bolsillo,pocket
2433,enojado,angry
2434,desgracia,misfortune
2435,artículo,article
2436,labios,lips
2437,cola,line
2438,estemos,let's be
2439,whisky,whiskey
2440,taza,cup
2441,despues,after
2442,gary,Gary
2443,preguntarte,ask you
2444,pelota,ball
2445,caminando,walking
2446,andar,walk
2447,crea,creates
2448,chaqueta,jacket
2449,importaría,would matter
2450,den,den
2451,llegará,will arrive
2452,interesado,interested
2453,atrapado,trapped
2454,supiera,I knew
2455,matarlo,kill him
2456,árboles,trees
2457,obvio,obvious
2458,amaba,loved
2459,hablaremos,we'll talk
2460,entrenamiento,training
2461,pescado,fish
2462,últimas,latest
2463,pobres,poor
2464,dioses,gods
2465,nerviosa,nervous
2466,vueltas,turns
2467,encontrarlo,find it
2468,autos,cars
2469,alice,Alice
2470,preguntarle,ask him
2471,lucy,Lucy
2472,abrigo,coat
2473,okay,OK
2474,estudiar,study
2475,b,b
2476,sonrisa,smile
2477,cobarde,coward
2478,olvida,forget
2479,secundaria,secondary
2480,descubierto,uncovered
2481,convirtió,converted
2482,coches,cars
2483,venía,permission
2484,josh,Josh
2485,charla,chat
2486,vives,live
2487,bruja,witch
2488,c,c
2489,celular,cellular
2490,rose,rose
2491,rompió,broke
2492,andando,walking
2493,vean,see
2494,conseguiste,you got
2495,susan,Susan
2496,veinte,twenty
2497,encargo,charge
2498,matarte,kill you
2499,palacio,palace
2500,convierte,converts
2501,ja,yes
2502,vivos,alive
2503,pasamos,we spent
2504,firme,firm
2505,daría,would give
2506,piense,think
2507,oigo,I hear
2508,phil,Phil
2509,sorprende,surprising
2510,alemanes,Germans
2511,milagro,miracle
2512,soportar,bear
2513,dejaron,left
2514,smith,smith
2515,disculpen,excuse me
2516,moda,fashion
2517,despacho,dispatch
2518,vecinos,neighbors
2519,vaso,glass
2520,dejarte,leave you
2521,explosión,burst
2522,poderes,powers
2523,regla,ruler
2524,acaban,end
2525,copia,copy
2526,siguiendo,following
2527,viajar,travel
2528,cadena,chain
2529,fábrica,factory
2530,mantiene,maintains
2531,meter,put
2532,contenta,happy
2533,comiendo,eating
2534,educación,education
2535,maneras,ways
2536,fumar,smoke
2537,encantador,charming
2538,cuantos,how many
2539,homicidio,homicide
2540,madera,wood
2541,mayores,older
2542,grado,degree
2543,tratamiento,treatment
2544,blancos,whites
2545,lord,lord
2546,anterior,former
2547,comisario,commissar
2548,pizza,pizza
2549,millas,miles
2550,tira,strip
2551,fueran,were
2552,cumplir,achieve
2553,plata,silver
2554,quedará,will remain
2555,quedaré,I will stay
2556,aléjate,walk away
2557,decidir,decide
2558,lío,mess
2559,preguntó,asked
2560,agencia,agency
2561,humanidad,humanity
2562,usado,used
2563,guardias,guards
2564,parada,stop
2565,leyes,laws
2566,funcionó,It worked
2567,odia,hates
2568,levanta,lift
2569,mires,look
2570,respira,breathe
2571,escaleras,stairs
2572,decisiones,decisions
2573,queréis,do you want
2574,salvaje,wild
2575,preguntando,asking
2576,pasos,steps
2577,ambulancia,ambulance
2578,traducción,translation
2579,trabajado,worked
2580,básicamente,basically
2581,tratado,treaty
2582,parado,stationary
2583,especiales,special
2584,mentiroso,liar
2585,libres,free
2586,servicios,services
2587,pedirle,ask
2588,vivía,lived
2589,medios,media
2590,compra,buys
2591,conocimiento,knowledge
2592,armario,cupboard
2593,lobo,wolf
2594,quedamos,we agreed
2595,ciertamente,certainly
2596,permitir,allow
2597,tráfico,traffic
2598,uniforme,uniform
2599,estuvimos,we were
2600,alemania,Germany
2601,suave,gentle
2602,propias,own
2603,balas,bullets
2604,asqueroso,disgusting
2605,ciento,hundred
2606,invierno,winter
2607,consigo,with him
2608,encuentre,find
2609,jenny,Jenny
2610,conductor,driver
2611,equipos,teams
2612,arena,sand
2613,park,park
2614,licencia,license
2615,tíos,uncles
2616,jackson,Jackson
2617,dijera,said
2618,espejo,mirror
2619,marina,marine
2620,matando,killing
2621,seres,beings
2622,fiestas,parties
2623,mover,move
2624,coincidencia,coincidence
2625,análisis,analysis
2626,llegando,arriving
2627,azúcar,sugar
2628,tim,tim
2629,casar,marry
2630,sótano,basement
2631,volvamos,Let's go back
2632,sabrá,will know
2633,taylor,Taylor
2634,ocasión,chance
2635,cheque,check
2636,revisar,review
2637,ponerme,put on
2638,suceder,happen
2639,acusado,accused
2640,dímelo,tell me
2641,quedé,I was left
2642,conciencia,awareness
2643,doc,doc
2644,pesadilla,nightmare
2645,sopa,soup
2646,saltar,hop
2647,heridas,wounds
2648,pienses,think
2649,suicidio,suicide
2650,llamarme,call me
2651,posibilidades,odds
2652,elegido,elected
2653,divorcio,divorce
2654,registros,records
2655,recibí,I received
2656,joey,Joey
2657,escuchas,listen
2658,mirad,Behold
2659,pierde,loses
2660,abogados,lawyers
2661,trataba,it was about
2662,americanos,Americans
2663,llevando,carrying
2664,miel,Honey
2665,regrese,I returned
2666,dilo,say it
2667,hermanas,sisters
2668,alemán,German
2669,iría,I would go
2670,lady,lady
2671,salí,I left
2672,particular,particular
2673,miras,sights
2674,frontera,border
2675,ventaja,advantage
2676,alerta,alert
2677,piscina,pool
2678,regalos,gifts
2679,comportamiento,behavior
2680,julia,Julia
2681,señales,signs
2682,salimos,we left
2683,revista,magazine
2684,hecha,made
2685,imágenes,images
2686,llegas,you arrive
2687,rápida,quick
2688,canal,channel
2689,paciencia,patience
2690,sacado,taken
2691,echo,echo
2692,crisis,crisis
2693,asesinos,murderers
2694,oíste,did you hear
2695,dejando,leaving
2696,estarías,you would be
2697,anteriormente,previously
2698,vigilancia,surveillance
2699,desierto,desert
2700,asustada,scared
2701,cuerda,rope
2702,míos,mine
2703,chuck,Chuck
2704,seguido,continued
2705,seremos,we will be
2706,morgan,Morgan
2707,pene,penis
2708,despierto,awake
2709,gobernador,governor
2710,sección,section
2711,casarme,get married
2712,trabajos,jobs
2713,karen,Karen
2714,preparados,prepared
2715,murieron,died
2716,oso,bear
2717,curiosidad,curiosity
2718,vd.,you.
2719,hank,hank
2720,impresión,impression
2721,pez,fish
2722,pasaba,was
2723,escuchaste,did you hear
2724,torre,tower
2725,sientas,feel
2726,mentir,lie
2727,pasillo,aisle
2728,juega,play
2729,suéltame,Let me go
2730,arresto,arrest
2731,ricos,rich
2732,sencillo,simple
2733,ruta,route
2734,documentos,documents
2735,enamorada,in love
2736,apuesta,bet
2737,perdida,loss
2738,vinieron,they came
2739,ayudarnos,help us
2740,presento,I present
2741,hazme,make me
2742,leí,read
2743,arthur,Arthur
2744,virus,virus
2745,lárgate,Get out
2746,sigan,follow
2747,compró,bought
2748,servir,serve
2749,pongas,put
2750,alarma,alarm
2751,identidad,identity
2752,iguales,equal
2753,aviso,warning
2754,aprendido,learned
2755,caza,hunt
2756,daba,gave
2757,muchacha,girl
2758,permanecer,stay
2759,bebés,you drink
2760,opciones,options
2761,responde,reply
2762,vernos,see us
2763,julie,Julie
2764,llamaste,you called
2765,ponerse,to get
2766,sacó,sack
2767,orgullo,pride
2768,reales,real
2769,esperan,they expect
2770,vuelves,you come back
2771,maggie,Maggie
2772,serlo,to be
2773,cuantas,how many
2774,enfadado,angry
2775,ponen,they put
2776,altura,height
2777,jones,Jones
2778,archivo,archive
2779,fred,Fred
2780,ayudará,will help
2781,fácilmente,easily
2782,criatura,creature
2783,saco,sack
2784,precisamente,precisely
2785,máximo,maximum
2786,viniendo,coming
2787,vendría,would come
2788,louis,Louis
2789,ilegal,illegal
2790,refiere,refers to
2791,llamamos,we call
2792,versión,version
2793,incendio,fire
2794,preferiría,would rather
2795,gritar,shout
2796,recibió,received
2797,concierto,concert
2798,casualidad,chance
2799,excusa,excuse
2800,rodillas,knees
2801,cruz,cross
2802,dulces,sweets
2803,zorra,bitch
2804,cómodo,comfortable
2805,cruel,cruel
2806,sofá,couch
2807,perdiste,You lost
2808,encantadora,charming
2809,salgamos,Let's go out
2810,sombra,shade
2811,ganó,won
2812,encantada,nice to meet you
2813,firmar,sign
2814,escritorio,desk
2815,muñeca,doll
2816,rastro,trace
2817,gigante,giant
2818,pájaro,bird
2819,ducha,shower
2820,tomamos,we take
2821,déjenme,leave me
2822,condición,condition
2823,recompensa,reward
2824,doce,twelve
2825,actor,actor
2826,actitud,attitude
2827,cuida,take care
2828,salsa,dip
2829,hubieran,they would have
2830,carlos,Carlos
2831,personaje,character
2832,dudas,doubts
2833,jackie,Jackie
2834,cambios,changes
2835,votos,votes
2836,vivido,vivid
2837,perdimos,we lost
2838,suficientes,enough
2839,entrega,delivery
2840,comercial,commercial
2841,decidí,I decided
2842,tribu,tribe
2843,pura,pure
2844,volveremos,we will return
2845,voto,vote
2846,méxico,Mexico
2847,amar,love
2848,poderoso,powerful
2849,traigo,I bring
2850,asesinatos,murders
2851,fresco,cool
2852,privada,private
2853,seamos,Let us be
2854,guarda,guard
2855,orgullosa,proud
2856,vivimos,we live
2857,difíciles,difficult
2858,hagámoslo,Let's do it
2859,jefa,boss
2860,trató,deal
2861,senador,senator
2862,ayudando,helping
2863,campeón,champion
2864,bebiendo,drinking
2865,adorable,adorable
2866,ayudó,helped
2867,ciego,blind
2868,falsa,fake
2869,jo,jo
2870,sara,Sara
2871,bestia,beast
2872,alteza,Highness
2873,deseos,wishes
2874,episodio,episode
2875,celda,cell
2876,llevarlo,take it
2877,aguanta,hold on
2878,vengas,come
2879,jueves,Thursday
2880,montañas,mountains
2881,pensamientos,thoughts
2882,medianoche,midnight
2883,llevarme,take me
2884,garganta,throat
2885,sesión,session
2886,pensaste,you thought
2887,diles,tell them
2888,muera,die
2889,coma,coma
2890,sentimos,we are sorry
2891,creas,you create
2892,escribe,writes
2893,identificación,ID
2894,circunstancias,circumstances
2895,preguntado,asked
2896,veneno,poison
2897,primavera,spring
2898,súper,super
2899,vuestros,your
2900,queríamos,we wanted
2901,aquello,that
2902,preocuparse,worry
2903,martes,Tuesday
2904,feo,ugly
2905,cristo,Christ
2906,francisco,Francisco
2907,howard,Howard
2908,virgen,virgin
2909,distrito,district
2910,decidió,decided
2911,reputación,reputation
2912,socorro,relief
2913,encontraré,I will find
2914,castigo,punishment
2915,dígale,tell him
2916,límite,limit
2917,junta,board
2918,ponerte,put on
2919,casados,married
2920,líneas,lines
2921,estudios,studies
2922,muévanse,move
2923,audiencia,audience
2924,helen,Helen
2925,nació,was born
2926,mato,I kill
2927,jugador,player
2928,hmm,hmm
2929,humo,smoke
2930,popular,popular
2931,nación,nation
2932,conocimos,we met
2933,tropas,troops
2934,sucediendo,happening
2935,explicación,explanation
2936,salen,they leave
2937,discúlpeme,Excuse me
2938,presentar,introduce
2939,donna,donna
2940,celebrar,celebrate
2941,competencia,competence
2942,envía,send
2943,mantén,keep
2944,verlos,see them
2945,biblioteca,library
2946,fila,row
2947,ésto,this
2948,misterio,mystery
2949,ganador,winner
2950,puerto,port
2951,vehículo,vehicle
2952,escapó,escaped
2953,traeré,I will bring
2954,julio,July
2955,lograr,achieve
2956,desaparecer,disappear
2957,muero,I die
2958,quítate,get off
2959,favorita,favorite
2960,patio,yard
2961,golpeó,hit
2962,tontería,nuisance
2963,miss,Miss
2964,pecado,sin
2965,comité,committee
2966,preparada,prepared
2967,comprado,purchased
2968,parezca,it seems
2969,emocionante,exciting
2970,caras,faces
2971,rescate,rescue
2972,título,qualification
2973,llegaste,you arrived
2974,decírtelo,tell you
2975,adivina,guess
2976,elizabeth,Elizabeth
2977,pánico,panic
2978,barry,Barry
2979,quieran,want
2980,abby,Abby
2981,exterior,abroad
2982,pasión,passion
2983,llegan,they arrive
2984,preparar,prepare
2985,guau,Wow
2986,patrick,Patrick
2987,tierras,land
2988,demostrar,demonstrate
2989,elegante,elegant
2990,asegurarme,make sure
2991,visitar,visit
2992,asegúrate,make sure
2993,darles,give them
2994,cabezas,heads
2995,abra,open
2996,andrew,Andrew
2997,dean,dean
2998,ambiente,atmosphere
2999,conde,count
3000,urgente,urgent
3001,impuestos,taxes
3002,antonio,Antonio
3003,distinto,distinct
3004,encantan,I love them
3005,ron,rum
3006,marcas,brands
3007,ayudarlo,help him
3008,leyendo,reading
3009,adecuado,appropriate
3010,cajas,boxes
3011,abandonar,abandon
3012,dispara,shoot
3013,buscamos,we are looking for
3014,funcionando,working
3015,traté,I tried
3016,cia,Inc
3017,tomen,take
3018,darnos,give us
3019,intentas,you try
3020,lily,lily
3021,gustado,liked
3022,jamie,Jamie
3023,luchando,struggling
3024,apesta,It sucks
3025,volando,flying
3026,periódicos,newspapers
3027,lucas,Lucas
3028,detenido,arrested
3029,curioso,curious
3030,tetas,tits
3031,caro,expensive
3032,asco,disgust
3033,usó,use
3034,buscas,you are looking for
3035,amanda,Amanda
3036,salgo,I'm on my way out
3037,decirnos,tell us
3038,enseñó,taught
3039,rick,Rick
3040,mírate,look at yourself
3041,stan,stan
3042,debiste,You should have
3043,océano,ocean
3044,bolas,balls
3045,nuevamente,again
3046,damos,we give
3047,pagado,paid
3048,federal,federal
3049,cuán,how
3050,escalera,ladder
3051,acepto,I accept
3052,km,km
3053,terapia,therapy
3054,lágrimas,tears
3055,terreno,land
3056,autoridad,authority
3057,encuentran,find
3058,roca,rock
3059,superficie,surface
3060,cubierta,deck
3061,terry,Terry
3062,hierba,grass
3063,juan,Juan
3064,prometido,fiance
3065,crecer,grow
3066,mental,mental
3067,extranjero,foreign
3068,madame,Madame
3069,prometí,I promised
3070,mismas,same
3071,existen,there are
3072,veas,see
3073,lento,slow
3074,dirige,directs
3075,capaces,capable
3076,chino,Chinese
3077,vuelvan,come back
3078,meta,goal
3079,suelta,release
3080,despedida,farewell
3081,sucedido,happened
3082,pasta,paste
3083,cristal,glass
3084,vegas,Vegas
3085,gritando,screaming
3086,pare,stop
3087,peces,fish
3088,brown,brown
3089,guardar,keep
3090,podían,could
3091,sabían,they knew
3092,literalmente,literally
3093,salvó,except
3094,aprecio,appreciation
3095,fotografía,photograph
3096,patrón,pattern
3097,esposas,handcuffs
3098,king,king
3099,desafío,challenge
3100,asombroso,amazing
3101,pedazos,pieces
3102,robin,Robin
3103,sales,salts
3104,clínica,clinic
3105,atrapar,catch
3106,experto,expert
3107,medida,extent
3108,tele,TV
3109,desagradable,disgusting
3110,custodia,custody
3111,nacido,born
3112,anuncio,advertisement
3113,física,physics
3114,hollywood,Hollywood
3115,empezado,started
3116,ma,ma
3117,fiebre,fever
3118,johnson,Johnson
3119,compañera,partner
3120,ayudarla,help her
3121,desgraciado,unfortunate
3122,organización,organization
3123,echa,throw
3124,mina,mine
3125,honestamente,honestly
3126,deuda,debt
3127,digan,say
3128,transporte,transport
3129,cocinar,cook
3130,delicioso,delicious
3131,podíamos,we could
3132,greg,greg
3133,dirás,you will say
3134,habilidades,skills
3135,sentimiento,feeling
3136,pudieras,could
3137,golpes,blows
3138,nadar,swim
3139,operaciones,operations
3140,admitir,admit
3141,templo,temple
3142,adios,bye
3143,maravilla,wonder
3144,quita,remove
3145,mate,mate
3146,piano,piano
3147,bombas,bombs
3148,paredes,walls
3149,pantalla,screen
3150,italia,Italy
3151,pusieron,they put
3152,sally,Sally
3153,amén,amen
3154,mac,mac
3155,civil,civil
3156,fantasmas,ghosts
3157,gasolina,gasoline
3158,sabia,knew
3159,tyler,Tyler
3160,judíos,Jews
3161,s.,s.
3162,tripulación,crew
3163,pagan,pay
3164,arrestado,arrested
3165,extraños,strangers
3166,canta,sings
3167,texas,Texas
3168,estando,being
3169,flor,flower
3170,ricky,Ricky
3171,usan,use
3172,cruzar,cross
3173,esperemos,Let's hope
3174,guía,guide
3175,preocuparte,worry
3176,enseñar,teach
3177,irán,Iran
3178,conferencia,conference
3179,miro,I look
3180,habitaciones,rooms
3181,galletas,cookies
3182,hablarle,talk to him
3183,delito,crime
3184,atacar,attack
3185,objeto,object
3186,disparos,gunshots
3187,museo,museum
3188,ruedas,wheels
3189,recientemente,recently
3190,huevo,egg
3191,violación,rape
3192,regresó,return
3193,sufrir,suffer
3194,tina,tub
3195,terminamos,We finished
3196,disponible,available
3197,rica,rich
3198,habilidad,ability
3199,práctica,practice
3200,acabe,I finished
3201,amado,beloved
3202,haberle,to have
3203,volvemos,we're coming back
3204,tendrías,you would have
3205,maestra,teacher
3206,city,city
3207,pastillas,tablets
3208,aprendí,I learned
3209,cable,wire
3210,nacimiento,birth
3211,consciente,aware
3212,alcance,scope
3213,evento,event
3214,alquiler,rent
3215,ordenador,computer
3216,incidente,incident
3217,huh,huh
3218,escribí,I wrote
3219,estuvieron,were
3220,intentaré,I'll try
3221,pensamiento,thought
3222,metió,put
3223,maleta,suitcase
3224,condado,county
3225,piezas,parts
3226,ladrones,thieves
3227,metro,metro
3228,kilos,kilos
3229,recuerde,remember
3230,español,Spanish
3231,motivos,reasons
3232,explica,explains
3233,renunciar,give up
3234,actuación,performance
3235,refugio,shelter
3236,harto,fed up
3237,reacción,reaction
3238,paliza,beating
3239,chef,chef
3240,ocurra,occur
3241,marty,Marty
3242,l,l
3243,entrado,entered
3244,quitar,remove
3245,amanecer,sunrise
3246,molly,Molly
3247,corazones,hearts
3248,rumores,rumors
3249,llames,call
3250,celoso,jealous
3251,utilizar,use
3252,territorio,territory
3253,olvide,forget
3254,prácticamente,practically
3255,disfrutar,enjoy
3256,intentaba,I was trying
3257,vecino,neighbor
3258,pública,public
3259,collar,necklace
3260,golf,golf
3261,betty,Betty
3262,marco,frame
3263,cercano,nearby
3264,fondos,funds
3265,ross,Ross
3266,bruce,Bruce
3267,montar,mount
3268,salvado,bran
3269,grados,degrees
3270,dylan,Dylan
3271,moto,motorbike
3272,instrucciones,instructions
3273,treinta,thirty
3274,gordon,Gordon
3275,adonde,where to
3276,hablarte,talk to you
3277,jesse,Jesse
3278,emperador,emperor
3279,cigarrillo,cigarette
3280,cuéntame,tell me
3281,do,do
3282,secreta,secret
3283,haberse,to have
3284,hitler,Hitler
3285,anne,Anne
3286,mortal,mortal
3287,ronda,round
3288,cuídate,take care of yourself
3289,metal,metal
3290,puro,pure
3291,cierre,closing
3292,colores,colors
3293,eva,Eve
3294,rusia,Russia
3295,botón,button
3296,hijas,daughters
3297,tenerlo,to have it
3298,tono,tone
3299,espía,spy
3300,empleados,employees
3301,conduce,drives
3302,detalle,detail
3303,estuvieras,you were
3304,oliver,Oliver
3305,rusos,Russians
3306,déjala,Leave her alone
3307,crema,cream
3308,roy,Roy
3309,contesta,answer
3310,casarte,get married
3311,manda,command
3312,dias,days
3313,prisioneros,prisoners
3314,echado,lying
3315,trajiste,you brought
3316,charlotte,Charlotte
3317,flota,fleet
3318,marie,Marie
3319,criminales,criminals
3320,mmm,Hmm
3321,platos,dishes
3322,crímenes,crimes
3323,cometido,task
3324,golpear,hit
3325,igualmente,likewise
3326,dispararon,they shot
3327,dejará,will leave
3328,tontos,fools
3329,sabría,I would know
3330,abran,open
3331,ayudante,assistant
3332,cultura,culture
3333,revolución,revolution
3334,hombro,shoulder
3335,botas,boots
3336,adoro,I love it
3337,olvidó,forgot
3338,biblia,Bible
3339,saludos,greetings
3340,katie,Katie
3341,deme,give me
3342,adultos,adults
3343,sitios,sites
3344,serpiente,snake
3345,parker,Parker
3346,nathan,Nathan
3347,romántico,romantic
3348,posiblemente,likely
3349,adivinar,guess
3350,peores,worst
3351,buscan,they are looking
3352,enfrente,opposite
3353,restos,remains
3354,capacidad,ability
3355,aliento,breath
3356,placa,plate
3357,rata,rat
3358,áfrica,Africa
3359,entendí,understood
3360,metas,goals
3361,cuadro,chart
3362,afortunado,lucky
3363,puestos,positions
3364,japón,Japan
3365,división,division
3366,subtítulos,subtitles
3367,entradas,tickets
3368,bicicleta,bicycle
3369,vuestras,your
3370,pesado,heavy
3371,sugiero,I suggest
3372,calla,be quiet
3373,espacial,space
3374,st,st
3375,ventanas,windows
3376,mejorar,improve
3377,concurso,contest
3378,comisaría,police station
3379,sincero,sincere
3380,centavos,cents
3381,naturalmente,naturally
3382,deseas,do you want
3383,pasara,will happen
3384,jay,Jay
3385,esperado,expected
3386,ocurrir,occur
3387,pondrá,will put
3388,recursos,resources
3389,raza,race
3390,muestras,samples
3391,personales,personal
3392,wilson,Wilson
3393,imaginación,imagination
3394,volverás,you will return
3395,ceremonia,ceremony
3396,almacén,store
3397,sabor,flavor
3398,sentarse,feel
3399,on,on
3400,unión,union
3401,frankie,Frankie
3402,reserva,booking
3403,españa,Spain
3404,encanto,charm
3405,aviones,planes
3406,calidad,quality
3407,escondido,hidden
3408,citas,quotes
3409,aceite,oil
3410,pusiste,you put
3411,querrá,will want
3412,punta,tip
3413,cinturón,belt
3414,podrán,they will be able to
3415,cuales,which
3416,chiste,joke
3417,consecuencias,consequences
3418,sinceramente,sincerely
3419,lewis,Lewis
3420,hablaste,you spoke
3421,vaca,cow
3422,investigando,investigating
3423,vuelven,they return
3424,chloe,Chloe
3425,prisionero,prisoner
3426,investigar,investigate
3427,apellido,last name
3428,actual,current
3429,despertar,wake up
3430,instante,instant
3431,vincent,Vincent
3432,ud,You
3433,morirá,will die
3434,sacaste,you took out
3435,justin,Justin
3436,traiga,bring
3437,sentada,sitting
3438,mueva,move
3439,jordan,Jordan
3440,terminé,I finished
3441,emociones,emotions
3442,dormitorio,bedroom
3443,pulso,pulse
3444,atreves,dare
3445,frase,phrase
3446,partida,departure
3447,sabíamos,we knew
3448,parezco,I look
3449,excelencia,excellence
3450,despedido,dismissed
3451,moral,moral
3452,asalto,assault
3453,decente,decent
3454,informes,information
3455,asusta,scary
3456,trabajan,work
3457,my,my
3458,doug,Doug
3459,poca,little
3460,pasaría,would happen
3461,médica,medical
3462,combustible,fuel
3463,discusión,discussion
3464,verán,you will see
3465,ciertas,certain
3466,pata,leg
3467,jean,jean
3468,antiguos,ancient
3469,requiere,requires
3470,cogido,taken
3471,comunicación,communication
3472,manzana,apple
3473,sed,thirst
3474,tio,uncle
3475,joyas,jewelry
3476,cojones,balls
3477,noble,noble
3478,ee.uu.,USA.
3479,trabajamos,we work
3480,pediste,you asked
3481,encontrarla,find her
3482,piedras,stones
3483,traidor,traitor
3484,gané,I won
3485,letra,letter
3486,conseguimos,we achieved
3487,vía,via
3488,sacerdote,priest
3489,efectos,effects
3490,resistencia,endurance
3491,arroz,rice
3492,arreglado,arranged
3493,tarjetas,cards
3494,descubrió,discovered
3495,desconocido,a stranger
3496,mínimo,minimum
3497,disparado,fired
3498,boston,boston
3499,entienden,understand
3500,bandera,flag
3501,llamarte,call you
3502,plaza,square
3503,entrando,entering
3504,tomará,will take
3505,visitas,visits
3506,cooper,Cooper
3507,demasiada,too much
3508,faltan,missing
3509,planeado,planned
3510,imperio,empire
3511,esperaré,I will wait
3512,enfadada,angry
3513,levantar,get up
3514,cartera,briefcase
3515,jeremy,Jeremy
3516,importar,matter
3517,depósito,deposit
3518,colegas,colleagues
3519,periodista,journalist
3520,comprobar,find out
3521,funcione,work
3522,nina,little girl
3523,mereces,You deserve
3524,forense,forensic
3525,tensión,strain
3526,involucrado,involved
3527,vacía,empty
3528,abandonado,abandoned
3529,vídeo,video
3530,ruso,Russian
3531,círculo,circle
3532,judío,Jew
3533,cole,school
3534,gritos,shouting
3535,carol,Carol
3536,empecemos,Let's begin
3537,resultó,it turned out
3538,campos,fields
3539,váyanse,go away
3540,escribiendo,writing
3541,divertida,fun
3542,pasen,come in
3543,pinta,pint
3544,supo,knew
3545,ascensor,elevator
3546,quedarnos,stay
3547,matará,will kill
3548,aparecer,appear
3549,helicóptero,helicopter
3550,actuando,acting
3551,ooh,ooh
3552,pasas,raisins
3553,apúrate,hurry up
3554,big,big
3555,entregar,deliver
3556,escape,exhaust
3557,indios,Indians
3558,limpieza,cleaning
3559,rebecca,Rebecca
3560,querrás,you'll want
3561,hueso,bone
3562,jessica,Jessica
3563,magnífico,magnificent
3564,trabajadores,workers
3565,caída,drop
3566,temperatura,temperature
3567,habia,there was
3568,dejaría,would leave
3569,encontrará,you will find
3570,ejercicio,exercise
3571,lealtad,loyalty
3572,alas,at
3573,pasaron,passed
3574,invitación,invitation
3575,diamantes,diamonds
3576,unidades,units
3577,miller,Miller
3578,enojada,annoyed
3579,decimos,we say
3580,leyenda,legend
3581,gilipollas,asshole
3582,tomaste,you took
3583,paraíso,paradise
3584,gatos,cats
3585,costumbre,habit
3586,podria,could
3587,cabaña,cabin
3588,secretaria,secretariat
3589,lentamente,slowly
3590,ensayo,rehearsal
3591,pagó,pay
3592,familiares,family
3593,gimnasio,gym
3594,negativo,negative
3595,lenguaje,language
3596,pájaros,birds
3597,presenta,presents
3598,quedes,stay
3599,garaje,garage
3600,palo,stick
3601,león,lion
3602,oídos,ears
3603,dick,Dick
3604,espaldas,backs
3605,apuestas,bets
3606,científico,scientist
3607,incluyendo,including
3608,pelotas,balls
3609,actividad,activity
3610,dragón,dragon
3611,necesite,need
3612,intentamos,we tried
3613,aguantar,put up with
3614,davis,Davis
3615,primeras,first
3616,generación,generation
3617,sexuales,sexual
3618,apetece,I feel like it
3619,grupos,groups
3620,capital,capital
3621,dejemos,Let's leave
3622,habrías,you would have
3623,máquinas,machines
3624,barato,cheap
3625,monsieur,Monsieur
3626,sistemas,systems
3627,fingir,pretend
3628,pensarlo,think about it
3629,miércoles,Wednesday
3630,escritor,writer
3631,solitario,lonely
3632,recibo,receipt
3633,conocerlo,meet him
3634,pudimos,we were able
3635,convertirse,become
3636,almas,souls
3637,salto,leap
3638,sonar,dream
3639,publicidad,advertising
3640,russell,Russell
3641,temporal,temporary
3642,antecedentes,background
3643,probado,tried
3644,todd,Todd
3645,kenny,Kenny
3646,llamaron,they called
3647,atractivo,attractive
3648,váyase,Go away
3649,barra,bar
3650,aniversario,anniversary
3651,intereses,interests
3652,madres,mothers
3653,deba,should
3654,imagina,imagine
3655,niñera,babysitter
3656,movimientos,movements
3657,quince,fifteen
3658,holmes,Holmes
3659,muro,wall
3660,recibe,receives
3661,luce,looks
3662,nací,I was born
3663,prima,premium
3664,cubierto,covered
3665,contando,counting
3666,reír,laugh
3667,producto,product
3668,daños,damages
3669,abrazo,hug
3670,gafas,glasses
3671,arreglarlo,fix it
3672,sobrino,nephew
3673,man,man
3674,demanda,demand
3675,elecciones,elections
3676,construcción,construction
3677,ayudaré,I will help
3678,buscado,sought
3679,criaturas,creatures
3680,dejarla,leave her
3681,internacional,international
3682,perfil,profile
3683,trozo,piece
3684,actriz,actress
3685,repito,I repeat
3686,bendiga,bless
3687,pistas,clues
3688,whoa,whoa
3689,vecindario,neighborhood
3690,hannah,Hannah
3691,marcus,Marcus
3692,ataques,attacks
3693,razonable,reasonable
3694,vende,sells
3695,gerente,manager
3696,sensible,sensitive
3697,ríe,laughs
3698,izquierdo,left
3699,personalidad,personality
3700,camina,walks
3701,traes,you bring
3702,tuvieras,you had
3703,albert,Albert
3704,conté,I counted
3705,preparando,preparing
3706,secretario,secretary
3707,rueda,wheel
3708,sorprendido,surprised
3709,profundamente,deeply
3710,conoció,met
3711,grano,grain
3712,pagaré,promissory note
3713,límites,boundaries
3714,moneda,currency
3715,super,super
3716,piedad,piety
3717,militares,military
3718,seguía,continued
3719,tocado,touched
3720,ciudadanos,citizens
3721,creado,created
3722,temas,topics
3723,acepta,accepts
3724,encerrado,locked up
3725,opinas,What do you think?
3726,empiezo,start
3727,borde,edge
3728,llevarla,take it
3729,barcos,ships
3730,toby,Toby
3731,pudieron,they were able
3732,tocando,playing
3733,harvey,Harvey
3734,profesora,teacher
3735,dejame,let me
3736,expresión,expression
3737,asesinada,murdered
3738,escándalo,scandal
3739,nervios,nerves
3740,ios,iOS
3741,randy,Randy
3742,emoción,emotion
3743,blake,Blake
3744,catherine,Catherine
3745,oficialmente,officially
3746,perdedor,loser
3747,margaret,Margaret
3748,sienten,feel
3749,rumbo,course
3750,valle,valley
3751,ian,Ian
3752,x,x
3753,viejas,old
3754,buscaba,I was looking
3755,científicos,scientists
3756,gorda,fat
3757,juventud,youth
3758,hayamos,we have
3759,preocupación,worry
3760,desnudo,naked
3761,guión,script
3762,grant,grant
3763,envié,I sent
3764,señoritas,young ladies
3765,carreras,racing
3766,tratas,you treat
3767,sucia,dirty
3768,sophie,Sophie
3769,ratas,rats
3770,mayo,May
3771,tirado,thrown
3772,heroína,heroin
3773,háblame,talk to me
3774,contestar,to answer
3775,caos,chaos
3776,alternativa,alternative
3777,estupidez,stupidity
3778,derek,Derek
3779,sorprendente,amazing
3780,pedirte,ask you
3781,principios,beginning
3782,egoísta,selfish
3783,mostraré,I will show
3784,sentarme,sit down
3785,verdaderamente,truly
3786,enhorabuena,congratulations
3787,casey,Casey
3788,peligrosa,dangerous
3789,ánimo,cheer up
3790,viajes,trips
3791,lujo,luxury
3792,mia,mine
3793,cantando,singing
3794,religión,religion
3795,nate,nate
3796,risas,laughter
3797,despejado,clear
3798,miserable,miserable
3799,hierro,iron
3800,corona,crown
3801,wayne,Wayne
3802,serías,you would be
3803,dispositivo,device
3804,mencionar,mention
3805,brad,Brad
3806,mencionó,mentioned
3807,inmunidad,immunity
3808,grabación,recording
3809,producción,production
3810,nuclear,nuclear
3811,clima,climate
3812,puesta,putting
3813,buscarlo,look for it
3814,carácter,character
3815,prostituta,prostitute
3816,llamarlo,call it
3817,steven,Steven
3818,máscara,mask
3819,alegre,cheerful
3820,comprender,grasp
3821,volviste,You came back
3822,cambiando,changing
3823,alianza,alliance
3824,encontrarás,you will find
3825,positivo,positive
3826,siglos,ages
3827,serían,would be
3828,desafortunadamente,unfortunately
3829,guitarra,guitar
3830,hacían,they did
3831,estrategia,strategy
3832,entré,between
3833,vinimos,we came
3834,frecuencia,frequency
3835,poli,cop
3836,that,that
3837,elena,Elena
3838,discúlpame,excuse me
3839,llevé,I took
3840,vince,Vince
3841,prohibido,forbidden
3842,caray,Wow
3843,arruinar,spoil
3844,masa,mass
3845,existencia,existence
3846,túnel,tunnel
3847,bromas,joking
3848,evitarlo,avoid it
3849,industria,industry
3850,trasera,rear
3851,monstruos,monsters
3852,mete,put
3853,conseguiré,I will get
3854,inocentes,innocent
3855,colección,collection
3856,empleado,employee
3857,fatal,fatal
3858,stephen,Stephen
3859,olivia,Olivia
3860,intente,try
3861,expediente,record
3862,nancy,Nancy
3863,putas,whores
3864,jess,Jess
3865,petición,request
3866,ayudado,helped
3867,lou,lou
3868,presentación,presentation
3869,beth,Beth
3870,vendido,sold
3871,cerebral,cerebral
3872,coraje,courage
3873,adulto,adult
3874,rubia,blonde
3875,mandar,send
3876,pierdes,you lose
3877,gano,won
3878,almorzar,have lunch
3879,caridad,charity
3880,oscar,Oscar
3881,sepan,know
3882,llegada,arrival
3883,capítulo,chapter
3884,disculparme,I apologize
3885,viniera,came
3886,gastos,bills
3887,sentirse,feel
3888,entren,enter
3889,quédese,stay
3890,tarta,cake
3891,volvería,I would return
3892,jersey,jersey
3893,mataría,would kill
3894,breve,brief
3895,obras,works
3896,acero,steel
3897,llévame,take me
3898,street,street
3899,suceda,happen
3900,cigarrillos,cigarettes
3901,funcionará,It will work
3902,alicia,Alice
3903,haberla,to have it
3904,camarada,comrade
3905,confesión,confession
3906,dijimos,we said
3907,coartada,alibi
3908,desnuda,naked
3909,payaso,clown
3910,rayo,ray
3911,guay,cool
3912,naves,ships
3913,americana,American
3914,político,political
3915,diseño,design
3916,condenado,condemned
3917,convencido,convinced
3918,edward,Edward
3919,policia,police
3920,italiano,Italian
3921,pedro,Pedro
3922,mm,mm
3923,camiseta,t-shirt
3924,vendrán,they will come
3925,extrañas,strange
3926,impacto,impact
3927,equipaje,luggage
3928,lois,lois
3929,sufrimiento,suffering
3930,salieron,they left
3931,mantente,stay
3932,sabiendo,knowing
3933,maten,kill
3934,adolescente,teenager
3935,soltero,single
3936,descubrí,I discovered
3937,tranquilos,calm
3938,influencia,influence
3939,oxígeno,oxygen
3940,experimento,experiment
3941,absurdo,absurd
3942,algun,some
3943,habrían,would have
3944,ponerle,put it
3945,empiece,start
3946,devolver,return
3947,propuesta,proposal
3948,tómalo,Take it
3949,michelle,Michelle
3950,abrió,opened
3951,plantas,floors
3952,cantante,singer
3953,traición,betrayal
3954,cementerio,cemetery
3955,florida,Florida
3956,pozo,well
3957,patrulla,patrol
3958,brandon,Brandon
3959,planeando,planning
3960,ann,Ann
3961,tragedia,tragedy
3962,ethan,Ethan
3963,miami,Miami
3964,autoridades,authorities
3965,trate,try
3966,procedimiento,procedure
3967,fantasía,fancy
3968,billetes,tickets
3969,ganamos,we won
3970,secuestro,kidnapping
3971,sabrás,you will know
3972,prestado,borrowed
3973,bodas,wedding
3974,béisbol,baseball
3975,ciudades,cities
3976,conejo,rabbit
3977,pregúntale,ask him
3978,billete,ticket
3979,esperanzas,hopes
3980,díselo,tell him
3981,significado,meaning
3982,mueren,die
3983,shawn,Shawn
3984,cincuenta,fifty
3985,jugadores,players
3986,web,web
3987,apropiado,appropriate
3988,robot,robot
3989,considerado,considered
3990,alcanzar,reach
3991,patatas,potatoes
3992,mantenga,keep
3993,continuación,continuation
3994,tradición,tradition
3995,países,countries
3996,ocultar,disguise
3997,tendríamos,we would have
3998,electricidad,electricity
3999,bebidas,drinks
4000,siguió,continued
4001,reto,challenge
4002,aldea,village
4003,robaron,they robbed
4004,aguas,waters
4005,caminos,paths
4006,ellen,ellen
4007,permitido,permitted
4008,alli,over there
4009,cima,top
4010,éi,he
4011,risa,laughter
4012,cumplido,compliment
4013,objetos,objects
4014,decide,decide
4015,pregunte,ask
4016,once,eleven
4017,matan,kill
4018,terrorista,terrorist
4019,tomes,take
4020,términos,terms
4021,reyes,kings
4022,revés,reverse
4023,explotar,blow
4024,maletas,suitcases
4025,nubes,clouds
4026,circo,circus
4027,darse,to give
4028,west,west
4029,prometiste,you promised
4030,tanque,tank
4031,uñas,nails
4032,encargaré,I will order
4033,terroristas,terrorists
4034,estúpidos,stupid
4035,héroes,heroes
4036,salta,jump
4037,daremos,we will give
4038,agradecido,grateful
4039,victor,Victor
4040,terror,terror
4041,keith,Keith
4042,sacrificio,sacrifice
4043,destrucción,destruction
4044,teddy,teddy
4045,texto,text
4046,peleas,fights
4047,liga,league
4048,martha,Martha
4049,ana,Ann
4050,enviaré,I will send
4051,teléfonos,phones
4052,porno,porn
4053,diera,would give
4054,oscura,dark
4055,tuyos,yours
4056,olvido,forgot
4057,queridos,dear
4058,colina,hill
4059,bromeas,You're joking
4060,sano,healthy
4061,únicos,unique
4062,musical,musical
4063,pastor,pastor
4064,ponerlo,put it
4065,naranja,orange
4066,batería,battery
4067,trabajó,job
4068,reuniones,meetings
4069,sue,sue
4070,figura,figure
4071,jesucristo,Christ
4072,funcionan,They work
4073,voces,voices
4074,caroline,Caroline
4075,jacob,Jacob
4076,caramba,Gee
4077,callejón,alley
4078,técnica,technique
4079,marshall,Marshall
4080,refería,referred
4081,notado,noticed
4082,maquillaje,make-up
4083,lanzar,launch
4084,cadáveres,corpses
4085,atacó,attacked
4086,vendiendo,selling
4087,bailando,dancing
4088,tenerte,to have you
4089,cubrir,cover
4090,liz,Liz
4091,policial,police
4092,fase,phase
4093,gus,Gus
4094,joseph,Joseph
4095,importaba,mattered
4096,armada,navy
4097,fea,ugly
4098,porquería,filth
4099,mickey,Mickey
4100,superar,get over
4101,disfruta,enjoy
4102,sueldo,salary
4103,abiertos,open
4104,piénsalo,Think about it
4105,testimonio,testimony
4106,incómodo,uncomfortable
4107,oyó,heard
4108,costado,side
4109,apaga,turn off
4110,considerando,considering
4111,bolsas,bags
4112,seguiré,I will continue
4113,imaginé,I imagined
4114,detenerlo,stop him
4115,diana,Diana
4116,pasaporte,passport
4117,infancia,childhood
4118,suele,usually
4119,productos,products
4120,rocas,rocks
4121,reverendo,reverend
4122,mediodía,noon
4123,golpeado,struck
4124,destruido,destroyed
4125,reconozco,I recognize
4126,plástico,plastic
4127,young,young
4128,barba,beard
4129,mago,magician
4130,hojas,leaves
4131,conocerla,meet her
4132,hallar,find
4133,mantequilla,butter
4134,lidiar,cope
4135,sentencia,judgment
4136,ideal,ideal
4137,dámelo,Give it to me
4138,mandó,command
4139,residencia,residence
4140,francamente,frankly
4141,guerrero,warrior
4142,ayudo,I help
4143,sigamos,Let's continue
4144,jennifer,Jennifer
4145,engañar,cheat
4146,baje,go down
4147,contaré,I will tell
4148,guantes,gloves
4149,rompe,breaks
4150,conociste,did you meet
4151,hoja,sheet
4152,decían,they said
4153,recepción,reception
4154,logrado,accomplished
4155,odias,you hate
4156,comisión,commission
4157,vampiro,vampire
4158,finales,finals
4159,sufrido,suffered
4160,azules,blue
4161,usarlo,use it
4162,cometer,commit
4163,descansa,rest
4164,peleando,fighting
4165,docena,dozen
4166,estaríamos,we would be
4167,sera,it will be
4168,lanza,lance
4169,averiguarlo,find out
4170,lanzamiento,launch
4171,moverse,move
4172,ho,ho
4173,falla,failure
4174,angela,Angela
4175,técnicamente,technically
4176,dejara,would leave
4177,medias,socks
4178,míralo,look at it
4179,físico,physical
4180,hacerla,do it
4181,multitud,crew
4182,potencial,potential
4183,hacías,you were doing
4184,famosa,famous
4185,rutina,routine
4186,oportunidades,opportunities
4187,progreso,progress
4188,fascinante,fascinating
4189,ensalada,salad
4190,cómoda,comfortable
4191,prepara,prepare
4192,tráeme,bring me
4193,equivocas,You're wrong
4194,tubo,tube
4195,owen,Owen
4196,sacarlo,take it out
4197,is,es
4198,usas,you use
4199,letras,letters
4200,dennis,Dennis
4201,demasiados,too many
4202,éstas,are
4203,interrumpir,interrupt
4204,representa,represents
4205,socios,partners
4206,pecados,sins
4207,novela,novel
4208,herramientas,tools
4209,desaparece,disappears
4210,apostar,bet
4211,ó,either
4212,septiembre,September
4213,vestidos,clothes
4214,festival,festival
4215,franceses,French
4216,queria,wanted to
4217,gustar,like
4218,auxilio,help
4219,éstos,these
4220,fracaso,failure
4221,berlín,Berlin
4222,cañón,canon
4223,llegaremos,we will arrive
4224,empezaron,they started
4225,spencer,Spencer
4226,fíjate,look
4227,votar,vote
4228,merezco,I deserve
4229,infantil,children
4230,estacionamiento,parking lot
4231,asesina,murderess
4232,sentarte,sit down
4233,mintió,lied
4234,grita,screams
4235,ofrecer,offer
4236,ruth,Ruth
4237,esclavos,slaves
4238,academia,academy
4239,probarlo,try it
4240,viuda,widow
4241,reporte,report
4242,monedas,coins
4243,rob,Rob
4244,advertencia,warning
4245,jugo,juice
4246,malcolm,Malcolm
4247,pico,beak
4248,miré,Look
4249,rota,rattan
4250,sociales,social
4251,amarillo,yellow
4252,encargado,in charge
4253,so,SW
4254,listas,lists
4255,as,ace
4256,poderosa,powerful
4257,prometió,promised
4258,drama,drama
4259,confundido,confused
4260,olvídate,forget it
4261,normales,normal
4262,inconsciente,unconscious
4263,asegurar,ensure
4264,estadounidense,United States
4265,locales,locals
4266,informado,informed
4267,resuelto,resolved
4268,cueva,cave
4269,conduciendo,driving
4270,perdidos,lost
4271,escuchó,I'm listening
4272,patético,pathetic
4273,abril,April
4274,matemáticas,math
4275,eliminar,eliminate
4276,venid,come
4277,hicieras,you would do
4278,causar,cause
4279,demasiadas,too many
4280,vigilando,watching
4281,función,function
4282,solar,solar
4283,encontrarme,find me
4284,williams,Williams
4285,dólar,dollar
4286,trucos,tricks
4287,h,h
4288,lectura,reading
4289,camarero,waiter
4290,toman,they take
4291,regresaré,I will return
4292,tiendas,stores
4293,encontremos,let's find
4294,dimos,we gave
4295,cabina,cabin
4296,deporte,sport
4297,virginia,Virginia
4298,fuga,drain
4299,holly,holly
4300,sospechosos,suspects
4301,jonathan,Jonathan
4302,ala,to the
4303,champán,champagne
4304,quedaba,remained
4305,viera,I saw
4306,formar,form
4307,walker,walker
4308,detectives,detectives
4309,entenderlo,understand it
4310,orejas,ears
4311,obligado,obliged
4312,testamento,will
4313,extremadamente,extremely
4314,creyó,believed
4315,darán,will give
4316,materia,subject
4317,detuvo,stopped
4318,casco,helmet
4319,sabremos,we will know
4320,agenda,agenda
4321,rosas,roses
4322,aceptado,accepted
4323,bello,beautiful
4324,fabuloso,fabulous
4325,llores,cry
4326,arruinado,spoiled
4327,enterado,understood
4328,junio,June
4329,baila,dance
4330,artistas,artists
4331,realizar,carry out
4332,hechizo,spell
4333,respiración,breathing
4334,extremo,extreme
4335,historial,record
4336,pongan,put
4337,yeah,yeah
4338,próximos,next
4339,extraordinario,extraordinary
4340,tigre,tiger
4341,fianza,bail
4342,consejos,tips
4343,mostrarte,show you
4344,doctores,doctors
4345,auténtico,authentic
4346,usamos,we use
4347,romance,Romance
4348,miente,lies
4349,matthew,Matthew
4350,importan,matter
4351,paren,stop
4352,indio,Indian
4353,increíblemente,incredibly
4354,pierdo,I lose
4355,llevaremos,we will take
4356,ví,I saw
4357,ofrece,offers
4358,seco,dry
4359,willie,Willie
4360,quinn,Quinn
4361,sagrado,sacred
4362,monte,mountain
4363,paris,Paris
4364,discos,discs
4365,louise,Louise
4366,carrie,Carrie
4367,juguetes,toys
4368,cerdos,pigs
4369,enteré,I found out
4370,escapado,escaped
4371,matarla,kill her
4372,casó,case
4373,ali,ali
4374,salgas,go out
4375,pasajeros,passengers
4376,debilidad,weakness
4377,civiles,civilians
4378,corbata,tie
4379,dispuesta,willing
4380,necesitaré,I will need
4381,cuartel,barracks
4382,cazar,hunt
4383,robando,stealing
4384,convencer,convince
4385,rollo,roll
4386,pescar,fishing
4387,mezcla,mix
4388,parejas,couples
4389,condicional,conditional
4390,giro,turn
4391,bonitas,pretty
4392,necesites,you need
4393,molestar,annoy
4394,amantes,lovers
4395,gris,grey
4396,zoe,Zoe
4397,pedimos,we ask
4398,refuerzos,reinforcement
4399,josé,José
4400,colgar,hang
4401,heridos,wounded
4402,arreglo,arrangement
4403,plazo,term
4404,harold,Harold
4405,salvajes,savages
4406,elliot,Elliot
4407,fotografías,photographs
4408,sintió,felt
4409,hermosas,beautiful
4410,ashley,Ashley
4411,convertir,convert
4412,contarle,tell him
4413,retiro,withdrawal
4414,francis,Francis
4415,gravedad,gravity
4416,importe,amount
4417,lata,can
4418,enseñaré,I will teach
4419,velas,candles
4420,suyos,his
4421,símbolo,symbol
4422,reconocimiento,recognition
4423,típico,typical
4424,ayudas,aid
4425,regresado,returned
4426,conducta,conduct
4427,lane,lane
4428,ken,Ken
4429,am,A.M
4430,participar,participate
4431,lana,wool
4432,shane,Shane
4433,hacernos,make us
4434,tratan,They treat
4435,vendedor,seller
4436,federales,federal
4437,pudiéramos,we could
4438,diane,Diane
4439,estrés,stress
4440,césar,cease
4441,soltera,single woman
4442,gustará,will like
4443,em,em
4444,brujas,witches
4445,horario,schedule
4446,recuerden,remember
4447,identificar,identify
4448,hill,hill
4449,alfombra,rug
4450,perdóneme,Excuse me
4451,actores,actors
4452,atractiva,attractive
4453,permítame,Allow me
4454,desperté,I woke up
4455,salía,I was leaving
4456,recibiendo,receiving
4457,preciso,accurate
4458,comprendes,do you understand
4459,white,white
4460,altos,high
4461,fan,fan
4462,papas,potatoes
4463,anciano,old man
4464,profunda,deep
4465,petróleo,oil
4466,intenciones,intentions
4467,francesa,French
4468,neil,Neil
4469,jin,jin
4470,rango,range
4471,sombras,shades
4472,malvado,wicked
4473,defender,defend
4474,lleguemos,let's arrive
4475,suba,rise
4476,jaula,cage
4477,watson,Watson
4478,natalie,Natalie
4479,comentarios,comments
4480,dosis,dose
4481,cartel,sign
4482,disparen,shoot
4483,esperad,wait
4484,cargar,carry
4485,enviaron,they sent
4486,jodida,fucked up
4487,seguí,I followed
4488,aproximadamente,approximately
4489,postre,dessert
4490,escala,scale
4491,estudiando,studying
4492,pavo,turkey
4493,origen,origin
4494,considerar,consider
4495,fiel,faithful
4496,diego,Diego
4497,embajador,ambassador
4498,tatuaje,tattoo
4499,población,population
4500,harris,Harris
4501,comes,eats
4502,llamen,call
4503,horribles,horrible
4504,vampiros,vampires
4505,dormida,asleep
4506,niveles,levels
4507,largas,long
4508,pandilla,gang
4509,agrada,please
4510,traigan,bring
4511,onda,vibe
4512,atrapados,trapped
4513,duque,duke
4514,bajas,lows
4515,dejaremos,we will leave
4516,b.,b.
4517,trono,throne
4518,canto,singing
4519,aumento,increase
4520,esconder,hide
4521,políticos,politicians
4522,muertes,deaths
4523,anthony,Anthony
4524,pensabas,you thought
4525,saqué,I took out
4526,taller,workshop
4527,fantástica,fantastic
4528,practicar,practice
4529,asientos,seating
4530,armado,armed
4531,gibbs,Gibbs
4532,habrán,there will be
4533,considera,consider
4534,atender,attend
4535,ponemos,we put
4536,we,we
4537,consigues,you get
4538,sentados,seated
4539,costó,cost
4540,soñando,ringing
4541,stanley,Stanley
4542,creó,believe
4543,ayúdenme,help me
4544,juzgado,judged
4545,hablarme,talk to me
4546,janet,Janet
4547,bebido,drunk
4548,pierdas,lose
4549,ponlo,put it on
4550,gallina,hen
4551,miguel,Miguel
4552,octubre,October
4553,sentirme,feel
4554,riesgos,risks
4555,dificil,difficult
4556,besar,kiss
4557,lavar,wash
4558,sacarte,get you out
4559,cuyo,whose
4560,cayendo,falling
4561,emocional,emotional
4562,prometida,fiancee
4563,molestia,inconvenience
4564,christine,Christine
4565,consiga,get
4566,huella,fingerprint
4567,agarra,grab
4568,karl,Karl
4569,condena,conviction
4570,decírmelo,Tell me
4571,cafetería,café
4572,honesta,honest
4573,tómate,tomato
4574,pablo,Pablo
4575,medidas,measures
4576,ofreció,offered
4577,dió,gave
4578,quizas,maybe
4579,celosa,jealous
4580,instinto,instinct
4581,bancos,banks
4582,mías,mine
4583,emocionado,excited
4584,juguete,toy
4585,villa,villa
4586,conocida,known
4587,servirá,will serve
4588,norman,Norman
4589,centavo,penny
4590,lincoln,Lincoln
4591,connor,Connor
4592,potencia,power
4593,unido,united
4594,julian,Julian
4595,copias,copies
4596,receta,recipe
4597,interesada,interested
4598,seguirá,will continue
4599,oírme,hear me
4600,normas,rules
4601,cocaína,cocaine
4602,encontrarte,find you
4603,cambie,change
4604,asesinó,killer
4605,huyendo,fleeing
4606,marihuana,dope
4607,entramos,we went in
4608,congreso,congress
4609,capa,layer
4610,tocó,touched
4611,mágico,magical
4612,beneficios,benefits
4613,aburrida,bored
4614,invito,I invite
4615,período,period
4616,corredor,corridor
4617,marte,Mars
4618,ayudaría,would help
4619,cortado,cut
4620,mentiste,You lied
4621,olvidaste,you forgot
4622,nieto,grandson
4623,odiaba,hated
4624,fraude,fraud
4625,zapato,shoe
4626,mantenerlo,keep it
4627,liam,Liam
4628,tiró,shot
4629,sector,sector
4630,conseguirlo,achieve it
4631,furgoneta,van
4632,causado,caused
4633,beneficio,benefit
4634,querrías,would you want
4635,graduación,graduation
4636,alejado,distant
4637,junior,junior
4638,complejo,complex
4639,miraba,I was looking
4640,patas,paws
4641,columna,column
4642,empieces,start
4643,bienes,estate
4644,quisieras,would you like
4645,clásico,classic
4646,saque,take out
4647,oírlo,hear it
4648,hígado,liver
4649,robaste,you stole
4650,decías,you were saying
4651,all,all
4652,lleven,take
4653,trabajé,I worked
4654,muebles,furniture
4655,actos,acts
4656,células,cells
4657,presa,prey
4658,hubiéramos,we would have
4659,travis,Travis
4660,joan,Joan
4661,páginas,pages
4662,raymond,Raymond
4663,llenar,fill
4664,riley,Riley
4665,cambian,change
4666,sonríe,smile
4667,moscú,Moscow
4668,ordenó,ordered
4669,go,go
4670,motel,motel
4671,venimos,we come
4672,cuente,count
4673,a.,to.
4674,preguntes,ask
4675,mentido,lied
4676,decidimos,we decided
4677,house,house
4678,alimentos,food
4679,actúa,act
4680,prefieres,do you prefer
4681,mason,mason
4682,presupuesto,budget
4683,prepárate,get ready
4684,ubicación,location
4685,etapa,stage
4686,olvidaré,I will forget
4687,trajes,suits
4688,santos,saints
4689,idioma,language
4690,fruta,fruit
4691,reconoce,acknowledges
4692,vuela,fly
4693,ganando,winning
4694,bendición,blessing
4695,luis,Luis
4696,compasión,compassion
4697,reconocer,recognize
4698,desarrollo,development
4699,contarte,tell you
4700,vomitar,vomit
4701,cazador,hunter
4702,pesca,fishing
4703,arco,bow
4704,wendy,Wendy
4705,llora,cries
4706,abandonó,abandonment
4707,supiste,did you know
4708,abogada,lawyer
4709,fama,fame
4710,plano,flat
4711,elige,choose
4712,maíz,corn
4713,remedio,remedy
4714,harta,fed up
4715,maria,Maria
4716,muéstrame,show me
4717,audrey,Audrey
4718,acostumbrado,used to
4719,green,green
4720,leonard,Leonard
4721,disfraz,costume
4722,termino,term
4723,hombros,shoulders
4724,química,chemistry
4725,vela,candle
4726,muelle,dock
4727,tiroteo,shooting
4728,dirigir,lead
4729,enterrado,buried
4730,acento,accent
4731,psiquiatra,psychiatrist
4732,escoger,choose
4733,estupenda,great
4734,canadá,Canada
4735,indica,indicates
4736,deudas,debts
4737,subiendo,going up
4738,bla,bla
4739,desayunar,have breakfast
4740,tomaron,they took
4741,fines,Finnish
4742,espíritus,spirits
4743,ingeniero,engineer
4744,cráneo,skull
4745,desesperado,desperate
4746,baby,baby
4747,separados,separated
4748,queja,complaint
4749,jugada,move
4750,bajando,going down
4751,signos,signs
4752,dirías,you would say
4753,von,von
4754,buscaré,I will look
4755,comen,they eat
4756,hong,Hong
4757,pediré,I will ask
4758,documento,document
4759,descripción,description
4760,tercero,third
4761,estructura,structure
4762,rehenes,hostages
4763,lleguen,arrive
4764,botellas,bottles
4765,encuentren,find
4766,bomberos,firefighters
4767,horno,oven
4768,préstamo,loan
4769,black,black
4770,tratamos,we try
4771,autopsia,autopsy
4772,ocupados,occupied
4773,penny,penny
4774,metí,I put
4775,pares,peers
4776,propietario,owner
4777,supieras,you knew
4778,adecuada,appropriate
4779,cuarenta,forty
4780,profesión,profession
4781,británico,British
4782,exámenes,exams
4783,tracy,Tracy
4784,evan,Evan
4785,seth,Seth
4786,moleste,bother
4787,agosto,August
4788,logró,achievement
4789,marchar,march
4790,logan,Logan
4791,crecido,grown
4792,representante,representative
4793,empiezas,you begin
4794,tareas,tasks
4795,gabriel,Gabriel
4796,vodka,vodka
4797,dí,say
4798,re,re
4799,terribles,terrible
4800,infeliz,unhappy
4801,enormes,enormous
4802,geniales,great
4803,generoso,generous
4804,brindis,toast
4805,rita,Rita
4806,directa,direct
4807,hacéis,you do
4808,actualmente,at the moment
4809,rifle,rifle
4810,casino,casino
4811,logro,achievement
4812,trajeron,they brought
4813,celos,jealousy
4814,artículos,articles
4815,estable,stable
4816,escuadrón,squadron
4817,ciudadano,citizen
4818,colin,Colin
4819,sospecha,suspicion
4820,violento,violent
4821,engañado,cheated
4822,relacionado,related
4823,niega,denies
4824,vietnam,Vietnam
4825,batman,Batman
4826,vendió,sold
4827,ralph,Ralph
4828,chaval,kid
4829,macho,male
4830,allison,allison
4831,menores,minors
4832,constantemente,constantly
4833,conozca,get to know
4834,directora,director
4835,borracha,drunk
4836,ventas,sales
4837,alivio,relief
4838,trauma,trauma
4839,enseñarte,teach you
4840,estadounidenses,Americans
4841,necesidades,needs
4842,bart,Bart
4843,exposición,exposure
4844,negociar,negotiate
4845,todavia,still
4846,explicarlo,explain it
4847,copas,cups
4848,golpea,hits
4849,edificios,buildings
4850,región,region
4851,duros,hard
4852,moviendo,moving
4853,kitty,kitty
4854,aman,love
4855,kong,Kong
4856,ford,Ford
4857,shh,shh
4858,lógica,logic
4859,eligió,chose
4860,sammy,Sammy
4861,sangrando,bleeding
4862,jefes,bosses
4863,comió,ate
4864,traducido,translated
4865,narices,nose
4866,deberes,homework
4867,grito,shout
4868,empresas,companies
4869,contactos,contacts
4870,engaño,deception
4871,acusación,accusation
4872,cirujano,surgeon
4873,pagando,paying
4874,cenizas,ashes
4875,retraso,delay
4876,asesinar,murder
4877,mentí,I lied
4878,imaginas,imagine
4879,haciéndolo,doing it
4880,ocurriendo,occurring
4881,pechos,breasts
4882,solicitud,application
4883,enfermedades,diseases
4884,soporto,stood
4885,buscarla,look for her
4886,mona,bow
4887,fresca,fresh
4888,prioridad,priority
4889,mentes,minds
4890,francos,francs
4891,rumor,rumor
4892,confías,do you trust
4893,dibujo,drawing
4894,saliste,you left
4895,contaste,you counted
4896,buscarte,looking for you
4897,prefiere,prefers
4898,almirante,admiral
4899,gastar,spend
4900,vendrás,will you come
4901,use,use
4902,craig,Craig
4903,warren,Warren
4904,conjunto,set
4905,profesionales,professionals
4906,ciertos,some
4907,verdes,green
4908,invitó,invited
4909,alumnos,students
4910,presentó,presented
4911,informar,inform
4912,cortó,short
4913,maya,Maya
4914,apagar,turn off
4915,malditas,damned
4916,harían,would do
4917,nelson,Nelson
4918,besos,kisses
4919,graciosa,funny
4920,chinos,Chinese
4921,noviembre,November
4922,invisible,invisible
4923,contarme,tell me
4924,economía,economy
4925,logramos,we achieved
4926,combinación,combination
4927,enfermos,sick
4928,conectado,connected
4929,sucederá,will happen
4930,asumir,assume
4931,rusa,Russian
4932,habitual,usual
4933,id,id
4934,posesión,possession
4935,inténtalo,Try it
4936,ministerio,ministry
4937,saludable,healthy
4938,firmado,signed
4939,oreja,ear
4940,calientes,hot
4941,personajes,characters
4942,liberar,release
4943,cogió,took
4944,toro,bull
4945,pintar,paint
4946,eternidad,eternity
4947,similar,similar
4948,sobrina,niece
4949,tortura,torture
4950,máxima,maximum
4951,franco,franc
4952,earl,Earl
4953,raras,rare
4954,paige,Paige
4955,espérame,wait for me
4956,nene,baby
4957,deportes,sports
4958,sígueme,follow me
4959,sra,mrs
4960,pulmones,lungs
4961,cuánta,how much
4962,necesitaremos,we will need
4963,isabel,Isabel
4964,acabará,will end
4965,manzanas,apples
4966,ratón,mouse
4967,eléctrica,electric
4968,ee,ee
4969,productor,producer
4970,quédense,stay
4971,demuestra,demonstrates
4972,lauren,Lauren
4973,eventos,events
4974,entendiste,Did you understand?
4975,v,v
4976,reciente,recent
4977,empiezan,they begin
4978,pasaste,you passed
4979,enfrentar,face
4980,dejaba,left
4981,escucharme,listen to me
4982,apariencia,appearance
4983,aves,birds
4984,radiación,radiation
4985,advierto,I warn
4986,quemado,burned
4987,corea,Korea
4988,sandy,sandy
4989,síntomas,symptoms
4990,japoneses,Japanese
4991,kurt,Kurt
4992,juzgar,judge
4993,adrian,Adrian
4994,cervezas,beers
4995,quemar,burn
4996,kent,Kent
4997,marzo,March
4998,meterme,get involved
4999,cuarta,quarter
5000,gatillo,trigger
5001,azar,random
5002,soledad,loneliness
5003,vera,vera
5004,método,method
5005,creciendo,growing
5006,amenazas,threats
5007,alfa,alpha
5008,afecta,affects
5009,alguacil,sheriff
5010,jugado,played
5011,excepción,exception
5012,dignidad,dignity
5013,graves,serious
5014,riendo,laughing
5015,aaron,Aaron
5016,pasear,sightseeing
5017,autorización,authorization
5018,concepto,concept
5019,enseñado,taught
5020,molestes,bother
5021,volvieron,they returned
5022,llevaría,would take
5023,pato,duck
5024,duncan,Duncan
5025,padrino,godfather
5026,vigila,monitor
5027,generalmente,generally
5028,quedando,remaining
5029,numero,number
5030,permiten,allow
5031,bebo,I drink
5032,contratar,hire
5033,pides,you ask
5034,administración,administration
5035,continúe,continue
5036,eli,eli
5037,case,case
5038,inusual,unusual
5039,feria,fair
5040,mancha,stain
5041,leal,loyal
5042,transmisión,transmission
5043,tranquilízate,calm down
5044,asociación,association
5045,corran,run
5046,seguiremos,we will continue
5047,parto,delivery
5048,pegado,glued
5049,estarían,would be
5050,mafia,mafia
5051,poesía,poetry
5052,preocupados,worried
5053,intercambio,exchange
5054,mel,mel
5055,constante,constant
5056,selva,jungle
5057,mostró,showed
5058,jenna,Jenna
5059,juegas,you play
5060,contrató,contract
5061,sintiendo,feeling
5062,gane,win
5063,aprende,learn
5064,presentimiento,feeling
5065,fuentes,sources
5066,protegerte,protect yourself
5067,raíces,roots
5068,meterte,get in
5069,nicole,Nicole
5070,perspectiva,perspective
5071,escolar,school
5072,digno,worthy
5073,shock,shock
5074,heather,Heather
5075,bastardos,bastards
5076,quinto,fifth
5077,for,for
5078,soportarlo,endure it
5079,star,star
5080,your,your
5081,campana,Campaign
5082,juramento,oath
5083,matarán,They will kill
5084,mitchell,Mitchell
5085,utiliza,uses
5086,ronnie,Ronnie
5087,ilusión,delusion
5088,vencer,beat
5089,rezar,pray
5090,hoyo,hole
5091,tristeza,sadness
5092,miró,looked
5093,pases,passes
5094,dolores,pains
5095,sigas,follow
5096,doloroso,painful
5097,love,love
5098,debbie,Debbie
5099,equivoqué,I was wrong
5100,cuidando,taking care
5101,medicamentos,medications
5102,ocuparé,I will occupy
5103,bandas,bands
5104,harper,Harper
5105,protocolo,protocol
5106,unirse,join
5107,vosotras,you
5108,sufriendo,suffering
5109,tomaremos,we will take
5110,otoño,autumn
5111,estatal,state
5112,candidato,candidate
5113,vencido,defeated
5114,autor,author
5115,aérea,aerial
5116,usaba,used
5117,comprende,understands
5118,polla,cock
5119,huelga,strike
5120,rabia,rage
5121,agujeros,holes
5122,estuviese,were
5123,esperabas,were you expecting
5124,jovencita,young girl
5125,callado,reserved
5126,encender,light
5127,grosero,rude
5128,mitch,Mitch
5129,rancho,ranch
5130,conflicto,conflict
5131,conspiración,conspiracy
5132,comando,command
5133,gota,drop
5134,escenas,scenes
5135,pa,pa
5136,colonia,cologne
5137,medalla,medal
5138,contactar,contact
5139,jugamos,let's play
5140,stone,stone
5141,cabra,goat
5142,traerme,bring me
5143,parientes,relatives
5144,creído,believed
5145,adolescentes,teenagers
5146,llenos,full
5147,ultima,last
5148,altas,high
5149,cambiará,will change
5150,inteligentes,smart
5151,dieta,diet
5152,quedarás,you will stay
5153,correctamente,correctly
5154,vería,I would see
5155,suelto,loose
5156,fans,fans
5157,japonés,Japanese
5158,ropas,clothes
5159,recibimos,we received
5160,elementos,items
5161,verdaderos,true
5162,bonnie,Bonnie
5163,piensen,think
5164,pondremos,we will put
5165,contiene,contains
5166,diciembre,December
5167,motores,engines
5168,graham,Graham
5169,estarlo,to be
5170,preguntarme,ask me
5171,na,na
5172,permanente,permanent
5173,comercio,trade
5174,llegara,would arrive
5175,amada,beloved
5176,jodidamente,fucking
5177,grasa,fat
5178,infección,infection
5179,comenzado,started
5180,satisfecho,satisfied
5181,presidenta,chairwoman
5182,llevarse,take away
5183,pesada,heavy
5184,megan,Megan
5185,barney,Barney
5186,envío,shipment
5187,desfile,parade
5188,suma,addition
5189,meterse,get in
5190,conclusión,conclusion
5191,atrapada,trapped
5192,mientes,You're lying.
5193,homicidios,homicides
5194,cajón,drawer
5195,tragos,drinks
5196,salve,Hail
5197,valores,values
5198,pierre,Pierre
5199,leslie,Leslie
5200,ejecución,execution
5201,misterioso,mysterious
5202,sándwich,sandwich
5203,lobos,wolves
5204,fortaleza,strength
5205,furioso,furious
5206,hamburguesa,hamburger
5207,barbara,Barbara
5208,salario,salary
5209,débiles,weak
5210,plena,full
5211,pierda,lose
5212,murphy,Murphy
5213,cuero,leather
5214,jodan,fuck
5215,oculta,hidden
5216,quema,burns
5217,cometió,committed
5218,temor,fear
5219,nora,Nora
5220,muchísimas,many
5221,bo,bo
5222,comedor,dining room
5223,aclarar,clarify
5224,controla,controls
5225,admito,I admit
5226,ji,ji
5227,esconde,hides
5228,valioso,valuable
5229,aguja,needle
5230,equivoco,mistaken
5231,terminaste,You finished
5232,brillantes,brilliant
5233,ingleses,English
5234,observando,observing
5235,objetivos,goals
5236,casarnos,get married
5237,emocionada,moved
5238,desaparición,disappearance
5239,sello,seal
5240,quietos,still
5241,escuelas,schools
5242,merecía,deserved
5243,deshacerse,get rid of
5244,tiburón,shark
5245,mostrarle,show him
5246,nube,cloud
5247,formación,training
5248,compraste,you bought
5249,decepcionado,upset
5250,autopista,highway
5251,evidente,evident
5252,camiones,trucks
5253,programas,programs
5254,falsas,false
5255,daisy,daisy
5256,encuentres,find
5257,matas,you kill
5258,quitado,taken
5259,actividades,activities
5260,líderes,leaders
5261,escuchad,listen
5262,global,global
5263,esclavo,slave
5264,ocasiones,occasions
5265,dejarle,leave him
5266,confirmar,confirm
5267,pendiente,earring
5268,toalla,towel
5269,construido,built
5270,creación,creation
5271,raros,rare
5272,novios,a couple
5273,escuches,listen
5274,temía,I was afraid
5275,detiene,stops
5276,be,be
5277,gusano,worm
5278,atmósfera,atmosphere
5279,gina,Gina
5280,reunir,meet
5281,espiritual,spiritual
5282,pensión,pension
5283,sirven,They serve
5284,saldremos,we will go out
5285,marica,sissy
5286,república,republic
5287,siéntense,sit down
5288,sabio,sage
5289,increíbles,incredible
5290,embajada,embassy
5291,quieta,still
5292,escribo,I write
5293,poema,poem
5294,kang,kang
5295,terminará,will end
5296,tenis,tennis
5297,civilización,civilization
5298,patada,kick
5299,cuerdas,ropes
5300,dibujos,drawings
5301,perdieron,They lost
5302,brenda,Brenda
5303,tirando,throwing
5304,miran,they look
5305,prometes,you promise
5306,chase,chase
5307,pluma,feather
5308,r,r
5309,posibles,possible
5310,fallo,failed
5311,iris,iris
5312,superman,Superman
5313,entendemos,we understand
5314,rodilla,knee
5315,vestida,dressed
5316,echó,threw
5317,philip,Philip
5318,tirador,shooter
5319,aparato,apparatus
5320,modales,manners
5321,horror,horror
5322,quisiste,you wanted
5323,pavos,turkeys
5324,permitiré,I will allow
5325,estatua,statue
5326,asegurarse,make sure
5327,regresen,return
5328,mandado,command
5329,continua,continues
5330,siesta,snap
5331,ausencia,absence
5332,perdemos,we lose
5333,collins,Collins
5334,encontrarán,they will find
5335,cuentos,stories
5336,wade,wade
5337,maletín,briefcase
5338,phoebe,Phoebe
5339,jules,Jules
5340,ellie,Ellie
5341,perfume,perfume
5342,grabar,engrave
5343,crece,grows
5344,jen,Jen
5345,echarle,add it
5346,entro,I enter
5347,duelo,duel
5348,israel,Israel
5349,cometí,I committed
5350,organizar,organize
5351,pervertido,pervert
5352,subió,went up
5353,revistas,magazines
5354,dejarás,you will leave
5355,lleves,wear
5356,walt,Walt
5357,carla,Carla
5358,jill,Jill
5359,enciende,turn on
5360,quitó,removed
5361,radar,radar
5362,seriamente,seriously
5363,probabilidades,probabilities
5364,capullo,cocoon
5365,deseando,wishing
5366,dana,dana
5367,bang,bang
5368,habrás,you will have
5369,ganaste,you won
5370,locas,crazy
5371,hall,hall
5372,encantó,charm
5373,telefónica,telephone
5374,llegues,arrive
5375,micrófono,microphone
5376,margen,margin
5377,gesto,gesture
5378,cintas,tapes
5379,sugiere,suggests
5380,embarazo,pregnancy
5381,stuart,Stuart
5382,encaja,fits
5383,consuelo,comfort
5384,llamarla,call her
5385,sabiduría,wisdom
5386,sincera,sincere
5387,bolsillos,pockets
5388,paula,Paula
5389,comencé,I started
5390,noel,Christmas
5391,muestran,show
5392,lea,read
5393,mágica,magic
5394,terriblemente,terribly
5395,recuerdan,remember
5396,solíamos,we used to
5397,susto,scare
5398,ocurrirá,will happen
5399,hadas,fairies
5400,sos,sos
5401,preocuparme,worry
5402,hare,I will
5403,vidrio,glass
5404,término,term
5405,volverán,they will return
5406,desorden,disorder
5407,alimentar,feed
5408,boleto,ticket
5409,lavado,washing
5410,confusión,confusion
5411,angeles,angels
5412,ave,bird
5413,cambié,I changed
5414,temer,fear
5415,pense,I thought
5416,danos,give us
5417,facultad,faculty
5418,mochila,backpack
5419,satélite,satellite
5420,independiente,independent
5421,intentan,they try
5422,enero,January
5423,busqué,I searched
5424,diosa,goddess
5425,estuvieran,were
5426,barón,baron
5427,clay,clay
5428,artes,arts
5429,nocturno,night
5430,timbre,ring
5431,escapa,escape
5432,establecer,establish
5433,what,what
5434,duermo,I sleep
5435,araña,spider
5436,detenga,stop
5437,intentes,try
5438,correos,mail
5439,profesores,teachers
5440,enseñarle,teach him
5441,guerreros,warriors
5442,ancianos,seniors
5443,preocupo,I worry
5444,bebes,you drink
5445,imaginaba,I imagined
5446,mundos,worlds
5447,martillo,hammer
5448,eterna,eternal
5449,sufrió,suffered
5450,comentario,comment
5451,inicio,start
5452,buscarme,look for me
5453,impresionado,impressed
5454,estelar,stellar
5455,pagas,you pay
5456,álbum,album
5457,rojos,reds
5458,jueces,judges
5459,allen,Allen
5460,sufre,suffers
5461,internos,internal
5462,casé,I got married
5463,teresa,Teresa
5464,pudieran,could
5465,ola,wave
5466,equivoca,mistaken
5467,desaparecida,missing
5468,retrato,portrait
5469,justa,fair
5470,repugnante,disgusting
5471,mentirosa,liar
5472,uu,uu
5473,mirado,looked
5474,confesar,confess
5475,vacas,cattle
5476,deberá,must
5477,rojas,reds
5478,repetir,repeat
5479,respiro,respite
5480,cuya,whose
5481,ganancias,earnings
5482,disfrutando,enjoying
5483,comedia,comedy
5484,boy,boy
5485,chip,chip
5486,amables,kind
5487,inversión,investment
5488,gemelos,twins
5489,minas,mines
5490,falsos,false
5491,times,times
5492,pat,pat
5493,matarnos,kill us
5494,cogí,I grabbed
5495,australia,Australia
5496,seda,silk
5497,malentendido,misunderstanding
5498,distintas,different
5499,diamante,diamond
5500,april,April
5501,cojo,lame
5502,avergonzado,ashamed
5503,siguientes,following
5504,agarrar,grab
5505,comunicaciones,communications
5506,dirán,they will say
5507,cobrar,charge
5508,dificultades,difficulties
5509,lápiz,pencil
5510,pague,pay
5511,deberia,ought
5512,caiga,fall
5513,tara,tare
5514,christopher,Christopher
5515,avenida,avenue
5516,comenzamos,we begin
5517,seca,dry
5518,contentos,happy
5519,vivió,lived
5520,hágalo,Do it
5521,que-,that-
5522,bruno,Bruno
5523,llévate,take it
5524,oculto,hidden
5525,metes,you put
5526,soo,soo
5527,principales,main
5528,mario,Mario
5529,vic,vic
5530,euros,euros
5531,salva,save
5532,mantengan,maintain
5533,entras,you enter
5534,manhattan,Manhattan
5535,promesas,promises
5536,explosivos,explosives
5537,kennedy,Kennedy
5538,ataúd,coffin
5539,cancelar,Cancel
5540,island,island
5541,excusas,excuses
5542,emergencias,emergencies
5543,orgullosos,proud
5544,creerme,believe me
5545,brooklyn,Brooklyn
5546,seguida,followed
5547,busque,search
5548,encendido,on
5549,coro,choir
5550,urgencias,emergencies
5551,tales,such
5552,observa,observe
5553,manual,manual
5554,privacidad,privacy
5555,ll,ll
5556,pasaré,I will pass
5557,recuperación,recovery
5558,cuartos,rooms
5559,semejante,such
5560,sobra,surplus
5561,oler,smell
5562,presentado,presented
5563,basado,based
5564,paro,arrest
5565,dinos,tell us
5566,tenerla,to have it
5567,lawrence,Lawrence
5568,andrea,Andrea
5569,modelos,models
5570,pida,ask
5571,saluda,hello
5572,dejadme,leave me
5573,comí,I ate
5574,nido,nest
5575,curtis,Curtis
5576,plataforma,platform
5577,benny,Benny
5578,booth,booth
5579,pam,pam
5580,afortunadamente,fortunately
5581,entran,enter
5582,pagué,I paid
5583,objeción,objection
5584,reconoces,you recognize
5585,clan,clan
5586,chance,chance
5587,tokio,Tokyo
5588,preguntaste,you asked
5589,vital,vital
5590,vanessa,Vanessa
5591,vinieras,you came
5592,pañuelo,handkerchief
5593,preso,prisoner
5594,durar,span
5595,llevarnos,take us
5596,esperé,wait
5597,trampas,traps
5598,quedaron,they remained
5599,ned,ned
5600,saludar,greet
5601,prométeme,promise me
5602,caen,fall
5603,franklin,Franklin
5604,halloween,Halloween
5605,donald,Donald
5606,aguarda,wait
5607,causó,caused
5608,darás,you will give
5609,niebla,fog
5610,psicópata,psychopath
5611,rodeado,surrounded
5612,invitar,invite
5613,cal,lime
5614,escucharlo,listen to it
5615,culpo,I blame
5616,vamonos,let's go
5617,colgado,hanging
5618,goma,eraser
5619,talla,size
5620,oración,prayer
5621,turner,Turner
5622,acércate,come closer
5623,tomemos,Let's take
5624,maestros,teachers
5625,cómplice,accomplice
5626,cercana,nearby
5627,preguntan,they ask
5628,preocupas,you worry
5629,saldré,I will go out
5630,licor,liqueur
5631,llevara,would take
5632,teme,fears
5633,ídolo,idol
5634,sindicato,union
5635,fallado,failed
5636,crane,crane
5637,usé,I used
5638,simpson,Simpson
5639,globo,globe
5640,blancas,white
5641,audición,hearing
5642,vigilar,watch
5643,almohada,pillow
5644,oido,ear
5645,rehabilitación,rehabilitation
5646,increible,incredible
5647,galaxia,galaxy
5648,long,long
5649,curar,cure
5650,elefante,elephant
5651,robé,I stole
5652,guardián,guardian
5653,investigaciones,research
5654,fuéramos,we were
5655,tejido,tissue
5656,muñecas,dolls
5657,llamaría,would call
5658,anderson,Anderson
5659,atacado,attacked
5660,vagina,vagina
5661,samantha,Samantha
5662,levantado,up
5663,tabla,board
5664,monos,monkeys
5665,escudo,shield
5666,extranjeros,foreigners
5667,denise,denise
5668,bañera,bathtub
5669,pop,pop
5670,ayudarlos,help them
5671,moderna,modern
5672,blue,blue
5673,interrogatorio,interrogation
5674,rapido,fast
5675,merecen,They deserve
5676,bonitos,pretty
5677,angel,angel
5678,g,g
5679,woo,woo
5680,brasil,Brazil
5681,freddie,Freddie
5682,asistencia,attendance
5683,pagará,will pay
5684,novato,rookie
5685,avisar,warn
5686,hemorragia,hemorrhage
5687,conviene,it is advisable
5688,ajá,uh-huh
5689,perrito,puppy
5690,créame,believe me
5691,olas,surf
5692,sabré,I will know
5693,caí,I fell
5694,manejarlo,handle it
5695,fenómeno,freak
5696,quejas,complaints
5697,coca,coca
5698,persiguiendo,chasing
5699,lotería,lottery
5700,acerques,approach
5701,certificado,certificate
5702,bigote,moustache
5703,aca,here
5704,bondad,goodness
5705,aterrizar,land
5706,misiles,missiles
5707,planos,plans
5708,despierte,wake up
5709,despedirme,say goodbye
5710,connie,Connie
5711,avance,advance
5712,sacarme,get me out
5713,prepárense,get ready
5714,tumor,tumor
5715,camarera,waitress
5716,herencia,inheritance
5717,vaquero,cowboy
5718,trenes,trains
5719,largos,long
5720,patria,homeland
5721,ponía,put
5722,enviando,sending
5723,apagado,off
5724,rastrear,track
5725,acababa,it was ending
5726,campeonato,championship
5727,técnico,technical
5728,injusto,unfair
5729,activo,asset
5730,pesadillas,nightmares
5731,galería,gallery
5732,drew,Drew
5733,sacando,taking out
5734,vió,saw
5735,tanques,tanks
5736,enseña,teaches
5737,editor,editor
5738,liberación,release
5739,interesantes,interesting
5740,comenzaron,they began
5741,quinta,fifth
5742,levante,Levant
5743,pesa,weight
5744,responda,answer
5745,lance,throw
5746,pondría,I would put
5747,resistir,resist
5748,hueles,You smell
5749,bajen,come down
5750,hermosos,beautiful
5751,arriesgado,risky
5752,mueres,you die
5753,duke,duke
5754,agallas,guts
5755,verlas,see them
5756,sentirlo,feel it
5757,faltaba,was missing
5758,cindy,Cindy
5759,armados,armed
5760,volumen,volume
5761,hunter,hunter
5762,bailarina,ballerina
5763,huyó,fled
5764,edición,edition
5765,atreve,dare
5766,ganan,they win
5767,debate,debate
5768,cables,cables
5769,necesitará,you will need
5770,compraré,I will buy
5771,odian,they hate
5772,poeta,poet
5773,cortes,courteous
5774,doña,dona
5775,manta,blanket
5776,competir,compete
5777,nazis,Nazis
5778,fritas,fried
5779,dentista,dentist
5780,amamos,we love
5781,encontraba,found
5782,menú,menu
5783,may,may
5784,necesariamente,necessarily
5785,negras,black
5786,descubrimiento,discovery
5787,organizado,organized
5788,apetito,appetite
5789,cameron,Cameron
5790,traen,bring
5791,muriera,died
5792,visual,visual
5793,acostado,lying down
5794,ángulo,angle
5795,inferior,lower
5796,sydney,Sydney
5797,incapaz,unable
5798,volante,steering wheel
5799,sierra,saw
5800,probando,testing
5801,distinta,different
5802,sentiría,I would feel
5803,abuso,abuse
5804,celebración,celebration
5805,diente,tooth
5806,tuyas,yours
5807,humilde,humble
5808,discutiendo,discussing
5809,gene,gene
5810,suicidó,committed suicide
5811,disposición,provision
5812,conversaciones,conversations
5813,lámpara,lamp
5814,sabrán,they will know
5815,métodos,methods
5816,marcos,Marcos
5817,huéspedes,guests
5818,crean,create
5819,preocupen,worry
5820,direcciones,directions
5821,baker,baker
5822,planetas,planets
5823,determinar,determine
5824,condesa,countess
5825,ópera,opera
5826,corten,corten
5827,peligrosos,dangerous
5828,asesinados,murdered
5829,joy,joy
5830,medicinas,medicines
5831,rory,Rory
5832,mansión,mansion
5833,torres,towers
5834,lecciones,lessons
5835,sentirte,feel
5836,comprando,buying
5837,equilibrio,balance
5838,trevor,Trevor
5839,lograrlo,achieve it
5840,culpar,blame
5841,sacas,you take out
5842,crecí,I grew up
5843,certeza,certainty
5844,observar,notice
5845,molestando,bothering
5846,supervivencia,survival
5847,nacer,be born
5848,hechas,made
5849,sacaron,they took out
5850,p,p
5851,olvidas,you forget
5852,escondiendo,hiding
5853,can,dog
5854,famosos,celebrities
5855,melissa,Melissa
5856,ias,ias
5857,aterrizaje,landing
5858,girar,spin
5859,aceptarlo,accept it
5860,danza,dance
5861,little,little
5862,métete,get in
5863,hambriento,hungry
5864,mates,math
5865,ordenado,tidy
5866,calcetines,socks
5867,confuso,confused
5868,enamorados,lovers
5869,j.,j.
5870,moderno,modern
5871,tocas,you play
5872,responsables,responsible
5873,tabaco,tobacco
5874,registrado,registered
5875,balón,ball
5876,top,top
5877,boletos,tickets
5878,lentes,glasses
5879,consejero,counselor
5880,chistes,jokes
5881,guerras,wars
5882,sacaré,I'll take out
5883,coordenadas,coordinates
5884,vergonzoso,shameful
5885,distintos,different
5886,fingiendo,pretending
5887,significaba,meant
5888,mensajero,messenger
5889,judy,Judy
5890,test,test
5891,cortesía,courtesy
5892,campus,campus
5893,compro,bought
5894,bingo,bingo
5895,asumo,I assume
5896,j,j
5897,impulso,impulse
5898,pensaría,I would think
5899,venden,Do you sell
5900,contratado,contracted
5901,conozcas,know
5902,utilizando,using
5903,chan,chan
5904,propiedades,properties
5905,explicaré,I will explain
5906,signo,sign
5907,disparando,shooting
5908,ajedrez,chess
5909,aseguraré,I will assure
5910,crítica,criticism
5911,necesitabas,you needed
5912,británicos,British
5913,ciega,blind
5914,cordero,lamb
5915,democracia,democracy
5916,rastros,traces
5917,protege,protects
5918,papeleo,paperwork
5919,cubo,cube
5920,judicial,judicial
5921,sid,sid
5922,masaje,massage
5923,beca,scholarship
5924,verse,verse
5925,miseria,misery
5926,conocías,did you know
5927,contenido,content
5928,razon,reason
5929,sana,fury
5930,ritual,ritual
5931,aliados,allies
5932,orina,urine
5933,ofender,offend
5934,hilo,thread
5935,seattle,Seattle
5936,subido,uploaded
5937,eche,eche
5938,quedaría,would remain
5939,enfermería,nursing
5940,entienda,understand
5941,matrícula,tuition
5942,jung,jung
5943,dejarán,they will leave
5944,a.m.,A.M.
5945,raya,stripe
5946,superiores,superiors
5947,islas,islands
5948,dispuestos,willing
5949,mascota,pet
5950,ascenso,ascent
5951,comenzando,starting
5952,delicado,delicate
5953,incluye,includes
5954,revisa,check
5955,entraron,they entered
5956,estabamos,we were
5957,llevaste,you took
5958,duermes,sleep
5959,neal,neal
5960,empuja,push
5961,atado,tied
5962,telegrama,telegram
5963,oir,hear
5964,sorprendió,surprised
5965,christian,Christian
5966,pegó,hit
5967,salvarte,save you
5968,deseaba,I wished
5969,pisos,floors
5970,soñar,dream
5971,interna,internal
5972,avanzar,advance
5973,guy,guy
5974,mercancía,commodity
5975,localizar,locate
5976,choque,shock
5977,desesperada,desperate
5978,d.,d.
5979,águila,eagle
5980,rebeldes,rebels
5981,apunta,points
5982,troy,Troy
5983,líquido,liquid
5984,llegaré,I will arrive
5985,rompí,I broke
5986,dispararle,shoot him
5987,bailey,Bailey
5988,jodas,jokes
5989,carbón,coal
5990,regresé,I returned
5991,secuestrado,kidnapped
5992,aprendiendo,learning
5993,sandra,Sandra
5994,ayúdeme,Help me
5995,cocinero,chef
5996,quitarme,remove
5997,entraste,you entered
5998,katherine,Katherine
5999,medicación,medication
6000,baños,bathrooms
6001,creías,you believed
6002,ácido,acid
6003,agresión,assault
6004,lex,lex
6005,consulta,consultation
6006,nicky,Nicky
6007,alison,Alison
6008,jan.,Jan.
6009,detenerme,stop
6010,órganos,organs
6011,zach,Zach
6012,situaciones,situations
6013,barro,mud
6014,jódete,fuck off
6015,jazz,jazz
6016,debamos,we must
6017,amber,amber
6018,cleveland,Cleveland
6019,múltiples,multiple
6020,cuentan,they say
6021,apártate,step aside
6022,cretino,cretin
6023,brooke,Brooke
6024,gays,gays
6025,obtuvo,obtained
6026,min,min
6027,drake,Drake
6028,multa,fine
6029,anillos,rings
6030,kirk,Kirk
6031,quedara,will remain
6032,claudia,Claudia
6033,hacerles,make them
6034,trabajador,worker
6035,acabaron,they finished
6036,quirófano,operating room
6037,aéreo,air
6038,carmen,Carmen
6039,misa,mass
6040,riqueza,wealth
6041,separado,separate
6042,toneladas,tons
6043,criada,maid
6044,ida,outbound
6045,madison,Madison
6046,observación,observation
6047,deténgase,Stop
6048,asistir,assist
6049,compañías,companies
6050,mm-hmm,mm-hmm
6051,freddy,Freddy
6052,voluntario,volunteer
6053,puñado,handful
6054,profundidad,depth
6055,ligero,light
6056,cuadros,paintings
6057,incendios,fires
6058,meg,meg
6059,afortunada,lucky
6060,pega,glue
6061,c.,c.
6062,añadir,add
6063,harrison,Harrison
6064,músculos,muscles
6065,reunirse,meet up
6066,sheila,Sheila
6067,sacamos,we took out
6068,depresión,depression
6069,afueras,outskirts
6070,confirmado,confirmed
6071,sordo,deaf
6072,vano,vain
6073,brigada,brigade
6074,diremos,we will say
6075,perdonar,forgive
6076,gigantes,giants
6077,pila,stack
6078,presentes,present
6079,bahía,bay
6080,lesbiana,lesbian
6081,ayuntamiento,city ​​hall
6082,ligera,light
6083,acceder,access
6084,comprometido,engaged
6085,sentar,sit
6086,fáciles,easy
6087,píldoras,pills
6088,preocupaciones,concerns
6089,eve,eve
6090,compre,buy
6091,desean,wish
6092,ansioso,anxious
6093,despertado,awakened
6094,mantenerte,keep
6095,suplico,I beg
6096,with,with
6097,escúcheme,Listen to me
6098,demos,demos
6099,stella,Stella
6100,pierden,they lose
6101,ii,ii
6102,olvidarlo,forget it
6103,mencionado,mentioned
6104,interno,internal
6105,pacífico,peaceful
6106,obligación,obligation
6107,hablará,will speak
6108,comunista,communist
6109,osos,bears
6110,espías,spies
6111,ohh,ohh
6112,arreglaré,I'll fix it
6113,cuentes,count
6114,coincide,coincide
6115,servido,served
6116,asegurarnos,make sure
6117,mick,Mick
6118,espectacular,spectacular
6119,filosofía,philosophy
6120,simpático,sympathetic
6121,contraseña,password
6122,pillado,caught
6123,naomi,Naomi
6124,volviera,return
6125,levantarse,get up
6126,supuestamente,supposedly
6127,veredicto,verdict
6128,regresará,will return
6129,cubre,covers
6130,jabón,soap
6131,egipto,Egypt
6132,terminemos,Let's finish.
6133,simples,simple
6134,concentración,concentration
6135,dejarnos,leave us
6136,déjanos,leave us
6137,factura,bill
6138,zack,Zack
6139,cargado,loaded
6140,submarino,submarine
6141,expertos,experts
6142,cazadores,hunters
6143,afecto,keen
6144,sonreír,smile
6145,volvía,I was returning
6146,protegiendo,protecting
6147,dejad,leave
6148,desconocida,unknown
6149,one,one
6150,oírte,hear you
6151,cristiano,Christian
6152,víctor,Victor
6153,invasión,invasion
6154,maricón,fagot
6155,permanece,remains
6156,jon,Jon
6157,botones,buttons
6158,habríamos,we would have
6159,criado,servant
6160,solucionar,solve
6161,dawson,Dawson
6162,despertó,awoke
6163,oriente,East
6164,especialista,specialist
6165,imbéciles,idiots
6166,mantenerse,keep
6167,alexander,Alexander
6168,suiza,Swiss
6169,tapa,cover
6170,alla,there
6171,votación,vote
6172,shaw,Shaw
6173,lloyd,Lloyd
6174,heredero,heir
6175,atravesar,cross
6176,adams,Adams
6177,favoritos,favorites
6178,traerá,will bring
6179,engañando,deceiving
6180,hamburguesas,burgers
6181,esfuerzos,efforts
6182,diarios,daily
6183,arrogante,arrogant
6184,moriré,I will die
6185,excitante,exciting
6186,entrenar,train
6187,maneja,drives
6188,permíteme,allow me
6189,creíste,you believed
6190,bosques,forests
6191,insectos,insects
6192,liberado,released
6193,irene,Irene
6194,brillo,glow
6195,becky,Becky
6196,romántica,romantic
6197,corresponde,corresponds
6198,ruby,Ruby
6199,harvard,Harvard
6200,debías,you should have
6201,choi,choi
6202,molestado,bothered
6203,rosie,Rosie
6204,admiro,I admire
6205,georgia,Georgia
6206,costillas,ribs
6207,bernard,Bernard
6208,valentín,Valentine
6209,llenas,full
6210,retirado,retired
6211,anciana,old woman
6212,escribiste,you wrote
6213,hablen,speak
6214,concéntrate,concentrate
6215,matamos,we killed
6216,fuegos,fires
6217,suban,get on
6218,sucios,dirty
6219,divertirse,enjoy
6220,astuto,cunning
6221,hueco,gap
6222,pariente,relative
6223,oficinas,offices
6224,reed,reed
6225,coja,lame
6226,complicada,complicated
6227,acercarse,approach
6228,oficio,job
6229,tejado,roof
6230,periodistas,journalists
6231,dorado,golden
6232,marinero,sailor
6233,sentidos,senses
6234,torneo,tournament
6235,kit,kit
6236,encantaba,I loved it
6237,this,this
6238,hacha,axe
6239,palmer,Palmer
6240,pasteles,cakes
6241,despedir,dismiss
6242,enteró,whole
6243,echaré,I will throw
6244,destrozado,destroyed
6245,marchó,marched
6246,miranda,Miranda
6247,computadoras,computers
6248,burro,donkey
6249,etiqueta,label
6250,sharon,Sharon
6251,marcharse,leave
6252,produce,produces
6253,naciones,nations
6254,referencia,reference
6255,polo,pole
6256,maldad,evil
6257,quedaremos,we will stay
6258,jodidos,fucked up
6259,aprendiste,you learned
6260,perry,Perry
6261,divirtiendo,having fun
6262,costo,cost
6263,recorrido,route
6264,retrasado,delayed
6265,arnold,Arnold
6266,lograste,you succeeded
6267,convertirme,become
6268,núcleo,core
6269,controlado,controlled
6270,pm,p.m
6271,bell,bell
6272,pidieron,they asked
6273,conseguiremos,we will achieve
6274,acuerda,agrees
6275,grabado,recorded
6276,cadenas,chains
6277,cálmese,calm down
6278,reducir,reduce
6279,bajos,low
6280,honorable,honorable
6281,comidas,meals
6282,bodega,store
6283,funcionado,working
6284,traficante,trafficker
6285,amenazó,threatened
6286,renta,rent
6287,saliera,would go out
6288,posiciones,positions
6289,tiros,shooting
6290,toco,I play
6291,metiendo,putting
6292,tímido,shy
6293,conveniente,convenient
6294,cerrados,closed
6295,ie,ie
6296,identificado,identified
6297,inocencia,innocence
6298,pinturas,paintings
6299,estadio,stadium
6300,elemento,element
6301,marrón,brown
6302,supuse,I assumed
6303,retrocede,back
6304,sillas,chairs
6305,individuo,individual
6306,sorpresas,surprises
6307,adicto,addicted
6308,cabrones,bastards
6309,terapeuta,therapist
6310,ridícula,ridiculous
6311,busquen,look
6312,derrota,defeat
6313,traerlo,bring it
6314,hazte,make yourself
6315,finn,finn
6316,morirás,you will die
6317,orilla,bank
6318,mientas,while
6319,construyó,built
6320,escuchan,they listen
6321,chimenea,chimney
6322,febrero,February
6323,respondió,responded
6324,recoge,collects
6325,wallace,Wallace
6326,doyle,Doyle
6327,inglesa,English
6328,mueras,die
6329,cumple,fulfills
6330,muevan,move
6331,muertas,dead
6332,dormí,I slept
6333,limpiando,cleaning
6334,confidencial,confidential
6335,suite,suite
6336,caleb,Caleb
6337,piratas,pirates
6338,reparar,fix
6339,dorothy,Dorothy
6340,rehén,hostage
6341,manchas,stains
6342,bud,bud
6343,cicatriz,scar
6344,borrar,delete
6345,fundación,foundation
6346,robbie,Robbie
6347,ciencias,sciences
6348,iniciar,start
6349,reservado,reserved
6350,justamente,fairly
6351,conocidos,acquaintances
6352,niego,I deny
6353,ningun,none
6354,descubre,discover
6355,adelantado,advanced
6356,blair,Blair
6357,aah,aah
6358,sábanas,bed sheets
6359,argumento,argument
6360,dueños,owners
6361,castle,castle
6362,viajando,traveling
6363,metiste,you put
6364,terminaron,they finished
6365,sip,yes
6366,esperábamos,we were waiting
6367,flash,flash
6368,alec,Alec
6369,enseño,taught
6370,fox,fox
6371,phillip,Phillip
6372,cruzado,crossed
6373,roba,steals
6374,tradicional,traditional
6375,creció,grew
6376,cobertura,coverage
6377,pillo,rascal
6378,escritura,writing
6379,entere,find out
6380,billetera,wallet
6381,hacíamos,we used to
6382,vapor,steam
6383,cosecha,harvest
6384,generaciones,generations
6385,wyatt,Wyatt
6386,capturado,caught
6387,cuñado,brother in law
6388,damon,Damon
6389,sagrada,sacred
6390,sonidos,sounds
6391,eeuu,USA
6392,tranquilidad,tranquillity
6393,gatito,kitten
6394,periodo,period
6395,ocupo,I occupy
6396,traicionado,betrayed
6397,furia,rage
6398,recuperado,recovered
6399,cuide,take care
6400,tortuga,tortoise
6401,patty,Patty
6402,piden,they ask
6403,mo,mo
6404,ficción,fiction
6405,nikki,Nikki
6406,fuí,I went
6407,milagros,miracles
6408,soñado,dreamed
6409,pis,pee
6410,andas,walks
6411,ovejas,sheep
6412,granero,barn
6413,docenas,dozens
6414,quienquiera,whoever
6415,juegan,they play
6416,lógico,logical
6417,disciplina,discipline
6418,revisando,reviewing
6419,recibiste,you received
6420,retirarse,withdraw
6421,noah,Noah
6422,salvador,savior
6423,privilegio,privilege
6424,secuencia,sequence
6425,pensaré,I'll think
6426,antiguas,ancient
6427,lydia,Lydia
6428,semillas,seeds
6429,afganistán,Afghanistan
6430,ponernos,put us
6431,aprovechar,leverage
6432,falda,skirt
6433,mikey,Mikey
6434,morris,Morris
6435,shakespeare,Shakespeare
6436,tendrían,they would have
6437,acompaño,I accompany
6438,diferencias,differences
6439,escocia,Scotland
6440,menuda,what a
6441,utilizado,used
6442,linea,line
6443,pelos,hairs
6444,circuito,circuit
6445,agradecida,grateful
6446,richie,Richie
6447,up,up
6448,mantuvo,kept
6449,aprobación,approval
6450,novedad,novelty
6451,impedir,prevent
6452,ego,ego
6453,conocerle,meet him
6454,imaginado,imagined
6455,protegido,protected
6456,enfermeras,nurses
6457,gustaria,I would like
6458,pirata,pirate
6459,mantenido,kept
6460,burke,Burke
6461,usarla,use it
6462,inspiración,inspiration
6463,aterrador,scary
6464,lindsay,Lindsay
6465,dolares,dollars
6466,logré,I managed
6467,borrachos,drunks
6468,estaciones,stations
6469,cheques,checks
6470,norma,rule
6471,mecánico,mechanic
6472,perdedores,losers
6473,houston,Houston
6474,polis,police
6475,reconocido,recognized
6476,videos,videos
6477,gripe,flu
6478,ataca,attacks
6479,sacarle,take it out
6480,existir,exist
6481,jesus,Jesus
6482,thompson,Thompson
6483,bus,bus
6484,precios,prices
6485,inevitable,inevitable
6486,pusimos,we put
6487,cuba,Cuba
6488,estúpidas,stupid
6489,matarlos,kill them
6490,lastimado,hurt
6491,delitos,crimes
6492,espantoso,frightening
6493,comience,begin
6494,quitarle,remove
6495,postal,postal
6496,irak,Iraq
6497,claridad,clarity
6498,demostrado,demonstrated
6499,acusaciones,accusations
6500,hal,hal
6501,hans,Hans
6502,bicho,bug
6503,beverly,Beverly
6504,sencilla,simple
6505,saltó,leap
6506,chofer,driver
6507,tomarlo,take it
6508,creéis,do you believe
6509,encantará,love it
6510,dr,Dr.
6511,físicamente,physically
6512,occidental,western
6513,ejecutivo,executive
6514,escondite,hiding place
6515,aumentar,increase
6516,entregado,delivered
6517,mantenerme,keep me
6518,desee,wish
6519,femenina,female
6520,romeo,Romeo
6521,molestarte,bother you
6522,torpe,clumsy
6523,maurice,Maurice
6524,partículas,particles
6525,enano,dwarf
6526,cerró,hill
6527,pásame,pass me
6528,delgado,slim
6529,escuchamos,we listen
6530,denuncia,complaint
6531,dispare,shoot
6532,vasos,glasses
6533,serpientes,snakes
6534,experimentos,experiments
6535,apoyar,support
6536,obsesionado,obsessed
6537,retirar,withdraw
6538,encontrarnos,meet
6539,dada,Dadaist
6540,cállese,shut up
6541,aquellas,those
6542,detención,detention
6543,tristes,sad
6544,perímetro,perimeter
6545,bloqueo,blockade
6546,preguntaré,I will ask
6547,intenso,intense
6548,pierce,Pierce
6549,construyendo,building
6550,principalmente,mostly
6551,suelen,usually
6552,portátil,portable
6553,vagabundo,tramp
6554,comemos,we eat
6555,pueblos,towns
6556,casamos,we got married
6557,investigador,researcher
6558,suministros,supplies
6559,putos,fucking
6560,preocupaba,worried
6561,conversar,discuss
6562,daphne,Daphne
6563,valientes,brave
6564,sebastian,Sebastian
6565,mcgee,McGee
6566,hockey,hockey
6567,vendré,I will come
6568,vicepresidente,Vice President
6569,transferencia,transfer
6570,garantía,warranty
6571,torta,cake
6572,tremendo,tremendous
6573,entremos,Let's go in
6574,devolveré,I will return
6575,barata,cheap
6576,alfred,Alfred
6577,extraterrestres,extraterrestrials
6578,pegar,paste
6579,comprobado,checked
6580,isaac,Isaac
6581,esperaremos,We will wait
6582,stark,stark
6583,costará,will cost
6584,descanse,rest
6585,dulzura,sweetness
6586,escondidas,hidden
6587,lastimar,hurt
6588,pasaje,passage
6589,acercó,approached
6590,encontrarse,meet
6591,negar,deny
6592,pensaron,they thought
6593,vulnerable,vulnerable
6594,lenta,slow
6595,atacaron,they attacked
6596,quite,Quite
6597,suéltalo,let it go
6598,manny,Manny
6599,mercedes,Mercedes
6600,portal,portal
6601,necesitarás,you will need
6602,pudiese,could
6603,linterna,flashlight
6604,alemana,German
6605,lindos,cute
6606,zorro,fox
6607,vestuario,locker room
6608,evidencias,evidence
6609,garantizo,I guarantee
6610,criar,breed
6611,colocar,place
6612,auténtica,authentic
6613,pendejo,stupid
6614,ordenar,order
6615,debimos,we should have
6616,cabe,fit
6617,alimento,food
6618,pilotos,pilots
6619,amiguito,little friend
6620,gorra,cap
6621,revisión,revision
6622,exacta,exact
6623,hanna,Hanna
6624,dong,dong
6625,vehículos,vehicles
6626,presentarte,introduce yourself
6627,recibirá,will receive
6628,khan,khan
6629,evidentemente,obviously
6630,joel,Joel
6631,senado,senate
6632,atras,back
6633,caramelos,candies
6634,ofrezco,I offer
6635,trataré,I will try
6636,er,er
6637,usaste,you used
6638,déme,give me
6639,salvación,salvation
6640,cobra,cobra
6641,baloncesto,basketball
6642,pacto,covenant
6643,aceptó,accepted
6644,vientre,belly
6645,jessie,Jessie
6646,yang,yang
6647,tuviéramos,we had
6648,callar,shut up
6649,deliciosa,delicious
6650,mirarme,look at me
6651,opina,opinion
6652,roll,roll
6653,negó,He denied
6654,rubio,blond
6655,boyd,boyd
6656,tomate,tomato
6657,césped,grass
6658,inicial,initial
6659,aplauso,applause
6660,centímetros,centimeters
6661,ordenes,orders
6662,peggy,Peggy
6663,ingresos,income
6664,homero,homer
6665,accidentes,accidents
6666,declarar,declare
6667,canalla,scoundrel
6668,oyeron,they heard
6669,douglas,Douglas
6670,ordeno,I order
6671,jovencito,youngster
6672,hospitales,hospitals
6673,engañó,deception
6674,esperes,wait
6675,respetar,respect
6676,filmar,film
6677,rana,frog
6678,mosca,fly
6679,vecina,neighbor
6680,ansiedad,anxiety
6681,puño,fist
6682,veis,you see
6683,premios,awards
6684,leerlo,read it
6685,rama,branch
6686,perderte,losing you
6687,envíe,send
6688,retirada,withdrawal
6689,averigua,find out
6690,curva,curve
6691,brilla,shines
6692,debas,you must
6693,aventuras,adventure
6694,ofrecido,offered
6695,considero,considered
6696,romano,Roman
6697,portero,goalie
6698,sospechas,suspicions
6699,elaine,Elaine
6700,sepamos,let's know
6701,bobo,fool
6702,algodón,cotton
6703,sexto,sixth
6704,bajó,low
6705,crítico,critical
6706,soñé,I dreamed
6707,eterno,eternal
6708,entusiasmo,enthusiasm
6709,instalaciones,facilities
6710,manejo,management
6711,saludo,greeting
6712,compramos,we bought
6713,ultimo,last
6714,posee,has
6715,castigado,punished
6716,cohete,rocket
6717,gps,GPS
6718,disculpo,I apologize
6719,extrañar,miss
6720,salvarme,save me
6721,nazi,Nazi
6722,sostén,support
6723,fórmula,formula
6724,limón,lemon
6725,erica,Erica
6726,jamón,ham
6727,boom,boom
6728,sensores,sensors
6729,esencia,essence
6730,instrumento,instrument
6731,renuncia,resignation
6732,elegí,I chose
6733,fusión,fusion
6734,atrevas,dare
6735,intentaste,did you try
6736,suicida,suicide
6737,rebelde,rebel
6738,vago,lazy
6739,vías,roads
6740,samuel,Samuel
6741,camaradas,comrades
6742,winston,Winston
6743,asustó,frightened
6744,revelar,reveal
6745,sugerencia,suggestion
6746,srta,Ms
6747,echas,throws
6748,caca,poop
6749,shirley,Shirley
6750,legales,legal
6751,legalmente,legally
6752,clyde,Clyde
6753,won,won
6754,prostitutas,prostitutes
6755,promedio,average
6756,tela,fabric
6757,kathy,Kathy
6758,superado,overcome
6759,aires,airs
6760,ardiendo,ablaze
6761,alturas,heights
6762,preferido,favorite
6763,arrestar,arrest
6764,respirando,breathing
6765,sonaba,it sounded
6766,especialidad,specialty
6767,rocky,Rocky
6768,griego,Greek
6769,conservar,keep
6770,huelo,I smell
6771,crucero,cruise
6772,esencial,essential
6773,diviértete,have fun
6774,pendientes,earrings
6775,cerradura,lock
6776,récord,record
6777,aparecen,appear
6778,atascado,stuck
6779,distracción,distraction
6780,camas,beds
6781,acordamos,we agreed
6782,supermercado,supermarket
6783,tucker,Tucker
6784,echaron,they threw
6785,tomarme,take me
6786,caramelo,candy
6787,bastantes,quite a few
6788,liras,lyres
6789,lees,read
6790,extraordinaria,extraordinary
6791,arranca,starts
6792,manejando,driving
6793,vendrías,would you come
6794,enviaste,you sent
6795,barnes,Barnes
6796,manada,herd
6797,llamaban,they called
6798,bienestar,welfare
6799,hugo,Hugo
6800,galleta,cookie
6801,encantar,love
6802,fiscalía,prosecutor's office
6803,reunido,gathered
6804,lola,Lola
6805,fumando,smoking
6806,ríes,You laugh
6807,enrique,Enrique
6808,mediante,through
6809,bishop,bishop
6810,expresar,express
6811,sientan,sit
6812,tierno,tender
6813,llamaremos,we will call
6814,valen,worth
6815,ginebra,Geneva
6816,levantó,lifted
6817,políticas,policies
6818,interesan,are interested
6819,deberias,You should
6820,pistolas,pistols
6821,agotado,exhausted
6822,especies,species
6823,científica,scientific
6824,llamará,will call
6825,oscuras,dark
6826,herir,hurt
6827,entrevistas,interviews
6828,competición,competition
6829,materiales,materials
6830,acostarse,lie down
6831,arruinó,ruined
6832,brutal,brutal
6833,responsabilidades,responsibilities
6834,glenn,Glenn
6835,guardaespaldas,bodyguard
6836,pretende,intends
6837,inyección,injection
6838,adora,adores
6839,arregla,fix
6840,flecha,arrow
6841,mudó,dumb
6842,armadura,armor
6843,advertí,I warned
6844,necesaria,necessary
6845,mañanas,mornings
6846,cortinas,curtains
6847,cruce,crossing
6848,músico,musician
6849,tire,throw
6850,parecían,they seemed
6851,serios,serious
6852,escoria,slag
6853,morirán,will die
6854,coco,coconut
6855,sullivan,Sullivan
6856,encontraría,would find
6857,marta,marten
6858,nevera,fridge
6859,sonriendo,smiling
6860,beach,beach
6861,decides,you decide
6862,pagarle,pay him
6863,sorprendida,surprised
6864,dejarlos,leave them
6865,usualmente,usually
6866,aceptas,do you accept
6867,culpables,guilty
6868,sacarla,take it out
6869,cigarro,cigar
6870,lindas,pretty
6871,declaraciones,statements
6872,honrado,honored
6873,farmacia,pharmacy
6874,bretaña,Brittany
6875,sentirás,you will feel
6876,gwen,Gwen
6877,obispo,bishop
6878,agradecer,thank
6879,maletero,trunk
6880,tocaba,it was my turn
6881,dallas,Dallas
6882,lamentablemente,unfortunately
6883,tenias,you had
6884,vivas,live
6885,queden,remain
6886,tess,Tess
6887,murray,Murray
6888,ilegales,illegal
6889,específico,specific
6890,salchicha,sausage
6891,maravillas,wonders
6892,empezaste,you started
6893,previsto,provided
6894,poderosos,powerful
6895,electrónico,electronic
6896,delincuente,offender
6897,cogeré,I will take
6898,trabaje,work
6899,raj,raj
6900,cruzando,crossing
6901,vendo,I'm selling
6902,fotógrafo,photographer
6903,leon,lion
6904,compartimos,we share
6905,crecimiento,growth
6906,próximas,next
6907,fracasado,failed
6908,serena,serene
6909,mantenimiento,maintenance
6910,ardiente,burning
6911,acompañe,accompany
6912,protector,protective
6913,abiertas,open
6914,portada,front page
6915,expulsado,expelled
6916,comprendido,understood
6917,est,est
6918,bandeja,tray
6919,comunes,common
6920,envidia,envy
6921,marcado,marked
6922,vacías,empty
6923,evans,Evans
6924,ballet,ballet
6925,traerte,bring you
6926,literatura,literature
6927,alcanza,reaches
6928,bajado,lowered
6929,ahh,ahh
6930,carson,Carson
6931,fisher,fisher
6932,década,decade
6933,órbita,orbit
6934,eventualmente,eventually
6935,ocupa,occupies
6936,helena,Helena
6937,tardará,it will take
6938,fiona,Fiona
6939,flujo,flow
6940,toni,toni
6941,imagínate,Imagine
6942,esconderse,hide
6943,sonny,Sonny
6944,suyas,his
6945,kansas,Kansas
6946,llegarán,they will arrive
6947,presta,lend
6948,jungla,jungle
6949,ayudé,I helped
6950,destinado,intended
6951,triple,triple
6952,colinas,hills
6953,ofrecerle,offer you
6954,pantano,swamp
6955,mantienen,maintain
6956,rex,rex
6957,broadway,Broadway
6958,misericordia,mercy
6959,cometa,kite
6960,particularmente,particularly
6961,morgue,morgue
6962,implica,implies
6963,set.,set.
6964,stefan,Stefan
6965,drogado,drugged
6966,ai,ai
6967,divina,divine
6968,lenny,Lenny
6969,empezaremos,we will begin
6970,detesto,hate
6971,granjero,farmer
6972,admitirlo,admit it
6973,malvada,evil
6974,códigos,codes
6975,mueven,move
6976,orleans,Orleans
6977,femenino,female
6978,misteriosa,mysterious
6979,dueña,owner
6980,cercanos,nearby
6981,salchichas,sausages
6982,madrid,Madrid
6983,niñita,little girl
6984,basada,based
6985,marge,Marge
6986,operar,operate
6987,yo-,I-
6988,invita,invites
6989,pausa,pause
6990,asilo,asylum
6991,equivocados,wrong
6992,grey,flock
6993,póngase,put
6994,pertenecen,belong
6995,rompiste,you broke
6996,invitada,guest
6997,cambiaron,they changed
6998,meredith,Meredith
6999,anuncios,ads
7000,montones,lots
7001,mesas,tables
7002,convirtiendo,converting
7003,avery,Avery
7004,bárbara,Barbara
7005,queriendo,wanting
7006,síganme,Follow me
7007,comencemos,Let's begin
7008,sentimental,sentimental
7009,alienígena,alien
7010,gentil,gentile
7011,tardar,take
7012,abejas,bees
7013,cuna,cradle
7014,anteriores,previous
7015,permita,allow
7016,piper,piper
7017,durará,will last
7018,cuidadosamente,carefully
7019,únicas,unique
7020,monk,monk
7021,dormía,I was sleeping
7022,diagnóstico,diagnosis
7023,buck,buck
7024,enlace,link
7025,completar,complete
7026,benjamin,Benjamin
7027,síndrome,syndrome
7028,stevie,Stevie
7029,normalidad,normal
7030,quitarte,take it off
7031,haley,Haley
7032,legado,legacy
7033,disparé,I shot
7034,testificar,testify
7035,ingeniería,engineering
7036,acostarme,go to bed
7037,mandé,I sent
7038,rincón,corner
7039,sun,sun
7040,artificiales,artificial
7041,milord,milord
7042,dee,dee
7043,jeffrey,Jeffrey
7044,significan,they mean
7045,sonó,it rang
7046,foster,Foster
7047,chaleco,vest
7048,encontrarle,find him
7049,sobrevivió,survived
7050,subasta,auction
7051,pasaremos,we will pass
7052,talvez,maybe
7053,cam,cam
7054,naturales,natural
7055,scotty,Scotty
7056,corrección,correction
7057,entiendas,understand
7058,estate,estate
7059,caes,you fall
7060,dándole,giving it
7061,líos,troubles
7062,jodiendo,fucking
7063,hablaron,they spoke
7064,soltar,drop
7065,llevarle,take him
7066,marcar,tick
7067,quedaste,you stayed
7068,déjate,let yourself
7069,proyectos,projects
7070,educado,polite
7071,guardado,saved
7072,zonas,zones
7073,repite,repeat
7074,hermanito,little brother
7075,tobillo,ankle
7076,insiste,insists
7077,categoría,category
7078,dimensión,dimension
7079,ayudes,help
7080,domingos,Sundays
7081,confundida,confused
7082,li,li
7083,romanos,Romans
7084,bloque,block
7085,producir,produce
7086,pasarme,pass me
7087,aplausos,applause
7088,vaqueros,jeans
7089,ciclo,cycle
7090,enterrar,bury
7091,elvis,Elvis
7092,charlar,chat
7093,inventó,invention
7094,sentarnos,sit down
7095,bata,coat
7096,aparecido,appeared
7097,robos,robberies
7098,duras,hard
7099,descuento,discount
7100,cardíaco,cardiac
7101,randall,Randall
7102,recto,straight
7103,valerie,Valerie
7104,unir,bind
7105,buddy,buddy
7106,angie,Angie
7107,infarto,heart attack
7108,km.,km.
7109,echando,throwing
7110,filadelfia,Philadelphia
7111,plumas,feathers
7112,escrita,written
7113,tomaría,would take
7114,creando,creating
7115,hammond,Hammond
7116,gusanos,worms
7117,detengan,stop
7118,refrigerador,fridge
7119,abrí,I opened
7120,entres,between
7121,sida,AIDS
7122,déjelo,Leave it.
7123,obligó,forced
7124,magnífica,magnificent
7125,l.a.,the.
7126,sobrio,sober
7127,felix,Felix
7128,italianos,Italians
7129,saquen,take out
7130,obsesión,obsession
7131,sasha,Sasha
7132,entregó,delivered
7133,acerque,bring closer
7134,mírala,look at her
7135,calendario,calendar
7136,ayudan,help
7137,llevaban,they were wearing
7138,deprimido,depressed
7139,robots,robots
7140,rudo,rude
7141,partidos,matches
7142,cuidadoso,careful
7143,ayudarles,help them
7144,necesitábamos,we needed
7145,arreglos,arrangements
7146,supervisor,supervisor
7147,austin,Austin
7148,zapatillas,sneakers
7149,experiencias,experiences
7150,sobrevivido,survived
7151,fijo,fixed
7152,servidor,server
7153,solían,used to
7154,estimado,My dear
7155,bases,bases
7156,mónica,Monica
7157,cristianos,Christians
7158,propongo,I propose
7159,bendito,blessed
7160,get,get
7161,caerá,will fall
7162,marilyn,Marilyn
7163,altar,altar
7164,disfruten,Enjoy
7165,luchador,fighter
7166,cierren,close
7167,alboroto,riot
7168,extrañé,I missed it
7169,formal,formal
7170,hermandad,sisterhood
7171,rompiendo,breaking
7172,facebook,Facebook
7173,arriesgar,risk
7174,vestíbulo,lobby
7175,cobardes,cowards
7176,racista,racist
7177,cuadra,block
7178,explique,explain
7179,significar,mean
7180,rio,river
7181,claus,Claus
7182,láser,laser
7183,alienígenas,aliens
7184,tribal,tribal
7185,dedicado,dedicated
7186,rudy,Rudy
7187,habitantes,population
7188,divino,divine
7189,campbell,Campbell
7190,tomaba,took
7191,conseguirás,you will get
7192,pobreza,poverty
7193,ebrio,drunk
7194,griffin,Griffin
7195,ambición,ambition
7196,visitantes,visitors
7197,sirvo,I serve
7198,tenés,you have
7199,enseñarme,teach me
7200,rival,rival
7201,tarda,takes
7202,marcho,march
7203,violet,violet
7204,comisionado,commissioner
7205,christina,Christina
7206,out.,out.
7207,terminan,end
7208,captura,capture
7209,parad,stop
7210,persecución,persecution
7211,específicamente,specifically
7212,aparezca,appear
7213,agradecimiento,gratitude
7214,acercando,approaching
7215,tomarte,take you
7216,usaré,I will use
7217,debieron,they should have
7218,bici,bike
7219,bush,bush
7220,frágil,fragile
7221,pensará,will think
7222,regresamos,we return
7223,mejora,improvement
7224,qu,qu
7225,tinta,ink
7226,nieta,granddaughter
7227,silver,silver
7228,inventado,invented
7229,dejaras,you will leave
7230,cuchillos,knives
7231,ruptura,rupture
7232,preocupan,worry
7233,debéis,you must
7234,viaja,travel
7235,cepillo,brush
7236,velada,evening
7237,propina,tip
7238,escribes,you write
7239,activa,active
7240,toqué,touch
7241,cathy,Cathy
7242,levantarme,get up
7243,tiré,I threw
7244,caravana,caravan
7245,callate,be quiet
7246,sherlock,Sherlock
7247,gustaban,they liked
7248,wes,wes
7249,meto,I put
7250,traseros,rear
7251,atracción,attraction
7252,noté,I noticed
7253,revisé,I checked
7254,atrae,attracts
7255,grabando,recording
7256,reportero,reporter
7257,explorar,explore
7258,perfección,perfection
7259,consentimiento,consent
7260,tiburones,sharks
7261,denny,Denny
7262,acepte,accept
7263,agradecerte,thank you
7264,chad,Chad
7265,yoon,Yoon
7266,gil,gil
7267,postura,position
7268,concreto,concrete
7269,desnudos,nudes
7270,gastado,spent
7271,apertura,opening
7272,hurra,Hurrah
7273,enterprise,enterprise
7274,trates,treat
7275,ahorrar,save
7276,divertirnos,have fun
7277,autorizado,authorized
7278,decida,decide
7279,regular,regular
7280,homosexual,homosexual
7281,mutuamente,mutually
7282,ruidos,noises
7283,film,film
7284,bate,bat
7285,suenas,you sound
7286,bennett,Bennett
7287,lunar,mole
7288,delta,delta
7289,pongamos,let's put
7290,erik,Erik
7291,cógelo,grab it
7292,vestir,dress
7293,venas,veins
7294,evaluación,assessment
7295,reservas,reservations
7296,opiniones,opinions
7297,pagamos,we pay
7298,reagan,Reagan
7299,edgar,Edgar
7300,capturar,capture
7301,espadas,spades
7302,marino,marine
7303,singh,Singh
7304,lejano,far
7305,altamente,highly
7306,solías,you used to
7307,ocuparme,take care of
7308,creerá,will believe
7309,vulgar,vulgar
7310,oímos,we hear
7311,estafa,scam
7312,describir,describe
7313,escopeta,shotgun
7314,orquesta,orchestra
7315,sentiste,you felt
7316,sabias,wise
7317,llámeme,Call me
7318,volvimos,We returned
7319,cassie,Cassie
7320,cool,cool
7321,like,like
7322,lester,Lester
7323,hábito,habit
7324,perdono,I forgive
7325,integridad,integrity
7326,melanie,Melanie
7327,orinar,pee
7328,rodar,roll
7329,décadas,decades
7330,cardenal,cardinal
7331,sospecho,I suspect
7332,amarilla,yellow
7333,reese,Reese
7334,entretenimiento,entertainment
7335,arizona,Arizona
7336,escriba,write
7337,dwight,Dwight
7338,hembra,female
7339,f,F
7340,pruebe,try
7341,k,k
7342,restaurantes,restaurants
7343,primaria,primary
7344,convención,convention
7345,debían,they owed
7346,cago,I shit
7347,tiras,strips
7348,firmes,firm
7349,ignorar,ignore
7350,seguidores,followers
7351,falleció,died
7352,quemó,burned
7353,bésame,kiss me
7354,corrió,ran
7355,picante,spicy
7356,déjale,leave him
7357,destruyó,destroyed
7358,marc,Marc
7359,permitió,allowed
7360,cambiarme,change
7361,árabe,Arab
7362,voló,flew
7363,stewart,Stewart
7364,contrabando,smuggling
7365,boxeo,boxing
7366,pintor,painter
7367,ejercito,army
7368,conocieron,they met
7369,delantera,lead
7370,yoga,yoga
7371,time,time
7372,forman,form
7373,disfrute,enjoyment
7374,reggie,Reggie
7375,mulder,Mulder
7376,hope,hope
7377,chi,chi
7378,ríen,They laugh
7379,vicky,Vicky
7380,campanas,bells
7381,dijeras,you would say
7382,fallar,fail
7383,intentaron,they tried
7384,raíz,root
7385,sheldon,Sheldon
7386,marea,tide
7387,buzón,mailbox
7388,monroe,Monroe
7389,pareciera,it would seem
7390,hicieran,they would do
7391,eliminado,removed
7392,rechazado,refused
7393,turistas,tourists
7394,inútiles,useless
7395,facturas,invoices
7396,cortos,short
7397,visiones,visions
7398,habernos,to have
7399,lena,firewood
7400,comparado,compared
7401,ponme,put me
7402,matarle,kill him
7403,lesiones,injuries
7404,desear,want
7405,cerebros,brains
7406,ra,ra
7407,jorge,Jorge
7408,indican,indicate
7409,tuviese,had
7410,oyen,they hear
7411,desaparecieron,disappeared
7412,hermanita,little sister
7413,estallar,burst
7414,paró,arrest
7415,know,know
7416,ejercicios,exercises
7417,flynn,flynn
7418,extras,extras
7419,temes,fears
7420,bromeo,I'm joking
7421,atraer,attract
7422,mear,piss
7423,anunciar,announce
7424,tae,tae
7425,eléctrico,electric
7426,sujetos,subjects
7427,litros,liters
7428,judía,bean
7429,dawn,dawn
7430,pensábamos,we thought
7431,cañones,cannons
7432,golpeando,hitting
7433,acoso,harassment
7434,explicarte,explain
7435,placas,plates
7436,remoto,remote
7437,asesinaron,they murdered
7438,voluntarios,volunteers
7439,conectar,connect
7440,enojar,anger
7441,cuelga,hanging
7442,cuernos,horns
7443,nietos,grandchildren
7444,gallo,rooster
7445,mojado,wet
7446,obtiene,gets
7447,monica,Monica
7448,aprendió,learned
7449,hubieses,you would have
7450,moore,Moore
7451,reid,Reid
7452,entrenado,trained
7453,cuidaré,I will take care
7454,escucharon,they listened
7455,reynolds,Reynolds
7456,convertirte,become
7457,naciste,you were born
7458,escudos,shields
7459,cerradas,closed
7460,palos,sticks
7461,vínculo,bond
7462,básico,essential
7463,kay,Kay
7464,arrestaron,arrested
7465,limpias,clean
7466,municiones,ammunition
7467,evolución,evolution
7468,olviden,forget
7469,convincente,convincing
7470,pelotón,platoon
7471,comprometida,committed
7472,suene,sound
7473,debíamos,we owed
7474,agarró,grab
7475,irlandés,Irish
7476,sudor,sweat
7477,conociera,knew
7478,desesperación,despair
7479,muchachas,girls
7480,huye,flee
7481,nucleares,nuclear
7482,hada,fairy
7483,marcharme,leave
7484,convertí,I converted
7485,haríamos,we would do
7486,similares,similar
7487,comienzan,begin
7488,concierne,concerns
7489,valga,worth
7490,eché,I threw
7491,mito,myth
7492,claras,clear
7493,duró,hard
7494,rencor,rancor
7495,persigue,pursues
7496,trágico,tragic
7497,brandy,brandy
7498,desgraciadamente,unfortunately
7499,violó,raped
7500,practicando,practicing
7501,volverse,become
7502,road,road
7503,wells,wells
7504,escucharte,listen to you
7505,discúlpenme,excuse me
7506,poirot,Poirot
7507,generador,generator
7508,aguanto,I can endure
7509,amelia,Amelia
7510,riñón,kidney
7511,navaja,razor
7512,dedica,dedica
7513,muñeco,doll
7514,matty,Matty
7515,usaron,they used
7516,by,by
7517,delincuentes,criminals
7518,oscuros,dark
7519,niles,niles
7520,cliff,Cliff
7521,ocultando,hiding
7522,hara,hara
7523,comerciales,commercials
7524,polly,Polly
7525,descubrimos,we discovered
7526,saint,saint
7527,cometiendo,committing
7528,protesta,protest
7529,hudson,Hudson
7530,llevarán,they will carry
7531,ruina,ruin
7532,mátalo,kill him
7533,involucrada,involved
7534,gratitud,gratitude
7535,andan,they walk
7536,oraciones,prayers
7537,círculos,circles
7538,decidiste,you decided
7539,plaga,plague
7540,sobredosis,overdose
7541,uses,uses
7542,corazon,heart
7543,revólver,revolver
7544,andre,Andre
7545,independencia,independence
7546,exceso,excess
7547,conexiones,connections
7548,barras,bars
7549,santuario,sanctuary
7550,estrado,dais
7551,insisto,I insist
7552,sirena,siren
7553,are,are
7554,héctor,Hector
7555,áreas,areas
7556,frito,fried
7557,absoluta,absolute
7558,convertirá,will convert
7559,barrera,barrier
7560,estándar,standard
7561,cargando,charging
7562,públicas,public
7563,primos,cousins
7564,perseguir,chase
7565,favores,favors
7566,cuan,how
7567,lizzie,Lizzie
7568,interesados,interested
7569,mierdas,shit
7570,supremo,supreme
7571,matara,will kill
7572,lavandería,laundry
7573,une,one
7574,ohio,Ohio
7575,llamados,calls
7576,farsa,farce
7577,automático,automatic
7578,terminal,terminal
7579,kira,Kira
7580,moriremos,we will die
7581,val,wal
7582,erin,Erin
7583,protegerme,protect me
7584,químicos,chemicals
7585,oyendo,hearing
7586,técnicas,techniques
7587,adulta,adult
7588,venían,they were coming
7589,empiecen,begin
7590,permites,you allow
7591,ocupar,occupy
7592,tijeras,scissors
7593,senos,breasts
7594,calibre,caliber
7595,dominio,domain
7596,instrumentos,tools
7597,demostración,demonstration
7598,rompecabezas,puzzle
7599,asustaste,You scared me
7600,separación,separation
7601,sostener,hold
7602,esperma,sperm
7603,porter,porter
7604,dados,dice
7605,bién,good
7606,firmó,signed
7607,p.m.,p.m.
7608,alias,alias
7609,atento,attentive
7610,inesperado,unexpected
7611,indicado,indicated
7612,unidas,united
7613,movido,moved
7614,lanzó,launched
7615,rápidos,rapid
7616,toallas,towels
7617,carnicero,butcher
7618,hunt,hunt
7619,colgando,hanging
7620,positiva,positive
7621,ari,ari
7622,triunfo,triumph
7623,vendí,I sold
7624,ballena,whale
7625,cállense,shut up
7626,corrupción,corruption
7627,q,que
7628,cayeron,fell
7629,regreses,return
7630,regresemos,Let's go back
7631,uds,You
7632,moriría,I would die
7633,cheryl,Cheryl
7634,extraterrestre,extraterrestrial
7635,terremoto,earthquake
7636,salvé,Hail
7637,habré,I will have
7638,aparcamiento,parking
7639,frutas,fruit
7640,resumen,summary
7641,llevarás,you will take
7642,ricardo,Ricardo
7643,chiflado,crackpot
7644,planea,plan
7645,m.,m.
7646,ahorros,savings
7647,omar,Omar
7648,tuvieran,had
7649,nolan,Nolan
7650,explotó,exploded
7651,flotando,floating
7652,andaba,was walking
7653,demente,insane
7654,automóvil,automobile
7655,acostumbrada,accustomed
7656,bellas,beautiful
7657,doler,hurt
7658,jonas,Jonas
7659,contenedor,container
7660,saldrás,you will go out
7661,ondas,waves
7662,barril,barrel
7663,adopción,adoption
7664,instintos,instincts
7665,patadas,kicks
7666,acostarte,go to bed
7667,satisfacción,satisfaction
7668,moscas,flies
7669,sirvió,served
7670,huésped,guest
7671,existía,there existed
7672,have,have
7673,asia,Asia
7674,inmortal,immortal
7675,comeré,I will eat
7676,cambiaste,you changed
7677,abro,I open
7678,varón,male
7679,cooperación,cooperation
7680,resiste,resist
7681,músicos,musicians
7682,patear,kick
7683,sácame,take me out
7684,grayson,Grayson
7685,cueste,cost
7686,combatir,combat
7687,accidentalmente,accidentally
7688,ponerla,put it
7689,insoportable,unbearable
7690,tour,tour
7691,contaba,told
7692,hoteles,hotels
7693,guardo,I keep
7694,iniciativa,initiative
7695,denme,give me
7696,avergonzada,embarrassed
7697,cambiarlo,change it
7698,comunistas,communists
7699,decidieron,they decided
7700,mejorando,improving
7701,regimiento,regiment
7702,avísame,Let me know
7703,orfanato,orphanage
7704,enseñando,teaching
7705,contratos,contracts
7706,beba,drink
7707,vistas,views
7708,dixon,Dixon
7709,anual,annual
7710,declarado,declared
7711,encubierto,covert
7712,aborto,abortion
7713,paquetes,packages
7714,sospechosa,suspicious
7715,dámela,Give it to me
7716,diseñado,designed
7717,solitaria,solitary
7718,prepare,prepare
7719,salvarla,save her
7720,facil,easy
7721,atraparon,they caught
7722,venda,band
7723,dj,DJ
7724,cacería,hunting
7725,e-mail,e-mail
7726,penas,penalties
7727,británica,British
7728,selección,selection
7729,honestidad,honesty
7730,culto,worship
7731,joyce,Joyce
7732,telefono,phone
7733,dormiste,You slept
7734,amabilidad,kindness
7735,entendió,understood
7736,notar,notice
7737,inestable,unstable
7738,manga,sleeve
7739,mademoiselle,mademoiselle
7740,lava,lava
7741,delicada,delicate
7742,cambias,you change
7743,generales,general
7744,bay,Bay
7745,jugaba,I played
7746,molestaría,would bother
7747,mandy,Mandy
7748,congelado,frozen
7749,nocturna,night shift
7750,marines,marines
7751,estuviéramos,we were
7752,einstein,Einstein
7753,ruinas,ruins
7754,madrugada,early morning
7755,mostrado,shown
7756,bichos,vermin
7757,sácalo,take it out
7758,boris,Boris
7759,celebrando,celebrating
7760,residentes,residents
7761,suponer,suppose
7762,unico,only
7763,conseguirá,will get
7764,ordena,orders
7765,vivirá,will live
7766,champagne,champagne
7767,derrotar,defeat
7768,cavar,dig
7769,sólido,solid
7770,mariposa,butterfly
7771,provocar,provoke
7772,salvarlo,save him
7773,asquerosa,disgusting
7774,sorprendería,would be surprising
7775,recomiendo,I recommend
7776,mantendré,I will maintain
7777,provisiones,provisions
7778,parecerá,it will seem
7779,batallas,battles
7780,temblando,trembling
7781,dragones,dragons
7782,but,but
7783,ferrocarril,railway
7784,súbete,get on
7785,leíste,did you read
7786,agradecerle,thank you
7787,woody,Woody
7788,asustar,scare
7789,mantengo,I maintain
7790,querrán,they will want
7791,trofeo,trophy
7792,espeluznante,creepy
7793,crecen,grow
7794,prácticas,practices
7795,bares,bars
7796,stevens,Stevens
7797,causando,causing
7798,sonia,Sonia
7799,echarme,throw me
7800,cifras,figures
7801,enséñame,teach me
7802,polonia,Poland
7803,cachorro,puppy
7804,aumenta,increases
7805,fractura,fracture
7806,revisado,revised
7807,roberts,Roberts
7808,guante,glove
7809,muros,walls
7810,fu,fu
7811,uniformes,uniforms
7812,confiado,confident
7813,recordarlo,remember it
7814,rotos,broken
7815,leyó,read
7816,mostrando,showing
7817,acompañarme,accompany me
7818,toquen,play
7819,acordado,agreed
7820,apuro,hurry
7821,pañales,diapers
7822,sonando,ringing
7823,comiste,You ate
7824,presos,prisoners
7825,otto,Otto
7826,tomada,taken
7827,mínima,minimum
7828,contárselo,tell him
7829,incluido,including
7830,rindo,I surrender
7831,enseñé,I taught
7832,opuesto,opposite
7833,parecería,it would seem
7834,necesitaría,I would need
7835,catalina,Catalina
7836,pito,whistle
7837,follar,fuck
7838,hamilton,Hamilton
7839,sesenta,sixty
7840,balcón,balcony
7841,jefferson,Jefferson
7842,camilla,stretcher
7843,bauer,bauer
7844,sirva,serve
7845,llueve,it's raining
7846,paloma,pigeon
7847,irlanda,Ireland
7848,ático,penthouse
7849,homicida,murderer
7850,dañado,damaged
7851,preparen,prepare
7852,cálculos,calculations
7853,sinvergüenza,scoundrel
7854,rusty,rusty
7855,hablábamos,we were talking
7856,calvin,Calvin
7857,trozos,pieces
7858,granada,grenade
7859,filas,rows
7860,baúl,trunk
7861,inventar,invent
7862,impide,prevents
7863,not,not
7864,llover,rain
7865,falló,failed
7866,tanner,tanner
7867,cody,Cody
7868,sirviente,servant
7869,rechazar,decline
7870,funciones,functions
7871,june,June
7872,ocurren,occur
7873,instalación,facility
7874,llegaría,would arrive
7875,verificar,verify
7876,abuelos,grandparents
7877,bruto,rough
7878,teorías,theories
7879,separar,separate
7880,crío,child
7881,publicar,post
7882,afectado,affected
7883,alcanzado,reached
7884,estabais,you were
7885,vivian,Vivian
7886,tatuajes,tattoos
7887,clásica,classic
7888,prestar,lend
7889,consiguen,they get
7890,deténganse,stop
7891,acondicionado,conditioned
7892,verduras,vegetables
7893,digital,digital
7894,dirigen,they direct
7895,archer,archer
7896,imperial,imperial
7897,t.,t.
7898,comprobarlo,check it
7899,emboscada,ambush
7900,finanzas,finance
7901,recta,straight
7902,enviamos,we send
7903,disponibles,available
7904,agradecería,I would appreciate it
7905,llévalo,Take it
7906,soga,rope
7907,mudo,dumb
7908,apodo,nickname
7909,intelectual,intellectual
7910,stephanie,Stephanie
7911,courtney,Courtney
7912,paisaje,landscape
7913,surgió,arose
7914,excepcional,exceptional
7915,brennan,Brennan
7916,fletcher,Fletcher
7917,pub,pub
7918,dirijo,I direct
7919,lesión,injury
7920,marvin,Marvin
7921,empujar,push
7922,acabemos,Let's finish
7923,fuma,smokes
7924,suicidarse,commit suicide
7925,regina,Regina
7926,novias,brides
7927,matones,thugs
7928,redes,networks
7929,encendida,turned on
7930,mátame,kill me
7931,entorno,around
7932,expectativas,expectations
7933,hablabas,you were talking
7934,burt,Burt
7935,cambiaría,would change
7936,conseguirte,get you
7937,explicarle,explain
7938,theo,theo
7939,bastón,cane
7940,explico,I explain
7941,canales,channels
7942,armar,arm
7943,preparación,preparation
7944,carlo,Carlo
7945,garcía,Garcia
7946,neumáticos,tires
7947,pedirme,ask me
7948,alá,to the
7949,participación,stake
7950,atacando,attacking
7951,vientos,winds
7952,usada,used
7953,hablara,would speak
7954,verga,cock
7955,estudiado,studied
7956,llamara,would call
7957,cha,cha
7958,cd,CD
7959,avanzando,moving forward
7960,botes,boats
7961,encerrada,locked up
7962,ayudaste,you helped
7963,escondida,hidden
7964,gordos,fat
7965,salidas,Departures
7966,leones,lions
7967,garras,claws
7968,pleno,full
7969,lamentable,regrettable
7970,perfectos,perfect
7971,acompaña,accompanies
7972,promoción,promotion
7973,televisor,TV
7974,masacre,massacre
7975,moveos,move
7976,llegaba,arrived
7977,jet,jet
7978,desperdicio,waste
7979,queen,queen
7980,detendrá,will stop
7981,quedarán,will remain
7982,importará,will matter
7983,margarita,daisy
7984,chau,bye
7985,devuelve,returns
7986,peluca,wig
7987,inspección,inspection
7988,cansados,tired
7989,cosquillas,tickle
7990,factor,factor
7991,recientes,recent
7992,trece,thirteen
7993,violín,violin
7994,navegar,browse
7995,picnic,picnic
7996,beckett,Beckett
7997,incómoda,uncomfortable
7998,patrones,patterns
7999,examinar,examine
8000,lazos,ties
8001,mrs,Mrs.
8002,chantaje,blackmail
8003,alquilar,rent
8004,durmió,slept
8005,artie,artie
8006,enseñe,teach
8007,humanas,human
8008,negativa,negative
8009,talentos,talents
8010,cory,Cory
8011,futura,future
8012,melodía,melody
8013,entierro,burial
8014,sentirá,will feel
8015,permitirá,will allow
8016,reza,pray
8017,cambiamos,we changed
8018,carajos,damn
8019,an,an
8020,fijado,fixed
8021,urgencia,urgency
8022,milla,mile
8023,plomo,lead
8024,deb,must
8025,destruye,destroys
8026,únicamente,only
8027,bufete,office
8028,detroit,Detroit
8029,aparta,set aside
8030,evelyn,Evelyn
8031,conrad,Conrad
8032,creería,I would believe
8033,localización,location
8034,hogares,homes
8035,klaus,Klaus
8036,casaste,you got married
8037,envuelto,wrapped
8038,dexter,Dexter
8039,dinamita,dynamite
8040,avanza,keep it up
8041,porfavor,please
8042,madura,mature
8043,constitución,constitution
8044,cuñada,sister in law
8045,disparaste,you shot
8046,sabés,You know
8047,arturo,Arthur
8048,convenció,convinced
8049,hee,hee
8050,tronco,trunk
8051,there,there
8052,empezaré,I'll start
8053,aplicación,application
8054,todopoderoso,almighty
8055,gray,gray
8056,monja,nun
8057,encontrada,found
8058,campesinos,peasants
8059,herramienta,tool
8060,lake,lake
8061,zoológico,zoological
8062,kane,Kane
8063,insistió,he insisted
8064,creador,creator
8065,monje,monk
8066,convierta,convert
8067,spock,Spock
8068,pertenecía,belonged
8069,presentarme,introduce myself
8070,no.,No.
8071,perdería,would lose
8072,cagar,shit
8073,ganará,will win
8074,burns,burns
8075,roman,Roman
8076,logra,achieves
8077,controles,controls
8078,parlamento,parliament
8079,clavo,nail
8080,utilizó,used
8081,alumno,student
8082,informante,informant
8083,perderé,I will lose
8084,ponle,put it
8085,down,down
8086,túneles,tunnels
8087,furiosa,furious
8088,ivan,Ivan
8089,xena,Xena
8090,apunto,I'm aiming
8091,esperándote,waiting for you
8092,artificial,artificial
8093,cortas,short
8094,abandona,abandon
8095,cuidados,care
8096,hills,hills
8097,terrorismo,terrorism
8098,arrancar,start up
8099,carolina,Carolina
8100,elegiste,You chose
8101,misiones,missions
8102,masculino,male
8103,crack,crack
8104,soporte,medium
8105,pólvora,gunpowder
8106,perderás,you will lose
8107,documental,documentary
8108,lazo,ribbon
8109,jae,jae
8110,mortales,mortals
8111,nicholas,Nicholas
8112,tocan,they play
8113,corrí,I ran
8114,hallamos,we found
8115,gol,goal
8116,dificultad,difficulty
8117,institución,institution
8118,lemon,lemon
8119,intimidad,privacy
8120,hacerlos,do them
8121,rescatar,rescue
8122,podrias,could you
8123,recuerdes,remember
8124,mascotas,pets
8125,just,just
8126,avanzada,advanced
8127,incorrecto,incorrect
8128,invertir,invest
8129,costar,cost
8130,morfina,morphine
8131,creencias,beliefs
8132,banquete,feast
8133,llamarle,call him
8134,pearl,pearl
8135,hastings,hastings
8136,enfoque,approach
8137,enamoré,I fell in love
8138,spike,spike
8139,joya,jewel
8140,gancho,hook
8141,escribiré,I will write
8142,causas,causes
8143,gallinas,chickens
8144,pretendía,intended
8145,deseado,desired
8146,descubrieron,they discovered
8147,sugiriendo,suggesting
8148,perdonado,forgiven
8149,intervención,intervention
8150,brady,Brady
8151,conquistar,conquer
8152,valía,worth
8153,billones,billions
8154,colorado,Colorado
8155,post,post
8156,east,east
8157,capilla,chapel
8158,ofreciendo,offering
8159,espléndido,gorgeous
8160,lucky,lucky
8161,reflejo,reflection
8162,suavemente,gently
8163,avanzado,advanced
8164,deberíais,you should
8165,creyendo,believing
8166,reciben,receive
8167,subo,I go up
8168,manuel,Manuel
8169,duerma,sleep
8170,contador,counter
8171,sexualmente,sexually
8172,necesitaban,they needed
8173,carruaje,carriage
8174,terminando,ending
8175,lote,batch
8176,champaña,champagne
8177,palomitas,Popcorn
8178,registrar,register
8179,quedate,stay
8180,detenerlos,stop them
8181,agresivo,aggressive
8182,grites,shout
8183,mariscal,marshal
8184,gavin,Gavin
8185,brick,brick
8186,zumo,juice
8187,velo,veil
8188,invité,I invited
8189,virtud,virtue
8190,chandler,Chandler
8191,afortunados,lucky
8192,nueces,walnuts
8193,soda,soda
8194,bájate,get off
8195,matón,bully
8196,continente,continent
8197,congresista,congressman
8198,financiero,financial
8199,brody,Brody
8200,pretendo,I intend
8201,colocado,placed
8202,mantenerla,keep it
8203,eco,echo
8204,oriental,eastern
8205,llevarlos,take them
8206,valiosa,valuable
8207,quito,Quito
8208,ernie,Ernie
8209,pelicula,movie
8210,karma,karma
8211,descuida,don't worry
8212,probabilidad,probability
8213,fraternidad,fraternity
8214,dirigido,addressed
8215,expedición,expedition
8216,bestias,beasts
8217,encargarme,take charge
8218,comprueba,check
8219,explicaciones,explanations
8220,tumbas,tombs
8221,industrial,industrial
8222,agnes,Agnes
8223,amos,masters
8224,estupido,idiot
8225,napoleón,Napoleon
8226,dudar,dude
8227,cómico,comic
8228,limpios,clean
8229,unirte,join
8230,chicle,gum
8231,e.,and.
8232,tocino,bacon
8233,respetable,respectable
8234,brett,Brett
8235,encontrarlos,find them
8236,federación,federation
8237,obliga,obliges
8238,miento,I lie
8239,descarga,discharge
8240,corren,run
8241,wang,wang
8242,encontrara,will find
8243,leña,firewood
8244,bond,bond
8245,sylvia,Sylvia
8246,abraham,Abraham
8247,religiosa,religious
8248,perderá,will lose
8249,ilusiones,delusions
8250,saldría,would come out
8251,analizar,analyze
8252,perdidas,losses
8253,chelsea,Chelsea
8254,conocimientos,knowledge
8255,estreno,premiere
8256,manteniendo,maintaining
8257,cosita,little thing
8258,peste,plague
8259,podia,could
8260,software,software
8261,pasajero,passenger
8262,frenos,brakes
8263,experimentar,experiment
8264,perderemos,we will lose
8265,paja,straw
8266,caballería,chivalry
8267,aquél,that
8268,arruinaste,you ruined
8269,herr,herr
8270,cortina,curtain
8271,queramos,we want
8272,puñetazo,punch
8273,habiendo,having
8274,rodney,Rodney
8275,odiar,hate
8276,hugh,Hugh
8277,hostia,host
8278,termines,finish
8279,frasier,frasier
8280,confirma,confirms
8281,psicología,psychology
8282,finch,finch
8283,schmidt,schmidt
8284,delgada,slim
8285,honestos,honest
8286,prepararé,I will prepare
8287,tomarse,take
8288,calzoncillos,underpants
8289,despidieron,they fired
8290,sidney,Sydney
8291,definición,definition
8292,anton,Anton
8293,cocinando,cooking
8294,difunto,deceased
8295,fugitivo,fugitive
8296,violenta,violent
8297,cerrando,closing
8298,cicatrices,scars
8299,donovan,Donovan
8300,excelentes,excellent
8301,danielle,Danielle
8302,enfrentarse,face
8303,conejos,rabbits
8304,preciosas,beautiful
8305,eramos,we were
8306,grecia,Greece
8307,asegurado,insured
8308,actúas,you act
8309,artillería,artillery
8310,panel,panel
8311,desarrollar,develop
8312,asesor,adviser
8313,séptimo,seventh
8314,bando,faction
8315,declaro,I declare
8316,south,south
8317,resfriado,a cold
8318,devuelto,returned
8319,tablero,board
8320,bradley,Bradley
8321,abandonada,abandoned
8322,archie,Archie
8323,turnos,shifts
8324,sesos,brains
8325,movernos,move
8326,viena,Vienna
8327,quitaron,they removed
8328,confíe,trust
8329,atraparlo,catch him
8330,sombreros,hats
8331,oxford,Oxford
8332,relajarte,relax
8333,michel,Michel
8334,nobles,nobles
8335,ética,ethics
8336,apoya,support
8337,munición,ammunition
8338,táctica,tactic
8339,perderlo,lose it
8340,atacan,attack
8341,recordaba,I remembered
8342,admite,admits
8343,comas,commas
8344,millonario,millionaire
8345,sobrevivientes,survivors
8346,éso,that
8347,frio,cold
8348,involucrados,involved
8349,fumo,I smoke
8350,establecido,established
8351,aprieta,squeeze
8352,destruida,destroyed
8353,payasos,clowns
8354,amenazando,threatening
8355,bandidos,bandits
8356,whoo,whoo
8357,estupideces,crap
8358,cruza,cross
8359,llámalo,call him
8360,sofía,Sofia
8361,provecho,advantage
8362,trataron,they tried
8363,envían,send
8364,day,day
8365,perras,bitches
8366,botín,swag
8367,rechazo,rejection
8368,entenderá,will understand
8369,donante,donor
8370,avisado,warned
8371,exhibición,exhibition
8372,consiguieron,they succeeded
8373,candidatos,candidates
8374,maravillosos,wonderful
8375,vitales,vital
8376,genética,genetics
8377,venecia,Venice
8378,ram,RAM
8379,muestre,show
8380,paranoico,paranoid
8381,lynn,Lynn
8382,diciéndome,telling me
8383,silencioso,silent
8384,casaré,I will marry
8385,sucias,dirty
8386,hierbas,herbs
8387,ash,ash
8388,empezaba,it was beginning
8389,insignificante,insignificant
8390,wally,wally
8391,consecuencia,consequence
8392,marchado,left
8393,suspira,sighs
8394,doncella,maid
8395,conocernos,getting to know each other
8396,aspectos,aspects
8397,girl,girl
8398,discutimos,we discussed
8399,conserje,concierge
8400,letal,lethal
8401,arregló,arrangement
8402,explicarme,explain
8403,chang,chang
8404,chen,chen
8405,hormigas,ants
8406,fechas,dates
8407,dvd,DVD
8408,escolta,escort
8409,laurel,laurel
8410,valla,fence
8411,mayordomo,butler
8412,claude,Claude
8413,deportivo,sports
8414,arquitecto,architect
8415,mordió,bit
8416,jacques,Jacques
8417,apuntando,pointing
8418,guardas,guards
8419,establo,barn
8420,asombrosa,amazing
8421,gilbert,Gilbert
8422,religioso,religious
8423,willy,Willy
8424,latas,cans
8425,traerla,bring her
8426,suministro,supply
8427,aislamiento,isolation
8428,perlas,pearls
8429,cargamento,cargo
8430,alrededores,surroundings
8431,entendía,I understood
8432,cristina,Cristina
8433,saltando,jumping
8434,pensaban,they thought
8435,p.,p.
8436,obtuve,I got
8437,pondrás,you will put
8438,corporal,bodily
8439,realista,realistic
8440,italiana,Italian
8441,embarazoso,embarrassing
8442,incumbencia,incumbency
8443,monta,mount
8444,ofrecerte,to offer you
8445,helados,ice cream
8446,apos,apos
8447,cuestiones,questions
8448,admirador,fan
8449,ayudara,will help
8450,montado,mounted
8451,prudente,prudent
8452,generosa,generous
8453,fenomenal,phenomenal
8454,acusa,accuses
8455,comprarme,buy me
8456,regresaste,you came back
8457,barbacoa,barbecue
8458,célula,cell
8459,juguemos,Let's play
8460,rodando,rolling
8461,caigo,I fall
8462,asustando,scaring
8463,sabrías,you would know
8464,celebrarlo,celebrate it
8465,decepción,disappointment
8466,representación,representation
8467,costumbres,traditions
8468,pérdidas,losses
8469,gotas,drops
8470,carbono,carbon
8471,moverte,move
8472,arde,burns
8473,viví,I lived
8474,demandas,demands
8475,rogers,rogers
8476,semestre,semester
8477,javier,Xavier
8478,miramos,we look
8479,recibes,you receive
8480,cristiana,Christian
8481,hacienda,tax authorities
8482,disparan,they shoot
8483,género,gender
8484,cat,cat
8485,wall,wall
8486,refresco,soda
8487,interruptor,switch
8488,conducía,was driving
8489,halcón,hawk
8490,mudarse,move
8491,coloca,place
8492,codo,elbow
8493,valentía,courage
8494,promete,promises
8495,pipa,pipe
8496,sustancia,substance
8497,posterior,later
8498,was,was
8499,atrapó,caught
8500,envíen,send
8501,brisa,breeze
8502,maravillosas,wonderful
8503,reparto,distribution
8504,forenses,forensics
8505,taberna,tavern
8506,deshacerme,get rid of
8507,ratones,mice
8508,aleluya,alleluia
8509,comunicado,release
8510,seguimiento,follow-up
8511,discreción,discretion
8512,gritó,shout
8513,pulgar,thumb
8514,comprensión,comprehension
8515,retroceder,back
8516,originales,originals
8517,disfraces,costumes
8518,frasco,jar
8519,arreglaremos,we'll fix it
8520,tequila,tequila
8521,perdonen,forgive me
8522,bernie,Bernie
8523,pidas,ask
8524,decís,you say
8525,permítanme,allow me
8526,deberiamos,we should
8527,planear,plan
8528,ocúpate,take care of it
8529,es-,is-
8530,volved,return
8531,relojes,watches
8532,lider,leader
8533,convento,convent
8534,tráelo,bring it
8535,regaló,gift
8536,coges,you take
8537,insulto,insult
8538,paces,peace
8539,cargada,loaded
8540,jared,Jared
8541,kid,kid
8542,coña,joke
8543,lloviendo,raining
8544,vigilante,vigilant
8545,metida,inserted
8546,cálido,warm
8547,pero-,but-
8548,abras,open
8549,robada,stolen
8550,gabinete,cabinet
8551,excursión,excursion
8552,filete,steak
8553,acepté,I accepted
8554,dante,Dante
8555,rich,rich
8556,desconocidos,unknown
8557,perteneces,you belong
8558,ésas,those
8559,mecanismo,mechanism
8560,atiende,attends
8561,liv,liv
8562,invento,invention
8563,dorada,golden
8564,seguirán,will continue
8565,exitoso,successful
8566,fronteras,borders
8567,alterado,altered
8568,pulmón,lung
8569,ellis,ellis
8570,frases,phrases
8571,mostrador,counter
8572,precisión,precision
8573,z,z
8574,conste,let it be known
8575,laurie,Laurie
8576,camisas,shirts
8577,bromeaba,he was joking
8578,convierten,convert
8579,manicomio,asylum
8580,freno,brake
8581,hondo,deep
8582,cynthia,Cynthia
8583,america,America
8584,dispares,disparate
8585,basurero,garbage collector
8586,querés,do you want
8587,mini,mini
8588,abriendo,opening
8589,pensara,thought
8590,separarnos,separate
8591,ábrelo,Open it
8592,retrocedan,back off
8593,pertenezco,I belong
8594,infiel,unfaithful
8595,cualidades,qualities
8596,provoca,causes
8597,rodea,surrounds
8598,favoritas,favorites
8599,mataran,They will kill
8600,resolverlo,solve it
8601,respeta,respect
8602,comprador,buyer
8603,domicilio,home
8604,reduce,reduce
8605,obedecer,obey
8606,quemaduras,burns
8607,levanten,lift
8608,antoine,Antoine
8609,juntar,put together
8610,arrepiento,I regret it
8611,moverme,move
8612,hyun,hyun
8613,bóveda,vault
8614,gimnasia,gym
8615,sirvientes,servants
8616,respecta,respect
8617,suéltala,Let her go
8618,baxter,baxter
8619,presentarles,to introduce them
8620,conectados,connected
8621,trayendo,bringing
8622,iván,Ivan
8623,levanto,I get up
8624,doris,Doris
8625,privados,private
8626,antepasados,forefathers
8627,sacrificios,sacrifices
8628,fantasías,fantasies
8629,mantendrá,will maintain
8630,conclusiones,conclusions
8631,confirmación,confirmation
8632,traidores,traitors
8633,residente,resident
8634,joshua,Joshua
8635,gemelas,twins
8636,dibujar,draw
8637,emocionalmente,emotionally
8638,violar,violate
8639,dirigida,directed
8640,cangrejo,crab
8641,burbuja,bubble
8642,ignorante,ignorant
8643,sesiones,sessions
8644,comparación,comparison
8645,ligeramente,slightly
8646,now,now
8647,ejecutar,execute
8648,ciegas,blind
8649,alberto,Alberto
8650,proviene,comes from
8651,dolió,It hurt
8652,ch00ffff,ch00ffff
8653,parcial,partial
8654,empacar,pack
8655,victima,victim
8656,sentamos,we sat down
8657,católica,Catholic
8658,creían,they believed
8659,mocoso,brat
8660,semilla,seed
8661,ring,ring
8662,chatarra,scrap
8663,hablarlo,talk about it
8664,pascua,Passover
8665,sadie,Sadie
8666,vé,go
8667,golpearon,they hit
8668,cómodos,comfortable
8669,aceptaré,I will accept
8670,acercarme,approach
8671,juegues,play
8672,bert,Bert
8673,dicha,bliss
8674,afirma,states
8675,hostil,hostile
8676,calvo,bald
8677,cintura,waist
8678,tomara,would take
8679,separamos,we separate
8680,sincronización,synchronization
8681,barriga,belly
8682,disfruto,I enjoy
8683,survivor,survivor
8684,suprema,supreme
8685,despegar,take off
8686,monitor,monitor
8687,globos,balloons
8688,mandaré,I will send
8689,vagón,wagon
8690,régimen,regime
8691,bates,bats
8692,ward,ward
8693,huracán,hurricane
8694,conferencias,conferences
8695,cera,wax
8696,mirarte,looking at you
8697,protegerla,protect her
8698,aroma,scent
8699,enfrenta,faces
8700,curado,cured
8701,interpretar,interpret
8702,paraguas,umbrella
8703,bloqueado,blocked
8704,misil,missile
8705,ensayos,essays
8706,peligrosas,dangerous
8707,declaró,declared
8708,pasemos,Let's move on
8709,buffy,Buffy
8710,irónico,ironic
8711,busquemos,Let's look
8712,paradero,whereabouts
8713,esther,Esther
8714,rechazó,rejection
8715,aprobado,approved
8716,desesperadamente,desperately
8717,iros,go away
8718,pagaron,they paid
8719,cocinera,cook
8720,felicito,I congratulate
8721,agáchate,bend down
8722,gerald,Gerald
8723,führer,Führer
8724,robinson,Robinson
8725,renuncio,I resign
8726,apretado,tight
8727,serias,serious
8728,escogido,selected
8729,acompañante,companion
8730,catorce,fourteen
8731,liderazgo,leadership
8732,atlanta,Atlanta
8733,fabulosa,fabulous
8734,devuélveme,Give me back
8735,sensacional,sensational
8736,ganadores,winners
8737,olla,pot
8738,cyrus,Cyrus
8739,guarde,save
8740,traicionó,betrayed
8741,ocupación,occupation
8742,hablaban,they were talking
8743,lloras,you cry
8744,bragas,panties
8745,obstáculo,obstacle
8746,inodoro,lavatory
8747,denle,give it to him
8748,terraza,terrace
8749,eternamente,eternally
8750,patricia,Patricia
8751,stacy,Stacy
8752,unica,unique
8753,estancia,stay
8754,confesó,confessed
8755,molestias,discomforts
8756,desarrollado,developed
8757,suelte,release
8758,enfades,anger
8759,american,American
8760,éxtasis,ecstasy
8761,joon,Joon
8762,tranquilamente,quietly
8763,elsa,elsa
8764,colchón,mattress
8765,escoge,choose
8766,formulario,form
8767,profeta,prophet
8768,camille,Camille
8769,world,world
8770,realizado,done
8771,espuma,foam
8772,glen,Glen
8773,huido,fled
8774,ramas,branches
8775,fija,fixed
8776,morimos,we die
8777,cuarentena,quarantine
8778,informó,reported
8779,conocían,they knew
8780,mostrarles,show them
8781,song,song
8782,pala,shovel
8783,entregas,deliveries
8784,acusada,accused
8785,exagerando,exaggerating
8786,recorrer,travel
8787,acabando,ending
8788,interpretación,interpretation
8789,impaciente,impatient
8790,carreteras,roads
8791,mostrarme,show me
8792,precaución,caution
8793,pastilla,tablet
8794,peleamos,we fought
8795,perdon,sorry
8796,viajado,traveled
8797,tardaré,I will be late
8798,metieron,they put
8799,administrador,administrator
8800,eleanor,Eleanor
8801,susie,Susie
8802,bum,boom
8803,latín,Latin
8804,fanny,Fanny
8805,cristales,crystals
8806,francotirador,sniper
8807,interferir,interfere
8808,garantizar,guarantee
8809,callada,silent
8810,cuchara,spoon
8811,casero,home
8812,nasa,pot
8813,billar,billiards
8814,desprecio,contempt
8815,discursos,speeches
8816,descansando,resting
8817,peinado,hairstyle
8818,mola,cool
8819,juvenil,youth
8820,cogiendo,catching
8821,masiva,massive
8822,derribar,bring down
8823,anfitrión,host
8824,tutor,tutor
8825,agujas,needles
8826,iniciales,initials
8827,fino,fine
8828,kilo,kilo
8829,venus,Venus
8830,pollos,chickens
8831,bolos,bowling
8832,elijo,I choose
8833,recordaré,I will remember
8834,ingenioso,witty
8835,cuaderno,notebook
8836,coinciden,they agree
8837,medicamento,medicine
8838,burton,Burton
8839,comprarte,buy you
8840,herman,Herman
8841,walsh,Walsh
8842,públicos,public
8843,oveja,sheep
8844,resultar,result
8845,mande,send
8846,máscaras,masks
8847,impresionar,impress
8848,gases,gases
8849,acabé,I finished
8850,kung,kung
8851,trabajadora,worker
8852,asado,roast
8853,tímida,shy
8854,inmediata,immediate
8855,data,data
8856,oz,oz
8857,sátur,satur
8858,resaca,hangover
8859,ángela,Angela
8860,conocerlos,meet them
8861,cadera,hip
8862,mérito,merit
8863,got,got
8864,compañia,company
8865,ventajas,advantages
8866,santidad,holiness
8867,cancelado,canceled
8868,ninja,ninja
8869,lin,lin
8870,seguid,follow
8871,deprimente,depressing
8872,monty,Monty
8873,blues,blues
8874,contamos,we have
8875,defensor,advocate
8876,sentó,sat
8877,villano,villain
8878,soviética,Soviet
8879,grand,grand
8880,fort,fort
8881,perdonarme,forgive me
8882,universitario,university
8883,capitan,captain
8884,optimista,optimistic
8885,protesto,protest
8886,mejorado,improved
8887,keller,Keller
8888,palma,palm
8889,experimentado,experienced
8890,asegúrese,make sure
8891,reemplazar,replace
8892,luchado,fought
8893,pegarle,hit him
8894,basa,base
8895,anteojos,glasses
8896,yate,yacht
8897,estropeado,spoiled
8898,g.,g.
8899,cobre,copper
8900,superarlo,overcoming it
8901,mejilla,cheek
8902,proceder,proceed
8903,phoenix,Phoenix
8904,cortando,cutting
8905,unirme,join
8906,martín,martin
8907,significaría,would mean
8908,they,they
8909,creerás,you will believe
8910,pica,pica
8911,párate,stop
8912,palanca,lever
8913,merecido,deserved
8914,firmas,signatures
8915,acosté,I went to bed
8916,cooperar,cooperate
8917,conteste,answer
8918,tramando,plotting
8919,llegarás,you will arrive
8920,esclava,slave
8921,enterar,find out
8922,jerusalén,Jerusalem
8923,ando,I'm walking
8924,look,look
8925,hazle,do it
8926,referencias,references
8927,técnicos,technicians
8928,atrevido,bold
8929,investigadores,researchers
8930,práctico,practical
8931,reciba,receive
8932,forzado,forced
8933,consideración,consideration
8934,ganarse,earn
8935,cebolla,onion
8936,vivían,they lived
8937,apropiada,appropriate
8938,levantarte,get up
8939,experta,expert
8940,cogerlo,pick it up
8941,condenados,convicted
8942,duermas,sleep
8943,efectivamente,indeed
8944,limusina,limousine
8945,ancestros,ancestors
8946,superficial,superficial
8947,rebelión,rebellion
8948,motocicleta,motorcycle
8949,tardado,delayed
8950,sede,headquarters
8951,abrimos,we open
8952,ava,ava
8953,póquer,poker
8954,mide,measures
8955,escuchame,Listen to me
8956,pagos,payments
8957,exclusiva,exclusive
8958,cría,breeding
8959,je,je
8960,mudar,move
8961,culos,butts
8962,lesbianas,lesbians
8963,mirarlo,look at it
8964,pusiera,put
8965,està,this
8966,torno,lathe
8967,denver,Denver
8968,sacaremos,we will take out
8969,golpeé,I hit
8970,tentación,temptation
8971,coman,eat
8972,deberás,you will need
8973,callie,Callie
8974,judith,Judith
8975,sermón,sermon
8976,dramático,dramatic
8977,sutil,subtle
8978,localizado,located
8979,fanático,fanatic
8980,cuerno,horn
8981,franz,Franz
8982,sillón,armchair
8983,eduardo,Eduardo
8984,libra,pound
8985,suecia,Sweden
8986,confiable,reliable
8987,detén,stop
8988,autobuses,buses
8989,copiado,copied
8990,buscó,look for
8991,cantidades,quantities
8992,estrictamente,strictly
8993,digitales,digital
8994,surf,surfing
8995,nadia,Nadia
8996,trigo,wheat
8997,comunicarse,communicate
8998,precisa,precise
8999,acercan,approach
9000,recomendación,recommendation
9001,activos,assets
9002,siguieron,they followed
9003,chao,bye
9004,timmy,Timmy
9005,tanya,Tanya
9006,detenerte,stop
9007,milán,Milan
9008,trajimos,we brought
9009,pretendes,you intend
9010,d.c.,d.c.
9011,abres,open
9012,escáner,scanner
9013,daban,they gave
9014,joo,joo
9015,enseñaron,they taught
9016,recogiendo,collecting
9017,nudo,knot
9018,ingredientes,ingredients
9019,baltimore,Baltimore
9020,mentales,mental
9021,disculpan,excuse me
9022,veros,see you
9023,asusté,I scared
9024,félix,Felix
9025,olvidemos,Let's forget
9026,concejal,councilor
9027,dental,dental
9028,potter,Potter
9029,suspendido,suspended
9030,suéter,sweater
9031,entrenando,training
9032,mudarme,move
9033,comprarle,buy from him
9034,dinosaurios,dinosaurs
9035,dirigía,directed
9036,perpetua,life
9037,ofrecí,I offered
9038,punk,punk
9039,molestó,annoying
9040,cuadras,blocks
9041,traía,brought
9042,ríos,rivers
9043,alaska,Alaska
9044,mexicano,Mexican
9045,arroyo,stream
9046,seríamos,we would be
9047,novedades,new features
9048,abuelita,granny
9049,evacuación,evacuation
9050,suero,serum
9051,matthews,Matthews
9052,abren,open
9053,ciegos,blind people
9054,sopla,blow
9055,amorosa,loving
9056,quemando,burning
9057,confiaba,trusted
9058,tenso,tense
9059,ofendido,insulted
9060,ballenas,whales
9061,posada,inn
9062,libera,release
9063,fernando,Fernando
9064,pieles,skins
9065,tremenda,tremendous
9066,píldora,pill
9067,country,country
9068,unió,joined
9069,creativo,creative
9070,sacrificar,sacrifice
9071,escocés,Scottish
9072,casamiento,marriage
9073,bandido,bandit
9074,crucial,crucial
9075,yu,you
9076,filme,film
9077,meten,they put
9078,pónganse,put on
9079,parados,unemployed
9080,summer,summer
9081,dominar,master
9082,infinito,infinite
9083,culpabilidad,culpability
9084,escondió,hid
9085,carteles,posters
9086,marqués,marquis
9087,escritores,writers
9088,gregory,Gregory
9089,astronauta,astronaut
9090,pimienta,pepper
9091,mandíbula,jaw
9092,langosta,lobster
9093,lastima,pity
9094,asustes,scare
9095,kat,kat
9096,notable,remarkable
9097,cultural,cultural
9098,previamente,previously
9099,fideos,noodles
9100,preparo,I prepare
9101,shelly,shelly
9102,rupert,Rupert
9103,desaparezca,disappear
9104,mantenernos,keep us
9105,sacan,they take out
9106,relevante,relevant
9107,musica,music
9108,respetos,respects
9109,químico,chemical
9110,duermen,sleep
9111,oponente,opponent
9112,hallado,found
9113,hércules,Hercules
9114,sujeta,hold
9115,supongamos,Let's suppose
9116,decano,dean
9117,atrapa,catch
9118,at,at
9119,louie,Louie
9120,relajarse,relax
9121,asustados,scared
9122,hipócrita,hypocritical
9123,déjenlo,leave him alone
9124,unida,united
9125,bailarín,dancer
9126,apretar,squeeze
9127,evita,avoid
9128,camisetas,t-shirts
9129,ancho,broad
9130,temen,fear
9131,quitas,you remove
9132,arruinando,ruining
9133,natal,native
9134,ajo,garlic
9135,adoran,They adore
9136,evitando,avoiding
9137,angustia,distress
9138,consiste,consists
9139,andré,Andre
9140,fran,Fran
9141,amé,I loved
9142,shin,shin
9143,definitiva,final
9144,nerviosos,nervous
9145,amenazado,threatened
9146,wesley,Wesley
9147,creamos,we create
9148,desaparecidos,missing persons
9149,informa,reports
9150,relleno,stuffed
9151,pedo,fart
9152,documentación,documentation
9153,zombi,zombie
9154,decido,I decide
9155,quiebra,bankruptcy
9156,good,good
9157,pagarme,pay me
9158,marcel,Marcel
9159,peg,peg
9160,obreros,workers
9161,olvidaba,I forgot
9162,avisaré,I will let you know
9163,fundamental,fundamental
9164,preparé,I prepared
9165,amen,amen
9166,robados,stolen
9167,hood,hood
9168,ponla,put it on
9169,universal,universal
9170,terrestre,land
9171,price,price
9172,reconoció,acknowledged
9173,hipoteca,mortgage
9174,rupias,rupees
9175,jardinero,gardener
9176,preston,Preston
9177,lori,Lori
9178,condón,condom
9179,garrett,Garrett
9180,vuelan,fly
9181,facilidad,ease
9182,pinky,pinky
9183,clarke,Clarke
9184,rejas,bars
9185,subí,I went up
9186,harina,flour
9187,batallón,battalion
9188,exteriores,exteriors
9189,histórico,historical
9190,baba,slime
9191,refugiados,refugees
9192,here,here
9193,agradables,pleasant
9194,pajarito,birdie
9195,condones,condoms
9196,chester,Chester
9197,hábitos,habits
9198,prevenir,prevent
9199,despido,dismissal
9200,padrastro,stepfather
9201,besarte,kiss you
9202,blusa,blouse
9203,ugh,ugh
9204,alimenta,feeds
9205,estudia,study
9206,inmigración,immigration
9207,maridos,husbands
9208,vístete,get dressed
9209,jugó,juice
9210,enfrentamos,we face
9211,disculparte,apologize
9212,colapso,collapse
9213,wong,wong
9214,pesos,pesos
9215,cachorros,puppies
9216,defectos,defects
9217,fragmentos,fragments
9218,pondrán,they will put
9219,menta,mint
9220,gu,gu
9221,claros,clear
9222,internado,boarding school
9223,ofertas,offers
9224,lanzado,launched
9225,ganadora,winner
9226,japonesa,Japanese
9227,gail,Gail
9228,aconsejo,I advise
9229,mencioné,I mentioned
9230,ow,ow
9231,pagarlo,pay it
9232,goa,Goa
9233,cápsula,capsule
9234,cálmense,calm down
9235,sherman,Sherman
9236,bombero,firefighter
9237,cumplió,He/She fulfilled
9238,aparecerá,will appear
9239,acelera,accelerate
9240,lorenzo,Lorenzo
9241,sólida,solid
9242,eugene,Eugene
9243,scully,Scully
9244,arreglando,fixing
9245,amarte,to love you
9246,buda,Buddha
9247,obligaciones,obligations
9248,girando,turning
9249,engaña,deceives
9250,usaremos,we will use
9251,ginger,ginger
9252,lodo,mud
9253,sospechar,suspect
9254,aislado,isolated
9255,exige,demands
9256,ivy,Ivy
9257,ally,ally
9258,deshazte,get rid
9259,calmado,calm
9260,piérdete,get lost
9261,estes,these
9262,fitz,Fitz
9263,enseñaste,you taught
9264,asegura,assures
9265,libremente,freely
9266,poemas,poems
9267,tránsito,transit
9268,musulmanes,Muslims
9269,brooks,Brooks
9270,viviente,living
9271,acostaste,You went to bed
9272,prometer,pledge
9273,funcionamiento,operation
9274,pais,country
9275,tribus,tribes
9276,adjunto,attach
9277,demora,delay
9278,joda,joking
9279,trabajaré,I will work
9280,cortaron,they cut
9281,seguirme,follow me
9282,aficionado,amateur
9283,investigado,investigated
9284,vuelos,flights
9285,filmando,filming
9286,desafortunado,unlucky
9287,burla,derision
9288,anita,Anita
9289,cásate,get married
9290,invitarte,invite you
9291,traten,try
9292,echamos,we threw
9293,cross,cross
9294,mueves,you move
9295,pésimo,appalling
9296,kara,kara
9297,directores,directors
9298,pagarás,you will pay
9299,toc,knock
9300,mapas,maps
9301,tenerlos,to have them
9302,hongos,fungus
9303,mateo,Matthew
9304,gorila,gorilla
9305,facial,facial
9306,sushi,sushi
9307,gabe,gabe
9308,jeep,jeep
9309,shannon,Shannon
9310,cambies,change
9311,calabaza,pumpkin
9312,autógrafo,autograph
9313,topo,mole
9314,financiera,financial
9315,nace,born
9316,springfield,Springfield
9317,if,if
9318,penal,penal
9319,noto,I notice
9320,amabas,you loved
9321,eliges,you choose
9322,entregue,deliver
9323,aceptamos,we accept
9324,levanté,Levant
9325,agregar,add
9326,sang,blood
9327,nadando,swimming
9328,atentamente,sincerely
9329,clubes,clubs
9330,violador,rapist
9331,suzanne,Suzanne
9332,rompieron,they broke up
9333,respaldo,back
9334,jenkins,Jenkins
9335,simón,Simon
9336,besado,kissed
9337,ofensiva,offensive
9338,continuará,will continue
9339,planeas,plan
9340,apreciar,appreciate
9341,baterías,batteries
9342,abigail,Abigail
9343,grabaciones,recordings
9344,inconveniente,inconvenient
9345,olvidamos,we forget
9346,descubra,discover
9347,legítimo,legitimate
9348,calabozo,dungeon
9349,ésos,those
9350,escapando,escaping
9351,corporación,corporation
9352,inventé,I invented
9353,chispa,spark
9354,grandeza,greatness
9355,paramos,we stop
9356,envenenado,poisoned
9357,satanás,Satan
9358,suélteme,Let me go
9359,abe,abe
9360,escondes,you hide
9361,cantan,they sing
9362,salvavidas,life jacket
9363,retorno,return
9364,abeja,bee
9365,pulgadas,inches
9366,preciosos,beautiful
9367,cargas,loads
9368,fallecido,deceased
9369,programado,programmed
9370,preocuparnos,worry
9371,buzz,buzz
9372,tacos,tacos
9373,regresando,returning
9374,aliado,ally
9375,declara,declares
9376,preguntamos,we asked
9377,mienten,They lie
9378,marion,Marion
9379,sirvienta,maid
9380,asignado,assigned
9381,gasolinera,gas station
9382,nevada,snowfall
9383,tasa,rate
9384,eminencia,eminence
9385,dales,give them
9386,helada,frost
9387,privadas,private
9388,cogiste,you caught
9389,plana,flat
9390,cortada,cut
9391,volado,flown
9392,regresas,you return
9393,extiende,extends
9394,simone,Simone
9395,movió,moved
9396,roberto,Roberto
9397,pijama,pajamas
9398,irías,would you go
9399,defecto,flaw
9400,roban,they steal
9401,corrupto,corrupt
9402,luchamos,we fight
9403,ausente,absent
9404,or,or
9405,sensual,sensual
9406,millie,Millie
9407,recupere,recover
9408,naval,naval
9409,concentrarme,concentrate
9410,encárgate,take charge
9411,distante,distant
9412,corra,run
9413,lecho,litter
9414,salid,exit
9415,sinceridad,sincerity
9416,conocéis,you know
9417,roland,Roland
9418,lastimarte,hurt you
9419,acontecimientos,events
9420,dc,dc
9421,milo,Milo
9422,expuesto,exposed
9423,square,square
9424,suaves,soft
9425,jinete,rider
9426,conozcan,get to know
9427,traslado,transfer
9428,camello,camel
9429,húmedo,wet
9430,besa,kiss
9431,dedicas,you dedicate
9432,dele,give
9433,tesoros,treasures
9434,extrema,extreme
9435,profundas,deep
9436,usen,use
9437,reúne,brings together
9438,taco,wad
9439,seguiría,would continue
9440,she,she
9441,tratos,deals
9442,cierro,I'm closing
9443,expedientes,files
9444,caminata,hike
9445,tribunales,courts
9446,nacionales,national
9447,presentaré,I will present
9448,mantienes,you maintain
9449,guardería,daycare
9450,tormentas,storms
9451,agradecemos,We appreciate it.
9452,juliette,Juliette
9453,tubos,tubes
9454,vengarse,revenge
9455,individuos,individuals
9456,ochenta,eighty
9457,daga,dagger
9458,estudié,I studied
9459,tiraste,you threw
9460,adicción,addiction
9461,gemela,twin
9462,cartero,mailman
9463,fichas,cards
9464,dárselo,give it to him
9465,explosivo,explosive
9466,árabes,Arabs
9467,labor,work
9468,fina,fine
9469,pentágono,pentagon
9470,barb,beard
9471,roosevelt,Roosevelt
9472,guardando,saving
9473,ademas,besides
9474,natasha,Natasha
9475,matanza,killing
9476,consiguiendo,achieving
9477,cubiertos,covered
9478,doscientos,two hundred
9479,fax,fax
9480,empujó,pushed
9481,conmoción,shock
9482,reunirnos,meet
9483,traficantes,traffickers
9484,déjalos,leave them be
9485,novelas,novels
9486,tammy,tammy
9487,atardecer,sunset
9488,continuamente,continuously
9489,provocado,caused
9490,jurisdicción,jurisdiction
9491,humillante,humiliating
9492,lacey,lacey
9493,sumamente,extremely
9494,misterios,mysteries
9495,residuos,waste
9496,verónica,veronica
9497,rostros,faces
9498,frances,French
9499,besó,kiss
9500,oposición,opposition
9501,aleja,stay away
9502,intruso,intruder
9503,wu,wu
9504,maní,peanut
9505,gabrielle,Gabrielle
9506,nikita,Nikita
9507,feas,ugly
9508,escuchaba,I was listening
9509,masas,masses
9510,sendero,path
9511,artefacto,artifact
9512,cancha,basketball court
9513,moviéndose,moving
9514,aparecieron,appeared
9515,limonada,lemonade
9516,laberinto,maze
9517,paracaídas,parachute
9518,ardilla,squirrel
9519,horizonte,horizon
9520,menciona,mentions
9521,kenneth,Kenneth
9522,despegue,takeoff
9523,decirse,to say
9524,late,late
9525,representar,represent
9526,cajero,ATM
9527,atún,tuna
9528,inapropiado,inappropriate
9529,deseamos,we wish
9530,pobrecito,poor
9531,creíamos,we believed
9532,explicaría,would explain
9533,comete,commits
9534,explicado,explained
9535,tomates,tomatoes
9536,river,river
9537,negociaciones,talks
9538,haced,do
9539,violada,raped
9540,abandono,abandonment
9541,deberán,they must
9542,yerno,son-in-law
9543,sandwich,sandwich
9544,ingenuo,naive
9545,rol,role
9546,coñac,cognac
9547,fanáticos,fans
9548,pretender,pretend
9549,suenan,sound
9550,tardis,tardis
9551,clinton,Clinton
9552,sugerir,suggest
9553,armonía,harmony
9554,satisfacer,satisfy
9555,salmón,salmon
9556,arreglé,I fixed
9557,arteria,artery
9558,despreciable,negligible
9559,escalar,climb
9560,cazando,hunting
9561,alabado,praised
9562,pasarlo,pass it
9563,cigarros,cigars
9564,correa,belt
9565,contener,contain
9566,feroz,fierce
9567,averiguado,learned
9568,provocó,caused
9569,mirándome,looking at me
9570,contexto,context
9571,quítame,take me away
9572,recogió,collected
9573,violentos,violent
9574,miedos,fears
9575,aparición,appearance
9576,ofrecen,offer
9577,haberlos,to have them
9578,casera,homemade
9579,racha,streak
9580,trent,Trent
9581,distribución,distribution
9582,repentino,sudden
9583,rezo,prayer
9584,trish,Trish
9585,bailes,dances
9586,humillación,humiliation
9587,hallaron,they found
9588,invitarme,invite me
9589,conduzco,I drive
9590,ensayar,test
9591,derrotado,defeated
9592,veterinario,veterinarian
9593,faro,lighthouse
9594,pornografía,pornography
9595,yale,Yale
9596,buscaremos,we will look
9597,semen,semen
9598,creerte,believe you
9599,contestó,he answered
9600,chulo,cool
9601,aceptable,acceptable
9602,nomás,just
9603,cubriendo,covering
9604,reconstruir,rebuild
9605,damien,Damien
9606,ayuden,help
9607,brien,Brien
9608,detuvieron,arrested
9609,mantenlo,keep it
9610,desgraciados,wretches
9611,taxista,taxi driver
9612,rezando,praying
9613,estais,you are
9614,tos,cough
9615,atentos,attentive
9616,dondequiera,wherever
9617,describe,describe
9618,jasper,Jasper
9619,insecto,insect
9620,jr,Jr.
9621,propaganda,propaganda
9622,let,let
9623,cantaba,sang
9624,carros,cars
9625,mudamos,we moved
9626,iluminación,lightning
9627,vacuna,vaccine
9628,mantenemos,we maintain
9629,deshacer,undo
9630,ironía,irony
9631,tregua,truce
9632,funcionaba,It worked
9633,stalin,Stalin
9634,subterráneo,underground
9635,determinado,certain
9636,divertirme,have fun
9637,complicaciones,complications
9638,devuelva,return
9639,soborno,bribery
9640,valer,worth
9641,alba,dawn
9642,ame,love
9643,mandaron,they sent
9644,volcán,volcano
9645,consumo,consumption
9646,presionar,press
9647,tontas,silly
9648,venderlo,sell it
9649,antídoto,antidote
9650,ramera,harlot
9651,burbujas,bubbles
9652,echarte,throw you
9653,reportes,reports
9654,atraco,holdup
9655,ciervo,deer
9656,críticas,reviews
9657,vieras,you would see
9658,belle,belle
9659,nápoles,Naples
9660,hulk,Hulk
9661,intervenir,intervene
9662,generosidad,generosity
9663,saldrán,they will come out
9664,mimi,mimi
9665,bendita,blessed
9666,defenderse,fend
9667,mandan,they command
9668,tías,aunts
9669,sabrina,Sabrina
9670,viviré,I will live
9671,apúrense,Hurry up
9672,griegos,Greeks
9673,hot,hot
9674,agárrate,Hold on
9675,alejarme,get away
9676,madam,madam
9677,caña,cane
9678,rodaje,filming
9679,jun.,jun.
9680,sígame,follow me
9681,pamela,Pamela
9682,frutos,fruits
9683,rené,René
9684,importó,imported
9685,empleada,employee
9686,who,who
9687,radical,radical
9688,obstante,However
9689,corté,court
9690,papás,potatoes
9691,hector,Hector
9692,convirtieron,they converted
9693,comparar,compare
9694,júpiter,Jupiter
9695,reunirme,meet
9696,us,us
9697,nat,nat
9698,cemento,cement
9699,montaje,mounting
9700,quité,I removed
9701,jang,jang
9702,espiando,spying
9703,pelean,they fight
9704,tocarme,touch me
9705,marcharte,leave
9706,contraté,I hired
9707,divierte,have fun
9708,suposición,assumption
9709,asegurarte,make sure
9710,donación,donation
9711,formidable,formidable
9712,elefantes,elephants
9713,leve,mild
9714,conforme,according
9715,estanque,pond
9716,celulares,cell phones
9717,clarence,Clarence
9718,françois,François
9719,retiró,withdrawal
9720,creencia,belief
9721,reunimos,we gathered
9722,acudir,go
9723,amablemente,kindly
9724,bolígrafo,pen
9725,deshacerte,get rid
9726,encarga,in charge
9727,hagáis,do
9728,productores,producers
9729,valió,it was worth it
9730,capas,layers
9731,salvando,saving
9732,adrenalina,adrenalin
9733,gates,gates
9734,echemos,Let's throw
9735,cuéntanos,Tell us
9736,serviría,would be useful
9737,aléjense,stay away
9738,respondido,answered
9739,hart,hart
9740,conciertos,concerts
9741,publicado,published
9742,extranjera,foreigner
9743,ocuparse,take care
9744,paguen,pay
9745,alojamiento,accommodation
9746,limpiado,cleaned
9747,traerle,bring him
9748,luther,Luther
9749,detenerla,stop her
9750,forzar,force
9751,inventario,inventory
9752,sugirió,suggested
9753,pediría,I would ask
9754,navegación,navigation
9755,tia,aunt
9756,okey,Okay
9757,angelo,angelo
9758,google,Google
9759,panda,panda
9760,contable,accountant
9761,española,Spanish
9762,interrogar,question
9763,ganaron,they won
9764,repentinamente,suddenly
9765,genes,genes
9766,finge,pretends
9767,whitney,Whitney
9768,destruyendo,destroying
9769,eficiente,efficient
9770,arregle,fix
9771,seminario,seminar
9772,shelby,Shelby
9773,pelirroja,redhead
9774,happy,happy
9775,gibson,Gibson
9776,grandiosa,magnificent
9777,cohetes,rockets
9778,hughes,Hughes
9779,pantalón,pants
9780,lionel,Lionel
9781,celestial,heavenly
9782,gideon,Gideon
9783,mirá,look
9784,sonda,probe
9785,secundario,secondary
9786,ingreso,income
9787,suéltenme,Let me go
9788,maduro,ripe
9789,apartamentos,apartments
9790,afrontar,face
9791,esclavitud,slavery
9792,revisen,check
9793,cesta,basket
9794,donnie,Donnie
9795,engañarme,deceive me
9796,muerde,bites
9797,ncis,ncis
9798,pasaportes,passports
9799,retira,withdraw
9800,adoptar,adopt
9801,cuervo,raven
9802,fijamente,fixedly
9803,portland,Portland
9804,art,art
9805,lastimó,hurt
9806,narcóticos,narcotics
9807,simpática,nice
9808,escogió,chose
9809,lila,lilac
9810,clive,Clive
9811,orientación,orientation
9812,moon,moon
9813,apocalipsis,apocalypse
9814,duquesa,duchess
9815,eun,eun
9816,alucinante,hallucinatory
9817,nombrado,named
9818,paras,paras
9819,figuras,figures
9820,terminen,finish
9821,dom,sun
9822,empuje,push
9823,vendes,you sell
9824,du,du
9825,recurso,resource
9826,creyeron,they believed
9827,ramón,Ramón
9828,adicional,additional
9829,delhi,Delhi
9830,zombis,zombies
9831,turco,Turkish
9832,frijoles,beans
9833,internacionales,international
9834,discutirlo,discuss it
9835,cebo,bait
9836,exijo,I demand
9837,pesados,heavy
9838,caía,fell
9839,presentarle,introduce him
9840,life,life
9841,echen,throw
9842,dobles,double
9843,peyton,Peyton
9844,músculo,muscle
9845,mack,mack
9846,edith,Edith
9847,existido,existed
9848,harriet,Harriet
9849,trataste,you tried
9850,apágalo,Turn it off
9851,contabilidad,accounting
9852,ganarme,win me over
9853,deshacernos,get rid of
9854,redada,raid
9855,oportuno,prompt
9856,jardines,grounds
9857,vega,Vega
9858,preguntaron,they asked
9859,tate,tate
9860,ordenadores,computers
9861,chile,chili
9862,janice,Janice
9863,aceptan,accept
9864,henri,Henri
9865,caros,expensive
9866,sophia,Sophia
9867,locuras,crazy
9868,setenta,seventy
9869,alf,alf
9870,suceden,happen
9871,caderas,hips
9872,hayes,hayes
9873,buque,vessel
9874,nana,nana
9875,reconocí,I recognized
9876,suegra,mother-in-law
9877,apuntar,aim
9878,alejarse,move away
9879,ceder,give
9880,encerrados,locked up
9881,pintado,painted
9882,crezca,grow
9883,hospitalidad,hospitality
9884,henderson,Henderson
9885,atleta,athlete
9886,arruiné,I ruined
9887,convencerme,convince me
9888,escritora,writer
9889,devon,Devon
9890,poste,post
9891,bryan,Bryan
9892,acogida,reception
9893,mermelada,jam
9894,injusticia,injustice
9895,ficha,file
9896,reno,reindeer
9897,granos,grain
9898,tendréis,you will have
9899,obstáculos,obstacles
9900,golpeaste,you hit
9901,gobernar,govern
9902,peligros,dangers
9903,intensa,intense
9904,lema,motto
9905,despejen,clear
9906,intentándolo,trying
9907,alejada,distant
9908,reducido,reduced
9909,inauguración,opening
9910,muda,change
9911,tope,stop
9912,terminas,you finish
9913,móviles,mobiles
9914,dirigiendo,directing
9915,pagaste,you paid
9916,podrido,rotten
9917,mula,mule
9918,necesitáis,you need
9919,powell,Powell
9920,variedad,variety
9921,hubiesen,they would have
9922,llévala,Take it
9923,azotea,rooftop
9924,cóctel,cocktail
9925,tripas,guts
9926,tocarlo,play it
9927,díganme,Tell me
9928,regresaremos,we will return
9929,biología,biology
9930,julien,Julien
9931,galaxias,galaxies
9932,correctas,correct
9933,atrapamos,we caught
9934,pillar,catch
9935,lecturas,readings
9936,populares,popular
9937,luchó,fought
9938,luto,mourning
9939,rafael,Rafael
9940,thor,Thor
9941,terminaré,I will finish
9942,ayudarás,you will help
9943,agarre,grip
9944,corres,you run
9945,reactor,reactor
9946,kilómetro,kilometer
9947,demostrarlo,prove it
9948,háganlo,Do it
9949,dígales,tell them
9950,gerry,Gerry
9951,comiencen,begin
9952,entrará,will enter
9953,bonos,bonds
9954,veronica,veronica
9955,edwards,Edwards
9956,despidió,fired
9957,spa,spa
9958,centros,centers
9959,puños,fists
9960,martini,Martini
9961,holt,holt
9962,cuidarte,take care of yourself
9963,visitante,visitor
9964,newton,Newton
9965,enteras,whole
9966,patos,ducks
9967,laboral,labor
9968,molestarme,bother me
9969,apestoso,stinky
9970,agradecidos,grateful
9971,acera,pavement
9972,hombrecito,little man
9973,potente,powerful
9974,bombardeo,bombing
9975,gritaba,he was shouting
9976,borrado,erased
9977,enterarse,find out
9978,becca,Becca
9979,irrelevante,irrelevant
9980,pakistán,Pakistan
9981,guarida,den
9982,acompañar,accompany
9983,tendencia,trend
9984,vacíos,empty
9985,pasarán,will pass
9986,católico,Catholic
9987,comenzará,will begin
9988,descifrar,decipher
9989,brazalete,bracelet
9990,profecía,prophecy
9991,paseando,strolling
9992,briggs,Briggs
9993,intentaremos,we will try
9994,protegerlo,protect it
9995,insensible,insensitive
9996,pruébalo,Try it
9997,obligados,obligated
9998,seguirás,you will continue
9999,consigas,you get
10000,extensión,extension
10001,niñez,childhood
10002,voluntariamente,voluntarily
10003,parrilla,grill
10004,marineros,sailors
10005,benson,Benson
10006,jura,oath
10007,pegamento,glue
10008,supieran,if they knew
10009,cuestan,cost
10010,georgie,Georgie
10011,anochecer,dusk
10012,ronald,Ronald
10013,volverme,to become
10014,porcentaje,percentage
10015,stu,stu
10016,dañar,damage
10017,pálido,pale
10018,cuido,I take care
10019,impuesto,tax
10020,lucía,Lucia
10021,veteranos,veterans
10022,dese,des
10023,justos,just
10024,besarme,kiss me
10025,sensibilidad,sensitivity
10026,prefieren,prefer
10027,diciéndole,telling him
10028,golfo,gulf
10029,ty,ty
10030,y-,and-
10031,mills,mills
10032,tiren,throw
10033,negociación,negotiation
10034,presionando,pressing
10035,calmarte,calm down
10036,prepararme,prepare
10037,darren,Darren
10038,disfrutado,enjoyed
10039,apresúrate,hurry
10040,desacuerdo,disagreement
10041,hallé,I found
10042,modesto,modest
10043,atajo,shortcut
10044,recogido,collected
10045,cambiaré,I will change
10046,flechas,arrows
10047,rapidez,speed
10048,enseñan,they teach
10049,sucediera,happened
10050,fibra,fiber
10051,granjeros,farmers
10052,giovanni,Giovanni
10053,julieta,Juliet
10054,suciedad,dirt
10055,peterson,Peterson
10056,abrirlo,open it
10057,rendirse,surrender
10058,stop,stop
10059,obama,Obama
10060,deliberadamente,deliberately
10061,esconderte,hide
10062,olvídelo,Forget it
10063,ingenieros,engineers
10064,relacionados,related
10065,plasma,plasma
10066,puros,pure
10067,demandar,sue
10068,llanto,crying
10069,tarado,idiot
10070,necesarios,necessary
10071,mae,mae
10072,suponiendo,assuming
10073,sustituto,substitute
10074,ansiosa,anxious
10075,dejarías,would you leave
10076,soplón,snitch
10077,jade,jade
10078,cohen,Cohen
10079,remolque,trailer
10080,peleado,fought
10081,adelanto,advancement
10082,pasados,past
10083,envidio,I envy
10084,relájese,Relax
10085,presiona,press
10086,reclamar,claim
10087,supera,exceeds
10088,importara,would matter
10089,condujo,led
10090,infantería,infantry
10091,presentarse,introduce
10092,nuca,nape
10093,ayúdanos,help us
10094,aprendiz,apprentice
10095,trueno,thunder
10096,operativo,operational
10097,adán,Adam
10098,discreto,discreet
10099,procedimientos,procedures
10100,típica,typical
10101,anónimo,anonymous
10102,enviados,sent
10103,molino,windmill
10104,senor,Sir
10105,despedirte,say goodbye
10106,alcohólico,alcoholic
10107,dispárale,shoot him
10108,desaparecen,disappear
10109,night,night
10110,corrientes,currents
10111,hábil,skilled
10112,sacerdotes,priests
10113,borda,rail
10114,vendemos,We sell
10115,suspensión,suspension
10116,echan,they throw
10117,sutton,Sutton
10118,laboratorios,laboratories
10119,expulsar,expel
10120,médula,marrow
10121,crawford,Crawford
10122,blando,soft
10123,opera,opera
10124,librería,bookshop
10125,importas,you matter
10126,enviaremos,we will send
10127,bam,bam
10128,tiffany,Tiffany
10129,patética,pathetic
10130,divertirte,have fun
10131,gustos,tastes
10132,podriamos,we could
10133,trío,trio
10134,violado,broken
10135,atrapan,catch
10136,hambrientos,hungry
10137,disculparse,apologize
10138,recordé,I remembered
10139,finca,estate
10140,pagarte,pay you
10141,únete,join
10142,montana,mountain
10143,dea,idea
10144,rompa,break
10145,amigable,friendly
10146,nombrar,name
10147,blog,blog
10148,asamblea,assembly
10149,jonah,Jonah
10150,ocupe,occupy
10151,porche,porch
10152,náuseas,nausea
10153,amuleto,amulet
10154,simpatía,sympathy
10155,actualidad,present
10156,púrpura,purple
10157,bono,bond
10158,corría,ran
10159,cumbre,summit
10160,concuerda,agrees
10161,comprarlo,buy it
10162,elija,choose
10163,trama,plot
10164,calefacción,heating
10165,felipe,Felipe
10166,útiles,useful
10167,mostaza,mustard
10168,psiquiátrico,psychiatric
10169,retire,withdraw
10170,bridget,Bridget
10171,protegida,protected
10172,barbie,Barbie
10173,sosteniendo,holding
10174,renunció,resigned
10175,detengas,stop
10176,desperdiciar,waste
10177,sostiene,maintains
10178,reaccionar,react
10179,capitana,captain
10180,high,high
10181,aprendes,you learn
10182,escapé,exhaust
10183,ejecutado,executed
10184,besando,kissing
10185,perderme,get lost
10186,curiosa,curious
10187,imaginarme,imagine
10188,estadísticas,statistics
10189,lateral,side
10190,descubrirlo,discover it
10191,humedad,humidity
10192,contéstame,answer me
10193,traigas,bring
10194,cerramos,We're closed
10195,intuición,intuition
10196,off,off
10197,desees,you wish
10198,erección,erection
10199,digna,worthy
10200,permitirme,allow me
10201,yoo,yo
10202,compran,buy
10203,marcador,marker
10204,dirigimos,we direct
10205,rotas,broken
10206,aw,aw
10207,escúchenme,Listen to me
10208,email,e-mail
10209,darías,would you give
10210,hyung,hyung
10211,rabino,rabbi
10212,terminada,finished
10213,comprometidos,committed
10214,infectado,infected
10215,avisa,warns
10216,macleod,Macleod
10217,deprimida,depressed
10218,arca,ark
10219,reunidos,gathered
10220,morales,morals
10221,comerciante,businessman
10222,utilidad,utility
10223,pasadas,past
10224,exilio,exile
10225,cruzó,crossed
10226,desnudas,naked
10227,gold,gold
10228,consideran,consider
10229,dispararé,I will shoot
10230,traemos,we bring
10231,contarles,tell them
10232,condenada,condemned
10233,moría,I was dying
10234,au,au
10235,inaceptable,unacceptable
10236,marciales,martial arts
10237,mueran,die
10238,queens,queens
10239,riñones,kidneys
10240,enmienda,amendment
10241,encajar,fit
10242,burdel,brothel
10243,indiana,Indiana
10244,santiago,Santiago
10245,pulsera,bracelet
10246,entrego,I hand over
10247,doblar,fold
10248,right,right
10249,greene,greene
10250,tapadera,front
10251,variar,vary
10252,tango,tango
10253,gramos,grams
10254,wolf,wolf
10255,maniobra,maneuver
10256,compensar,compensate
10257,concedido,granted
10258,morder,bite
10259,north,north
10260,inminente,imminent
10261,luca,Luca
10262,acusados,accused
10263,encargue,order
10264,respóndeme,answer me
10265,russ,russ
10266,arbustos,shrubbery
10267,raja,raja
10268,brillar,shine
10269,asumiendo,assuming
10270,sirviendo,serving
10271,ahogó,drowning
10272,mozo,waiter
10273,timón,rudder
10274,apuros,troubles
10275,argentina,Argentina
10276,po,po
10277,lilly,Lilly
10278,virginidad,virginity
10279,comamos,Let's eat
10280,crueldad,cruelty
10281,onu,UN
10282,michigan,Michigan
10283,devuelvo,I return
10284,sueña,sounds
10285,rodeada,surrounded
10286,empezará,will begin
10287,abriré,I will open
10288,cocodrilo,crocodile
10289,bebí,I drank
10290,descuidado,careless
10291,phillips,Phillips
10292,signifique,mean
10293,letrero,sign
10294,trayectoria,path
10295,gala,gala
10296,lucir,show off
10297,evacuar,evacuate
10298,pescador,fisherman
10299,llevemos,Let's take
10300,pagaría,would pay
10301,viajero,traveler
10302,enseñarles,teach them
10303,subimos,we went up
10304,cortaré,I will cut
10305,españoles,Spaniards
10306,quitarse,take off
10307,ladrillos,bricks
10308,bufanda,scarf
10309,explota,explodes
10310,mares,seas
10311,psicólogo,psychologist
10312,ladrona,thief
10313,limitado,limited
10314,huelen,they smell
10315,empresario,businessman
10316,dormiré,I will sleep
10317,admirable,admirable
10318,acusar,accuse
10319,warner,Warner
10320,corteza,crust
10321,siguiera,continued
10322,tenedor,fork
10323,transmitir,convey
10324,sentías,you felt
10325,online,on-line
10326,correspondencia,correspondence
10327,valley,valley
10328,allanamiento,raid
10329,controlarlo,control it
10330,sencillamente,simply
10331,márchate,leave
10332,enterrada,buried
10333,brecha,gap
10334,regresan,return
10335,fruto,fruit
10336,comparte,share
10337,vómito,vomit
10338,enterarme,find out
10339,dividir,split
10340,olvidarte,forget you
10341,ocurriera,happened
10342,secuestró,kidnapping
10343,esqueleto,skeleton
10344,old,old
10345,separadas,separate
10346,difícilmente,hardly
10347,antigüedad,antique
10348,bajé,I went down
10349,detras,behind
10350,see,see
10351,conecta,connect
10352,cap,chap
10353,montando,riding
10354,practica,practice
10355,utilizan,use
10356,bebió,drank
10357,home,home
10358,joyería,jeweler's
10359,tambor,drum
10360,protagonista,protagonist
10361,definitivo,definitive
10362,contarnos,tell us
10363,maddie,Maddie
10364,obligada,obliged
10365,montgomery,Montgomery
10366,navidades,Christmas
10367,atar,tie
10368,esperaría,I would expect
10369,esperaban,they were waiting
10370,cereales,cereals
10371,proposición,proposition
10372,ventilación,ventilation
10373,pídele,ask him
10374,palomas,pigeons
10375,destrozar,shatter
10376,espaciales,space
10377,secuestrador,kidnapper
10378,videojuegos,video games
10379,deriva,drift
10380,luisa,Luisa
10381,campesino,peasant
10382,comía,ate
10383,percy,Percy
10384,órgano,organ
10385,malvados,evil
10386,preparó,prepared
10387,x.,x.
10388,gustara,I would like it
10389,cobertizo,shed
10390,buscándote,looking for you
10391,llévatelo,Take it
10392,reemplazo,replacement
10393,recordarte,remind you
10394,ocultas,hidden
10395,octavo,eighth
10396,faltar,lack
10397,planeo,glide
10398,jornada,day
10399,pensándolo,thinking about it
10400,parecías,you seemed
10401,seguras,safe
10402,dominic,Dominic
10403,air,air
10404,bocado,bite
10405,tragar,swallow
10406,impresionada,impressed
10407,acelerar,accelerate
10408,inversiones,investments
10409,canadiense,Canadian
10410,duelen,they hurt
10411,lunático,lunatic
10412,prohibida,prohibited
10413,surge,arises
10414,glorioso,glorious
10415,irresponsable,irresponsible
10416,honores,honors
10417,florence,Florence
10418,supervivientes,survivors
10419,place,place
10420,funcionaría,would work
10421,tirada,print run
10422,pedía,asked
10423,hale,hale
10424,anónima,anonymous
10425,celdas,cells
10426,point,point
10427,asia-team,asia-team
10428,nativos,natives
10429,prestas,lend
10430,ferrari,Ferrari
10431,escaparon,escaped
10432,hormonas,hormones
10433,salas,rooms
10434,florencia,Florence
10435,inofensivo,harmless
10436,separa,separate
10437,ladrillo,brick
10438,mentalmente,mentally
10439,calmar,calm
10440,atrevo,I dare
10441,hayley,Hayley
10442,manager,manager
10443,funcionario,official
10444,calme,calm
10445,ayudaron,helped
10446,shepherd,shepherd
10447,levantes,lifts
10448,recordado,remembered
10449,ames,ames
10450,meteré,I'll put
10451,hambrienta,hungry
10452,entrañas,bowels
10453,secuestrada,kidnapped
10454,vinos,wines
10455,kramer,kramer
10456,tomarnos,take us
10457,elevado,high
10458,no-,No-
10459,veían,they saw
10460,desesperados,desperate
10461,traicionar,betray
10462,cabreado,angry
10463,medir,measure
10464,when,when
10465,lavabo,washbasin
10466,microondas,microwave
10467,salvará,will save
10468,íntimo,intimate
10469,christy,Christy
10470,detector,detector
10471,cesar,cease
10472,vicki,Vicki
10473,vendiste,you sold
10474,cubiertas,covers
10475,ta,ta
10476,callas,callas
10477,huérfanos,orphans
10478,imprudente,reckless
10479,ignorancia,ignorance
10480,atrapé,I caught
10481,gardner,Gardner
10482,moe,moe
10483,voluntaria,voluntary
10484,veloz,fast
10485,charley,charley
10486,pagarán,they will pay
10487,comeremos,we will eat
10488,distinguir,distinguish
10489,saques,serve
10490,provincia,province
10491,convertiste,you became
10492,gorro,cap
10493,moreno,dark
10494,buscarle,look for him
10495,daniels,Daniels
10496,frederick,Frederick
10497,pobrecita,poor thing
10498,rodeados,surrounded
10499,crystal,crystal
10500,puestas,sunsets
10501,subiré,I'll go up
10502,maxwell,Maxwell
10503,maquina,machine
10504,detectar,detect
10505,banana,banana
10506,tesis,thesis
10507,acabaré,I will finish
10508,enojo,anger
10509,acelerador,accelerator
10510,entenderás,you will understand
10511,weaver,Weaver
10512,cuidarme,take care of myself
10513,quedaras,you will stay
10514,lucifer,Lucifer
10515,marissa,Marissa
10516,repuesto,replacement
10517,holden,holden
10518,alucinaciones,hallucinations
10519,corredores,runners
10520,biológico,biological
10521,púdrete,rot
10522,neill,Neill
10523,tablas,tables
10524,descubriste,you discovered
10525,organismo,body
10526,afectar,affect
10527,acuéstate,lie down
10528,cuevas,caves
10529,servirle,serve him
10530,i.,Yo.
10531,abismo,abyss
10532,equivocadas,wrong
10533,prostitución,prostitution
10534,nudos,knots
10535,perfectas,perfect
10536,picado,chopped
10537,miradas,glances
10538,ambicioso,ambitious
10539,aparatos,devices
10540,escribía,I wrote
10541,dirigió,directed
10542,olía,smelled
10543,confié,I trusted
10544,construyeron,they built
10545,camarote,cabin
10546,determinación,determination
10547,isabelle,Isabelle
10548,dobla,fold
10549,bofetada,slap
10550,equivocó,mistaken
10551,elevador,elevator
10552,persiguen,pursue
10553,leyendas,legends
10554,ejércitos,armies
10555,imagine,imagine
10556,how,how
10557,fumas,Do you smoke?
10558,sueltos,loose
10559,eches,throw
10560,estafador,swindler
10561,h.,h.
10562,felizmente,happily
10563,recuperarlo,recover it
10564,noción,notion
10565,solteros,singles
10566,permitiría,would
10567,corazonada,hunch
10568,agotada,sold out
10569,castigar,punish
10570,rivales,rivals
10571,resolución,resolution
10572,lograron,they achieved
10573,financieros,financial
10574,continúen,continue
10575,exitosa,successful
10576,activado,activated
10577,brindemos,Let's offer
10578,cordón,cord
10579,relajado,relaxed
10580,arrastrado,dragged
10581,tolerar,tolerate
10582,símbolos,symbols
10583,aliviar,relieve
10584,yes,Yes
10585,visitarme,visit me
10586,pope,pope
10587,racional,rational
10588,espionaje,espionage
10589,sientate,sit down
10590,electrónica,electronics
10591,homenaje,tribute
10592,orgasmo,orgasm
10593,usaría,would use
10594,pro,pro
10595,culpes,blame
10596,infernal,infernal
10597,apartado,paragraph
10598,tessa,Tessa
10599,intentos,attempts
10600,banks,banks
10601,matrimonios,marriages
10602,drogadicto,junkie
10603,temporalmente,temporarily
10604,agarré,grip
10605,peluche,teddy
10606,económica,economic
10607,pasillos,hallways
10608,devolverle,return it
10609,supimos,we knew
10610,encargará,will be in charge
10611,espectro,spectrum
10612,sábados,Saturdays
10613,record,record
10614,pensarás,you'll think
10615,wheeler,wheeler
10616,dispararme,shoot me
10617,alexis,Alexis
10618,pabellón,pavilion
10619,traido,brought
10620,representan,represent
10621,et,and
10622,agencias,agencies
10623,avatar,avatar
10624,respire,breathe
10625,mecánica,mechanics
10626,leeré,I will read
10627,tropa,troop
10628,abdomen,abdomen
10629,mencionaste,you mentioned
10630,noruega,Norway
10631,arreglamos,we fixed
10632,zoo,zoo
10633,tómala,Take it
10634,comenzaremos,we will begin
10635,banca,banking
10636,retrete,toilet
10637,tazón,mug
10638,darcy,Darcy
10639,échale,throw it
10640,pensarán,they will think
10641,satisfecha,satisfied
10642,donny,Donny
10643,beck,Beck
10644,alfredo,Alfred
10645,intentemos,Let's try
10646,iii,iii
10647,clayton,Clayton
10648,activar,activate
10649,panqueques,pancakes
10650,marine,marine
10651,cuadrado,square
10652,dejaran,they will leave
10653,futuros,futures
10654,brent,Brent
10655,sándwiches,sandwiches
10656,hyde,hyde
10657,díganos,tell us
10658,proteja,protect
10659,transición,transition
10660,boxeador,boxer
10661,revise,review
10662,cuyos,whose
10663,secundarios,secondary
10664,uvas,grapes
10665,sudando,sweating
10666,congelador,freezer
10667,fallé,I failed
10668,vaughn,Vaughn
10669,atentado,attempt
10670,batido,beaten
10671,canasta,basket
10672,monumento,monument
10673,antorcha,torch
10674,antena,antenna
10675,sacarlos,take them out
10676,colaboración,collaboration
10677,gemma,Gemma
10678,solicito,solicitous
10679,taquilla,ticket office
10680,tenerme,have me
10681,seo,SEO
10682,insignia,insignia
10683,fábricas,factories
10684,conque,so
10685,senté,I sat down
10686,reunió,met
10687,convencida,convinced
10688,frías,cold
10689,asustan,frighten
10690,mojada,wet
10691,seúl,Seoul
10692,leales,loyal
10693,philippe,Philippe
10694,préstamos,loans
10695,callarte,shut up
10696,alejandro,Alexander
10697,banquero,banker
10698,divertidas,fun
10699,artístico,artistic
10700,luchas,struggles
10701,armstrong,Armstrong
10702,dramática,dramatic
10703,roz,rose
10704,tyson,Tyson
10705,coser,sew
10706,temperamento,temper
10707,creerán,they will believe
10708,calzones,breeches
10709,abrirla,open it
10710,dadas,given
10711,andrews,Andrews
10712,emmett,Emmett
10713,vendedores,sellers
10714,patán,lout
10715,patata,potato
10716,flaco,skinny
10717,homosexuales,homosexuals
10718,esteroides,steroids
10719,cuota,share
10720,vendas,bandages
10721,brendan,Brendan
10722,continúan,continue
10723,heidi,Heidi
10724,secuestrar,kidnap
10725,industrias,industries
10726,avergüenza,shameful
10727,arriesgarme,take the risk
10728,ostras,oysters
10729,procesar,process
10730,perdamos,let's lose
10731,tacones,heels
10732,igualdad,equality
10733,exista,exist
10734,cambiarte,change
10735,obtenido,obtained
10736,nigel,Nigel
10737,engañaste,you cheated
10738,saliva,saliva
10739,ofrecieron,offered
10740,carnaval,carnival
10741,mudé,I moved
10742,cenas,dinners
10743,churchill,Churchill
10744,ayudaba,helped
10745,menciones,mentions
10746,line,line
10747,rasguño,scratch
10748,transmisor,transmitter
10749,grandote,huge
10750,recibieron,received
10751,dieciséis,sixteen
10752,defendiendo,defending
10753,quitaré,I will remove
10754,ingresar,get into
10755,empeorar,worsen
10756,quejarte,complain
10757,ideales,ideal
10758,invertido,invested
10759,memorias,memoirs
10760,helicópteros,helicopters
10761,universidades,universities
10762,alejarte,walk away
10763,corro,I run
10764,canciller,chancellor
10765,revelación,revelation
10766,felicity,Felicity
10767,presiones,pressures
10768,debiera,should
10769,inventando,inventing
10770,buenísimo,awesome!
10771,etc.,etc
10772,quiza,perhaps
10773,clare,Clare
10774,ire,go
10775,volverte,to become
10776,seguidos,followed
10777,bajamos,we went down
10778,mentiría,I would lie
10779,dejémoslo,Let's leave it at that
10780,nash,nash
10781,bota,boot
10782,disturbios,unrest
10783,divorciado,divorced
10784,enojes,anger
10785,noventa,ninety
10786,élite,elite
10787,pellejo,skin
10788,odiaría,I would hate
10789,trastorno,disorder
10790,explorador,explorer
10791,produjo,produced
10792,che,che
10793,ike,ike
10794,admítelo,Admit it
10795,cansé,I got tired
10796,formado,formed
10797,desaparecidas,missing
10798,démosle,Let's give it to him
10799,confíes,trust
10800,detenerse,stop
10801,ganaremos,we will win
10802,mallory,Mallory
10803,estribor,starboard
10804,operadora,operator
10805,puré,puree
10806,elegida,chosen
10807,maureen,Maureen
10808,pezones,nipples
10809,nixon,Nixon
10810,otis,Otis
10811,pasarte,pass
10812,ejemplar,copy
10813,bloquear,block
10814,rodeo,rodeo
10815,contestado,answered
10816,cante,sing
10817,entraré,I will enter
10818,plantado,planted
10819,individual,individual
10820,pertenencias,belongings
10821,fuertemente,strongly
10822,noroeste,northwest
10823,biológica,biological
10824,subes,you go up
10825,vegetales,vegetables
10826,tácticas,tactics
10827,rondas,rounds
10828,espejos,mirrors
10829,frustrante,frustrating
10830,aplica,applies
10831,confieso,I confess
10832,triángulo,triangle
10833,funcionarios,officials
10834,titular,holder
10835,yace,lies
10836,catástrofe,catastrophe
10837,plantar,plant
10838,compartido,shared
10839,repetirlo,repeat it
10840,títulos,securities
10841,amplio,broad
10842,back,back
10843,indias,Indians
10844,moisés,Moses
10845,dolly,Dolly
10846,desgraciada,unfortunate
10847,cenamos,We had dinner
10848,solucionarlo,fix it
10849,filmación,shooting
10850,gire,turn
10851,hm,hm
10852,discutido,discussed
10853,secuestradores,kidnappers
10854,entendería,I would understand
10855,visitando,visiting
10856,rastreo,tracking
10857,tambores,drums
10858,crudo,raw
10859,guardianes,guardians
10860,cálculo,calculation
10861,cejas,eyebrows
10862,alambre,wire
10863,recortes,cuts
10864,incidentes,incidents
10865,ayudamos,we help
10866,testículos,testicles
10867,déjenos,leave us
10868,subtítulo,caption
10869,oppa,oppa
10870,cumpliendo,fulfilling
10871,suegro,father-in-law
10872,brindar,toast
10873,escalofríos,shivers
10874,quejarse,complain
10875,homer,Homer
10876,dure,last
10877,kai,kai
10878,regresaron,they returned
10879,acompañaré,I will accompany
10880,ingenio,wit
10881,rindas,surrender
10882,ordené,I ordered
10883,grúa,crane
10884,ganancia,revenue
10885,lloro,cry
10886,manipular,manipulate
10887,llevabas,you were wearing
10888,percepción,perception
10889,cass,cass
10890,comprobando,checking
10891,dirían,they would say
10892,sloan,Sloan
10893,sangrado,bleeding
10894,supervisión,supervision
10895,decoración,decoration
10896,enamoró,fell in love
10897,muelles,docks
10898,cumpla,fulfill
10899,saltado,leapt
10900,compuesto,compound
10901,maligno,malignant
10902,dato,fact
10903,entenderías,you would understand
10904,acantilado,cliff
10905,creerías,would you believe
10906,arrojó,daring
10907,aria,aria
10908,mareado,dizzy
10909,taxis,taxis
10910,podríais,could
10911,acercándose,approaching
10912,il,il
10913,celia,Celia
10914,morena,brunette
10915,ojala,I wish
10916,aburrimiento,boredom
10917,sugieres,you suggest
10918,improbable,unlikely
10919,revela,reveals
10920,tacto,touch
10921,predicador,preacher
10922,partió,left
10923,presidencial,presidential
10924,bailamos,we danced
10925,audio,audio
10926,apestas,You stink
10927,robarle,steal from him
10928,dormimos,we slept
10929,arañas,spiders
10930,créditos,credits
10931,epidemia,epidemic
10932,carlton,Carlton
10933,moción,motion
10934,crió,child
10935,probé,I tried
10936,imitación,imitation
10937,solicitar,request
10938,casual,casual
10939,aprobar,approve
10940,aprecia,appreciates
10941,barca,boat
10942,apague,turn off
10943,vainilla,vanilla
10944,aléjese,walk away
10945,vil,vile
10946,estrecho,narrow
10947,cruzada,crusade
10948,banderas,flags
10949,escondidos,hidden
10950,anormal,abnormal
10951,aló,Hello
10952,parecemos,we seem
10953,disputa,quarrel
10954,marianne,Marianne
10955,tradiciones,traditions
10956,manguera,hose
10957,way,way
10958,cases,cases
10959,pregúntele,ask him
10960,want,want
10961,pum,boom
10962,marche,march
10963,condolencias,Condolences
10964,cifra,figure
10965,paco,Paco
10966,sofisticado,sophisticated
10967,eligieron,they chose
10968,vigilado,monitored
10969,jedi,Jedi
10970,marchando,marching
10971,anos,years
10972,sirenas,sirens
10973,bebía,drank
10974,veterano,veteran
10975,manifestación,manifestation
10976,devoción,devotion
10977,espectadores,viewers
10978,mango,mango
10979,atada,tied
10980,gasto,spent
10981,remota,remote
10982,nah,nah
10983,mumbai,Mumbai
10984,abrirá,will open
10985,larguémonos,Let's get out of here
10986,fieles,faithful
10987,francine,Francine
10988,honrar,honor
10989,extracción,extraction
10990,desagradables,unpleasant
10991,proveedor,supplier
10992,enteraste,did you find out
10993,conseguirme,get me
10994,aceptará,will accept
10995,características,characteristics
10996,medallas,medals
10997,eliminación,elimination
10998,escaparse,escape
10999,morse,Morse
11000,halló,found
11001,visible,visible
11002,warp,warp
11003,transformación,transformation
11004,necesarias,necessary
11005,simmons,Simmons
11006,himno,hymn
11007,bon,bon
11008,iglesias,churches
11009,municipal,municipal
11010,enviará,will send
11011,reírse,laugh
11012,calentar,heat
11013,murciélago,bat
11014,ariel,Ariel
11015,dactilares,fingerprints
11016,yi,yi
11017,atómica,atomic
11018,aficionados,fans
11019,cantas,you sing
11020,tito,Tito
11021,recordó,he remembered
11022,expreso,express
11023,quites,removes
11024,dani,Dani
11025,detenidos,detainees
11026,billie,Billie
11027,salirse,to leave
11028,jarra,jug
11029,queráis,you want
11030,amistoso,friendly
11031,mordido,bitten
11032,perla,pearl
11033,gelatina,gelatin
11034,bromear,kidding
11035,chismes,gossip
11036,estrelló,crashed
11037,corregir,correct
11038,hilos,threads
11039,asustarme,scare me
11040,cálida,warm
11041,tocamos,we play
11042,conociendo,getting to know
11043,exagerado,exaggerated
11044,prestarme,lend me
11045,cagado,shit
11046,telefónicas,telephone companies
11047,balance,balance
11048,respetado,respected
11049,ling,ling
11050,rutas,routes
11051,crearon,created
11052,devolverlo,return it
11053,zar,czar
11054,descansen,rest
11055,usual,usual
11056,exponer,expose
11057,bailas,you dance
11058,bah,Bah
11059,beatles,Beatles
11060,vayámonos,Let's go
11061,sensato,sensible
11062,circulación,circulation
11063,conquista,conquest
11064,extraer,extract
11065,encargaremos,we will take care of it
11066,hoguera,bonfire
11067,gracie,grace
11068,monjas,nuns
11069,arrestada,arrested
11070,actuó,acted
11071,alquilado,rented
11072,conocerme,get to know me
11073,molestas,annoying
11074,tortugas,turtles
11075,saul,Saul
11076,celebridad,celebrity
11077,venías,were you coming
11078,kev,kev
11079,manchester,Manchester
11080,uy,oh
11081,diputado,deputy
11082,polaco,Polish
11083,clavos,nails
11084,negado,denied
11085,casara,Casara
11086,actuado,acted
11087,resuelve,solves
11088,complace,please
11089,resonancia,resonance
11090,proxima,next
11091,socia,partner
11092,agradece,thank you
11093,bin,bin
11094,sanders,Sanders
11095,miserables,miserable
11096,severo,severe
11097,ezra,ezra
11098,cuanta,how much
11099,esperó,wait
11100,tornado,tornado
11101,propietarios,owners
11102,pizca,pinch
11103,arreglará,will fix
11104,empleos,jobs
11105,concentrado,concentrated
11106,ollie,Ollie
11107,cora,cora
11108,obtienes,you get
11109,atlántico,Atlantic
11110,bancarrota,bankruptcy
11111,yardas,yards
11112,quemada,burned
11113,monasterio,monastery
11114,quisieran,they would like
11115,stacey,Stacey
11116,abrieron,opened
11117,elegantes,elegant
11118,privilegios,privileges
11119,habeis,you have
11120,monjes,monks
11121,marchas,marches
11122,válvula,valve
11123,casita,cottage
11124,jugué,I played
11125,recogeré,I will pick up
11126,lanzando,launching
11127,arranque,start
11128,conduces,you drive
11129,candy,candy
11130,oral,oral
11131,bancaria,banking
11132,nº,no.
11133,muevo,I move
11134,labial,lip
11135,contarlo,tell it
11136,consigamos,Let's get
11137,hassan,Hassan
11138,recupera,recovers
11139,predecir,predict
11140,secretas,secret
11141,abrázame,hug me
11142,recordarle,remind him
11143,lloraba,she was crying
11144,mariposas,butterflies
11145,anzuelo,hook
11146,devolvió,returned
11147,novatos,novices
11148,quisiéramos,we would like
11149,carnet,license
11150,asustarte,scare you
11151,mindy,mindy
11152,rebaño,herd
11153,w,w
11154,gusten,like
11155,baratos,cheap
11156,económico,economic
11157,mara,Mara
11158,boo,boo
11159,alimentación,feeding
11160,cook,cook
11161,inició,start
11162,críos,kids
11163,vivirás,you will live
11164,yenes,yen
11165,pasajes,passages
11166,grieta,crack
11167,reportera,reporter
11168,dense,dense
11169,besé,I kissed
11170,vip,VIP
11171,tazas,cups
11172,luthor,Luthor
11173,pandillas,gangs
11174,visitó,visited
11175,abrid,open
11176,enviarme,send me
11177,agrado,pleasant
11178,ponche,punch
11179,movida,move
11180,escoba,broom
11181,atravesando,crossing
11182,recado,message
11183,arrojar,throw
11184,planeamos,we plan
11185,pijamas,pajamas
11186,hipótesis,hypothesis
11187,milady,milady
11188,guapas,beautiful
11189,tocarla,play it
11190,caíste,you fell
11191,callen,be quiet
11192,respondiendo,responding
11193,mudado,moved
11194,flora,flora
11195,gemelo,twin
11196,desmayó,fainting
11197,apariencias,appearances
11198,permito,I allow
11199,porción,portion
11200,columbia,Columbia
11201,mantendremos,we will maintain
11202,pensemos,Let's think
11203,dedico,I dedicate
11204,tostadas,toast
11205,reportaje,reportage
11206,necesitado,needy
11207,chófer,driver
11208,probemos,Let's try it
11209,ofendas,offenses
11210,protegernos,protect us
11211,enseñas,you teach
11212,redención,redemption
11213,cosmos,cosmos
11214,prisionera,prisoner
11215,perdonaré,I will forgive
11216,ramo,bouquet
11217,producido,produced
11218,antigüedades,antiques
11219,amplia,wide
11220,precauciones,precautions
11221,útero,uterus
11222,palm,palm
11223,mayormente,mainly
11224,bajaré,I'll go down
11225,trey,trey
11226,matarás,you will kill
11227,mantas,blankets
11228,sufren,suffer
11229,necesiten,need
11230,aburridos,boring
11231,apelación,appeal
11232,dewey,Dewey
11233,enviada,sent
11234,sobras,leftovers
11235,detenernos,stop
11236,comprensible,understandable
11237,vito,Vito
11238,pino,pine
11239,carrito,shopping cart
11240,índice,index
11241,ba,ba
11242,musicales,musicals
11243,estara,will be
11244,micro,micro
11245,aplastar,crush
11246,tires,tires
11247,básica,basic
11248,audaz,bold
11249,mejillas,cheeks
11250,descargar,discharge
11251,apuñalado,stabbed
11252,horarios,schedules
11253,animado,lively
11254,norteamericano,American
11255,miraré,I'll look
11256,metáfora,metaphor
11257,redonda,round
11258,tensa,tense
11259,mantenerlos,keep them
11260,campeones,champions
11261,coronas,crowns
11262,derrame,spill
11263,reporteros,reporters
11264,espina,thorn
11265,frontal,frontal
11266,tramposo,cheating
11267,ferry,ferry
11268,apasionado,passionate
11269,rendimiento,performance
11270,frankenstein,Frankenstein
11271,darryl,Darryl
11272,fallas,failures
11273,invitaste,you invited
11274,salvarnos,save us
11275,ajustar,adjust
11276,cierran,close
11277,escombros,debris
11278,tengáis,have
11279,señalar,point out
11280,floyd,Floyd
11281,escritos,writings
11282,tercio,third
11283,olvidando,forgetting
11284,gritan,they shout
11285,bi,bi
11286,ss,H.H
11287,pensáis,you think
11288,jerome,Jerome
11289,royal,royal
11290,ahogado,drowned
11291,defensas,defenses
11292,comparten,share
11293,legítima,legitimate
11294,regazo,lap
11295,dígamelo,Tell me
11296,preocuparía,would worry
11297,usados,used
11298,cambien,change
11299,divertidos,fun
11300,corras,run
11301,iríamos,we would go
11302,sacarnos,get us out
11303,preparativos,preparations
11304,repita,repeat
11305,timothy,Timothy
11306,poción,potion
11307,atravesó,crossed
11308,rahul,rahul
11309,diálogo,dialogue
11310,byron,Byron
11311,acusando,accusing
11312,luchan,they fight
11313,morirse,to die
11314,dinozzo,dinozzo
11315,cabras,goats
11316,amargo,bitter
11317,dinamarca,Denmark
11318,acercarte,approach
11319,críticos,critics
11320,joanna,Joanna
11321,aidan,Aidan
11322,seguidas,followed
11323,fi,fi
11324,enviarle,send him
11325,interese,interest
11326,cafe,coffee
11327,motivación,motivation
11328,zoey,Zoey
11329,verdaderas,true
11330,rap,rap
11331,salvarle,save him
11332,intenten,try
11333,permanezca,stay
11334,vaticano,Vatican
11335,separe,separate
11336,arrogancia,arrogance
11337,vencida,defeated
11338,veías,you saw
11339,acabada,finished
11340,casará,will marry
11341,presidencia,presidency
11342,conductores,drivers
11343,beben,they drink
11344,curry,curry
11345,tarzán,Tarzan
11346,ordene,order
11347,cinturones,belts
11348,adicta,addict
11349,implicado,involved
11350,ganso,goose
11351,lloré,I cried
11352,telefónico,telephone
11353,sobrevive,survives
11354,edna,Edna
11355,molestan,bother
11356,argumentos,arguments
11357,quisieron,they wanted
11358,oía,I heard
11359,peculiar,peculiar
11360,melinda,Melinda
11361,entusiasmado,enthusiastic
11362,distraído,distracted
11363,encargarse,take charge
11364,exploradores,explorers
11365,carreta,cart
11366,mentor,mentor
11367,coged,take
11368,ajuste,adjustment
11369,consciencia,consciousness
11370,judas,Judas
11371,observador,observer
11372,aprenderás,you will learn
11373,mediana,median
11374,frost,Frost
11375,recogerlo,pick it up
11376,vestirme,get dressed
11377,uh-huh,uh-huh
11378,bebamos,Let's drink
11379,ming,Ming
11380,recordará,will remember
11381,inmigrantes,immigrants
11382,enfermó,sick
11383,intentará,will try
11384,abrazar,embrace
11385,abandone,abandon
11386,entraba,entered
11387,medico,doctor
11388,diseñador,designer
11389,expulsada,expelled
11390,advirtió,warned
11391,from,from
11392,encerrar,enclose
11393,tomarla,take it
11394,impulsos,impulses
11395,aceptaría,would accept
11396,isabella,Isabella
11397,entrara,will enter
11398,ataquen,attack
11399,encontrados,found
11400,leonardo,Leonardo
11401,alérgico,allergic
11402,bree,bree
11403,parecida,similar
11404,pilas,batteries
11405,vales,vouchers
11406,antibióticos,antibiotics
11407,pasto,grass
11408,cho,cho
11409,forzada,forced
11410,golpee,hit
11411,destruirlo,destroy it
11412,calentamiento,heating
11413,lloró,cry
11414,holanda,Holland
11415,ilegalmente,illegally
11416,vendía,sold
11417,tractor,tractor
11418,sanos,healthy
11419,thesubfactory,thesubfactory
11420,ande,and
11421,compensación,compensation
11422,víbora,snake
11423,wanda,Wanda
11424,gallagher,Gallagher
11425,inmenso,immense
11426,aspirina,aspirin
11427,previo,previous
11428,quiten,remove
11429,asociados,associates
11430,sentaos,sit down
11431,rompen,break
11432,tubería,pipeline
11433,theresa,Theresa
11434,detuve,I stopped
11435,ordinario,ordinary
11436,exploración,exploration
11437,sueco,Swedish
11438,prepararse,prepare
11439,agradas,please
11440,wright,Wright
11441,informarle,inform him
11442,turista,tourist
11443,tendido,lying
11444,satán,Satan
11445,kentucky,Kentucky
11446,arquitectura,architecture
11447,adoraba,I adored
11448,jurar,swear
11449,propuso,proposed
11450,veinticinco,twenty-five
11451,afirmativo,affirmative
11452,geoffrey,Geoffrey
11453,carpa,large tent
11454,comportarse,behave
11455,mccoy,McCoy
11456,intercambiar,exchange
11457,twitter,Twitter
11458,rifles,rifles
11459,perseguido,pursued
11460,notó,noticed
11461,preferirías,would you prefer
11462,atacada,attacked
11463,tac,tac
11464,superintendente,superintendent
11465,específica,specific
11466,empate,draw
11467,rompo,I break
11468,seguían,they continued
11469,inspirado,inspired
11470,seguiste,you followed
11471,genético,genetic
11472,mutuo,mutual
11473,recuperó,recovered
11474,gonna,gonna
11475,lima,lime
11476,advertido,warned
11477,reparación,repair
11478,desvío,detour
11479,rastreando,tracking
11480,mezclar,mingle
11481,vernon,Vernon
11482,milton,Milton
11483,afeitar,shave
11484,conducto,conduit
11485,alterada,altered
11486,karate,karate
11487,permanezcan,remain
11488,pirámide,pyramid
11489,respondes,you answer
11490,vivan,live
11491,aseguró,he assured
11492,morada,dwelling
11493,secos,dry
11494,familiarizado,acquainted
11495,tened,have
11496,funeraria,mortuary
11497,usaban,they used
11498,esconderme,hide
11499,cruzados,crusaders
11500,sung,sung
11501,ricas,rich
11502,mercurio,mercury
11503,afectó,keen
11504,destrozada,destroyed
11505,movemos,we move
11506,acta,minutes
11507,quedaban,there remained
11508,busques,look for
11509,dieciocho,eighteen
11510,deciros,tell you
11511,sexta,sixth
11512,apártense,step aside
11513,diligencia,diligence
11514,creíble,credible
11515,bronce,bronze
11516,madeline,Madeline
11517,sugar,sugar
11518,confirmó,confirmed
11519,katrina,Katrina
11520,gravemente,seriously
11521,editorial,editorial
11522,crié,I raised
11523,r.,r.
11524,registrada,registered
11525,humphrey,Humphrey
11526,recurrir,appeal
11527,conducido,driven
11528,metan,metan
11529,mentirosos,liars
11530,harley,Harley
11531,disfrazado,disguised
11532,suelten,let go
11533,travieso,mischievous
11534,trapo,rag
11535,acostó,lay down
11536,cortés,courteous
11537,habremos,we will have
11538,maricas,faggots
11539,levantas,you lift
11540,cafés,coffees
11541,dalton,Dalton
11542,barbilla,chin
11543,dire,I will say
11544,diplomático,diplomatic
11545,define,define
11546,empeorando,worsening
11547,cancela,cancel
11548,agonía,agony
11549,ahorrado,saved
11550,caitlin,Caitlin
11551,patrullas,patrols
11552,motos,motorcycles
11553,escondí,I hid
11554,responden,they respond
11555,hiciese,did
11556,ternera,veal
11557,contactado,contacted
11558,mantenía,maintained
11559,trajera,brought
11560,fritz,Fritz
11561,golpearme,hit me
11562,pálida,pale
11563,huérfano,orphan
11564,compraron,they bought
11565,enfrentarme,face
11566,strike,strike
11567,peli,movie
11568,disparas,you shoot
11569,klingon,Klingon
11570,bridge,bridge
11571,crueles,cruel
11572,comporta,behaves
11573,consultar,consult
11574,prototipo,prototype
11575,bromea,jokes
11576,conectada,connected
11577,peón,pawn
11578,yuri,Yuri
11579,acampar,camp
11580,exigente,demanding
11581,cuadrados,squares
11582,chupa,suck
11583,ábrela,open it
11584,justificar,justify
11585,alegres,cheerful
11586,acabaría,would end
11587,madrastra,stepmother
11588,judías,beans
11589,autoestima,self-esteem
11590,destruirá,will destroy
11591,asustas,You scare
11592,colby,Colby
11593,secuestraron,kidnapped
11594,lang,lang
11595,ganaré,I will win
11596,psicológico,psychological
11597,cumplí,I fulfilled
11598,beethoven,Beethoven
11599,preparatoria,preparatory
11600,acercamos,we approach
11601,programación,programming
11602,ayudaremos,we will help
11603,representantes,representatives
11604,zeus,Zeus
11605,árbitro,referee
11606,interferencia,interference
11607,note,note
11608,betsy,Betsy
11609,recetas,recipes
11610,radiante,radiant
11611,andrés,Andrew
11612,creek,creek
11613,terminarlo,finish it
11614,idiomas,languages
11615,halla,find
11616,bennet,Bennett
11617,decepcionada,disappointed
11618,frescos,fresh
11619,considere,consider
11620,relacionada,related
11621,altitud,altitude
11622,romperé,I will break
11623,sacará,will take out
11624,ponerlos,put them
11625,fiar,trust
11626,erupción,rash
11627,bailo,I dance
11628,pony,pony
11629,puntual,punctual
11630,sumo,sumo
11631,brujería,witchcraft
11632,vestirse,get dressed
11633,excita,excites
11634,impecable,flawless
11635,actuales,current
11636,merlín,marline
11637,sirves,you serve
11638,casillero,locker
11639,presiento,I have a feeling
11640,bocadillos,snacks
11641,aurora,Aurora
11642,take,take
11643,voyager,voyager
11644,pasatiempo,hobby
11645,opino,I think
11646,masajes,massages
11647,discusiones,discussions
11648,levántese,stand up
11649,echaba,was throwing
11650,absurda,absurd
11651,estéis,you are
11652,póngame,put me
11653,rastreador,tracker
11654,soñaba,dreamed
11655,gen,gen
11656,juegue,play
11657,sanguínea,blood
11658,robamos,we robbed
11659,realeza,royalty
11660,muestro,I show
11661,hawkins,Hawkins
11662,agotador,exhausting
11663,circuitos,circuits
11664,pedirles,ask them
11665,sorprendentemente,surprisingly
11666,buscabas,were you looking for
11667,mexicanos,Mexicans
11668,circular,circular
11669,pesas,weights
11670,destruidos,destroyed
11671,acompañado,accompanied
11672,fríos,cold
11673,pasarás,you will pass
11674,pizarra,board
11675,confusa,confusing
11676,levantada,raised
11677,recibirás,you will receive
11678,vitaminas,vitamins
11679,beta,beta
11680,asociado,associated
11681,apple,Apple
11682,arrepentirás,You will regret it
11683,panza,belly
11684,chistoso,funny
11685,estrecha,narrow
11686,chupar,suck
11687,neutral,neutral
11688,volverías,would you return
11689,gritas,you shout
11690,ingenua,naive
11691,extinción,extinction
11692,completado,filled
11693,pedidos,orders
11694,buscarlos,look for them
11695,prepararte,prepare
11696,repartir,distribute
11697,escotilla,hatch
11698,haria,would
11699,bocadillo,sandwich
11700,viviremos,we will live
11701,creímos,we believed
11702,debra,Debra
11703,vieran,they saw
11704,trineo,sled
11705,foco,focus
11706,diseños,designs
11707,considerable,considerable
11708,placeres,pleasures
11709,comunitario,community
11710,circunstancia,circumstance
11711,encendedor,lighter
11712,esconden,hide
11713,k.,k.
11714,recuperarse,recover
11715,buscaban,they were looking
11716,permitirnos,allow us
11717,temblar,tremble
11718,turcos,Turks
11719,nochebuena,Christmas Eve
11720,malik,Malik
11721,catedral,cathedral
11722,grosera,rude
11723,atrasado,late
11724,peluquería,hair salon
11725,concha,shell
11726,contestas,you answer
11727,sobrevivirá,will survive
11728,ibamos,we were going
11729,higiénico,hygienic
11730,fibras,fibers
11731,maratón,marathon
11732,duran,they last
11733,frescas,fresh
11734,juana,Juana
11735,armando,Armando
11736,madeleine,Madeleine
11737,pauline,Pauline
11738,respondo,I reply
11739,consultorio,office
11740,relámpago,lightning
11741,norteamericanos,Americans
11742,esponja,sponge
11743,naranjas,oranges
11744,oswald,oswald
11745,charlas,talks
11746,públicamente,publicly
11747,ganaba,I was winning
11748,samurai,samurai
11749,scarlett,Scarlett
11750,intensidad,intensity
11751,profundos,deep
11752,mudanza,moving
11753,continuemos,Let's continue
11754,sangrar,bleed
11755,encuentros,encounters
11756,preocupar,worry
11757,dieran,they would give
11758,obsesionada,obsessed
11759,juré,I swore
11760,alcanzó,reached
11761,tinto,red
11762,compartirlo,share it
11763,entraremos,we will enter
11764,abel,Abel
11765,pilar,pillar
11766,honra,honor
11767,de-,of-
11768,castigada,punished
11769,viola,viola
11770,construida,built
11771,expansión,expansion
11772,reposo,repose
11773,créanme,Believe me
11774,revolucionario,revolutionary
11775,controlando,controlling
11776,estima,esteem
11777,relajarme,relax
11778,codicia,greed
11779,investiga,investigates
11780,invitaron,invited
11781,mudarte,move
11782,light,light
11783,adecuadamente,properly
11784,logros,achievements
11785,rechaza,rejects
11786,illinois,Illinois
11787,higgins,Higgins
11788,convicto,convicted
11789,paulie,Paulie
11790,compromisos,commitments
11791,maine,Maine
11792,proponer,propose
11793,bong,bong
11794,decencia,decency
11795,abandonaste,you abandoned
11796,rompes,break
11797,trabajaste,you worked
11798,osito,teddy bear
11799,juicios,trials
11800,reventar,burst
11801,calificaciones,ratings
11802,sawyer,sawyer
11803,explicó,he explained
11804,bunny,bunny
11805,mudarnos,move
11806,praga,Prague
11807,originalmente,originally
11808,acuérdate,remember
11809,butch,butch
11810,vivíamos,we lived
11811,cuidará,will take care
11812,greta,Greta
11813,julius,Julius
11814,fragmento,fragment
11815,gretchen,Gretchen
11816,besaste,you kissed
11817,hacerlas,make them
11818,conmovedor,touching
11819,sobreviviente,survivor
11820,soviéticos,Soviets
11821,anota,note
11822,creyera,believed
11823,florrick,Florrick
11824,quentin,quentin
11825,barcelona,Barcelona
11826,aprendizaje,learning
11827,duérmete,go to sleep
11828,chocó,crashed
11829,guapos,handsome
11830,pinzas,tweezers
11831,histérica,hysterical
11832,descubren,discover
11833,addison,Addison
11834,sebastián,Sebastian
11835,chet,chet
11836,alférez,ensign
11837,carnada,bait
11838,pegarme,hit me
11839,emperatriz,empress
11840,manténgase,stay
11841,bárbaro,barbarian
11842,recogí,I picked up
11843,ocultos,hidden
11844,renee,Renee
11845,culturas,cultures
11846,atraído,attracted
11847,rush,rush
11848,conscientes,conscious
11849,esfera,sphere
11850,reuniremos,we will meet
11851,encantados,delighted
11852,comienzas,you begin
11853,reparaciones,repairs
11854,decenas,dozens
11855,míreme,Look at me
11856,abiertamente,openly
11857,hardy,hardy
11858,educada,educated
11859,lyle,Lyle
11860,masculina,male
11861,defensiva,defensive
11862,profundidades,depths
11863,anestesia,anesthesia
11864,alcaide,warden
11865,mississippi,Mississippi
11866,arsenal,arsenal
11867,marcial,martial
11868,dude,dude
11869,monseñor,Mgr
11870,enfadar,anger
11871,barriles,barrels
11872,francesca,Francesca
11873,machos,males
11874,composición,composition
11875,interesaba,interested
11876,genios,geniuses
11877,detectado,detected
11878,perderla,lose it
11879,latido,beat
11880,necesitemos,we need
11881,dilema,dilemma
11882,escucharla,listen to her
11883,bye,bye
11884,íntimos,intimate
11885,ocurriría,would happen
11886,edie,edie
11887,obtuviste,you got
11888,acostar,to lie down
11889,colgó,hung up
11890,lograremos,we will achieve
11891,side,side
11892,librarse,get rid
11893,espiar,spy
11894,arruines,ruins
11895,vagabundos,vagrants
11896,magnus,magnus
11897,encontre,I found
11898,tasha,Tasha
11899,terminara,will end
11900,menoyos,menoyos
11901,gustarle,like
11902,controlan,control
11903,alarmas,alarms
11904,propone,proposes
11905,talentoso,talented
11906,aguante,endurance
11907,vena,vein
11908,revelado,revealed
11909,paranoia,paranoia
11910,recordando,remembering
11911,manuscrito,manuscript
11912,dinosaurio,dinosaur
11913,yard,yard
11914,agresiva,aggressive
11915,omega,omega
11916,viajeros,travelers
11917,flint,flint
11918,avances,advances
11919,adictos,addicts
11920,springs,springs
11921,yeo,yeo
11922,victimas,victims
11923,aumentando,increasing
11924,anotar,write down
11925,comodidad,comfort
11926,publico,public
11927,averigüe,find out
11928,eje,axis
11929,transferido,transferred
11930,enviarlo,send it
11931,conflictos,conflicts
11932,dolorosa,painful
11933,aigoo,aigoo
11934,willis,Willis
11935,murdoch,Murdoch
11936,truman,Truman
11937,pistolero,gunman
11938,estropear,spoil
11939,juliet,Juliet
11940,cary,Cary
11941,dispositivos,devices
11942,cm,cm
11943,compadre,buddy
11944,alejados,distant
11945,toros,bullfighting
11946,enterrados,buried
11947,encontrando,finding
11948,insistir,insist
11949,rompimos,we broke up
11950,legión,legion
11951,adivino,soothsayer
11952,dwayne,dwayne
11953,solicitado,required
11954,vivienda,dwelling
11955,limitada,limited
11956,encargó,charge
11957,volador,flying
11958,celebramos,we celebrate
11959,austria,Austria
11960,sellado,sealed
11961,visitado,visited
11962,físicos,physical
11963,entendimiento,understanding
11964,nico,Nico
11965,interrupción,interruption
11966,represento,I represent
11967,credibilidad,credibility
11968,cereal,cereal
11969,convencerlo,convince him
11970,despedirse,say goodbye
11971,preliminar,preliminary
11972,detonador,detonator
11973,puntuación,punctuation
11974,víspera,eve
11975,explicas,you explain
11976,peniques,pennies
11977,divertimos,we have fun
11978,amnesia,amnesia
11979,daros,give
11980,mabel,Mabel
11981,labio,lip
11982,alejar,remove
11983,lujuria,lust
11984,lancha,boat
11985,construimos,we build
11986,umm,umm
11987,ano,year
11988,sensibles,sensitive
11989,vice,vice
11990,mezclado,mixed
11991,escuchará,will hear
11992,fundador,founder
11993,contribución,contribution
11994,desafíos,challenges
11995,agricultura,agriculture
11996,terco,stubborn
11997,dimensiones,dimensions
11998,paramédicos,paramedics
11999,romana,Roman
12000,mozart,Mozart
12001,funcionara,would work
12002,recuperando,recovering
12003,multas,fines
12004,luchadores,wrestlers
12005,tarifa,fee
12006,parroquia,parish
12007,sapo,toad
12008,reich,Reich
12009,perderse,be lost
12010,unen,join
12011,trompeta,trumpet
12012,granadas,pomegranates
12013,atrapen,catch
12014,asistentes,attendees
12015,enemiga,enemy
12016,transportar,transport
12017,pararlo,stop it
12018,americanas,American
12019,culpas,blame
12020,dejalo,Leave it.
12021,sinclair,Sinclair
12022,rod,rod
12023,fueses,were
12024,donar,donate
12025,patterson,Patterson
12026,sueltes,loose
12027,puentes,bridges
12028,incluir,include
12029,extremos,extremes
12030,juzgando,judging
12031,stanford,Stanford
12032,amaré,I will love
12033,avisó,warning
12034,sherry,Sherry
12035,muéstrale,show him
12036,villanos,villains
12037,confunde,confuses
12038,electrónicos,electronics
12039,rodean,surround
12040,cerraron,closed
12041,canceló,canceled
12042,abrazos,hugs
12043,republicanos,Republicans
12044,actúan,act
12045,recuérdame,remind me
12046,zanahorias,carrots
12047,creciente,growing
12048,golpeo,hitting
12049,adoptado,adopted
12050,shows,shows
12051,diviértanse,have fun
12052,aplicar,apply
12053,silas,silas
12054,automáticamente,automatically
12055,guardaba,kept
12056,permitirse,afford
12057,renunciado,resigned
12058,cassidy,Cassidy
12059,búfalo,buffalo
12060,evitado,avoided
12061,vistes,you saw
12062,satélites,satellites
12063,mandaste,you sent
12064,vengar,avenge
12065,horca,gallows
12066,narrador,narrator
12067,barrios,neighborhoods
12068,sunny,sunny
12069,comerme,eat me
12070,guardan,they keep
12071,porsche,Porsche
12072,intacto,intact
12073,convencí,I convinced
12074,pierdan,lose
12075,pego,glue
12076,preservar,preserve
12077,suben,go up
12078,sa,sa
12079,occidente,West
12080,traeremos,we will bring
12081,recordad,remember
12082,desaparecerá,will disappear
12083,choca,crash
12084,malone,Malone
12085,trance,trance
12086,llamemos,Let's call
12087,acordar,agree
12088,éxitos,successes
12089,casarás,you will marry
12090,armadas,armed forces
12091,col,cabbage
12092,acompañarnos,join us
12093,recipiente,bowl
12094,sergei,Sergei
12095,negación,denial
12096,entretenido,amusing
12097,ganarte,win you
12098,adorables,adorable
12099,tigres,tigers
12100,silbato,whistle
12101,sorda,deaf
12102,miriam,Miriam
12103,admitió,admitted
12104,plátano,banana
12105,sinceros,sincere
12106,míralos,Look at them
12107,dependiendo,depending
12108,pitido,whistle
12109,instructor,instructor
12110,deciden,decide
12111,irlandeses,Irish
12112,jude,Jude
12113,cursi,corny
12114,cereza,cherry
12115,knox,Knox
12116,confió,trusted
12117,cometas,comets
12118,cogieron,they caught
12119,liza,liza
12120,astronautas,astronauts
12121,inversores,investors
12122,prioridades,priorities
12123,titulares,headlines
12124,priya,Priya
12125,pratt,Pratt
12126,ayudame,help me
12127,conseguirle,get him
12128,esperándome,waiting for me
12129,bronx,Bronx
12130,hi,hi
12131,ventilador,fan
12132,observado,observed
12133,pintando,painting
12134,ofensivo,offensive
12135,engañas,You deceive
12136,paolo,Paolo
12137,falsificación,falsification
12138,olvidarme,forget
12139,conserva,preserves
12140,silenciosa,silent
12141,acuesta,lies down
12142,armamento,armament
12143,terminaremos,we will finish
12144,vídeos,videos
12145,veréis,you'll see
12146,empujando,pushing
12147,benton,benton
12148,chin,Chinese
12149,destinados,intended
12150,chelines,shillings
12151,guardé,I saved
12152,butler,butler
12153,futbol,soccer
12154,libreta,notebook
12155,probaré,I'll try
12156,sanguíneo,blood
12157,látigo,whip
12158,admisión,admission
12159,póker,poker
12160,state,state
12161,subtitulado,subtitled
12162,caminaba,I was walking
12163,europea,European
12164,bajes,lower
12165,tiran,they throw
12166,elegimos,we chose
12167,cariñoso,affectionate
12168,húmeda,wet
12169,asuste,scare
12170,bloques,blocks
12171,fluye,flows
12172,madrina,godmother
12173,aproxima,approximates
12174,fabricar,manufacture
12175,clavado,nailed
12176,comerte,eat you
12177,tiende,tends
12178,dejare,I will leave
12179,bender,bender
12180,invitaciones,invitations
12181,doctorado,doctorate
12182,pureza,purity
12183,pasarle,pass it
12184,entrante,incoming
12185,gasta,spends
12186,despiertas,you wake up
12187,quitaste,you removed
12188,jacuzzi,jacuzzi
12189,perdonas,forgive
12190,recuperará,will recover
12191,agudo,sharp
12192,parecidos,similarities
12193,longitud,length
12194,pórtate,behave
12195,corrido,corrido
12196,sabroso,tasty
12197,tómese,take
12198,encerró,locked up
12199,continuamos,we continue
12200,tailandia,Thailand
12201,aprieto,fix
12202,hablarles,talk to them
12203,oklahoma,Oklahoma
12204,olvidan,forget
12205,aprovecha,take advantage
12206,connecticut,Connecticut
12207,eficaz,effective
12208,bianca,Bianca
12209,morrison,Morrison
12210,marquesa,marquise
12211,jeannie,Jeannie
12212,carcel,jail
12213,rendir,yield
12214,operador,operator
12215,controlada,controlled
12216,salte,jump
12217,etcétera,etc.
12218,tuberías,pipes
12219,grifo,tap
12220,arruina,ruins
12221,pasaban,they were passing
12222,psíquico,psychic
12223,magos,magicians
12224,jed,jed
12225,grady,Grady
12226,ayudarán,will help
12227,votantes,voters
12228,remordimiento,remorse
12229,sultán,sultan
12230,anular,annular
12231,ventanilla,window
12232,enviarte,send you
12233,carpeta,file
12234,hundido,sunken
12235,colonias,colonies
12236,planeaba,planned
12237,desmayado,faint
12238,siniestro,sinister
12239,trabajaban,they worked
12240,arrestos,arrests
12241,traería,would bring
12242,echaste,you threw
12243,pagaremos,we will pay
12244,ruega,beg
12245,arresten,arrest
12246,muérete,die
12247,miraste,you looked
12248,excitado,excited
12249,karan,Karan
12250,quitan,they remove
12251,opio,opium
12252,cabos,capes
12253,presenté,present
12254,esperará,will wait
12255,hidrógeno,hydrogen
12256,entrad,enter
12257,invitas,invite
12258,mei,mei
12259,tic,tic
12260,shelley,Shelley
12261,hundió,sank
12262,requieren,require
12263,team,team
12264,haven,haven
12265,significativo,significant
12266,telescopio,telescope
12267,compradores,buyers
12268,jaque,check
12269,rías,estuaries
12270,alterar,alter
12271,frustrado,frustrated
12272,jeanne,Jeanne
12273,detenemos,we stop
12274,valentine,Valentine
12275,amoroso,loving
12276,flauta,flute
12277,reacciones,reactions
12278,grabó,recorded
12279,monton,lot
12280,gerard,Gerard
12281,estante,shelf
12282,milicia,militia
12283,trasplante,transplant
12284,pizzas,pizzas
12285,sentiré,I will feel
12286,anímate,cheer up
12287,bendiciones,blessings
12288,jamas,never
12289,michele,michele
12290,youtube,YouTube
12291,módulo,module
12292,tobillos,ankles
12293,dora,dora
12294,atlantic,Atlantic
12295,convencional,conventional
12296,allan,Allan
12297,robarme,steal me
12298,teneis,you have
12299,desarmado,disarmed
12300,enseñanza,teaching
12301,cenando,having dinner
12302,alérgica,allergic
12303,lindsey,Lindsey
12304,mandas,commands
12305,contestador,answering machine
12306,estudió,study
12307,rayas,stripes
12308,quedaos,stay
12309,rellenar,fill out
12310,recoja,pick up
12311,verdugo,executioner
12312,gatita,kitten
12313,comprobé,I checked
12314,manteca,butter
12315,curvas,curves
12316,contestes,answer
12317,cúpula,dome
12318,phyllis,phyllis
12319,veto,veto
12320,póliza,policy
12321,entregaré,I will deliver
12322,josie,Josie
12323,sentaba,sat
12324,retener,retain
12325,jubilación,retirement
12326,mineral,mineral
12327,woods,woods
12328,estare,I will be
12329,fluido,fluent
12330,lucen,they look
12331,penes,penises
12332,herbert,Herbert
12333,estofado,stew
12334,capucha,hood
12335,maternidad,maternity
12336,hiciéramos,we would do
12337,l.,l.
12338,kg,kg
12339,zanahoria,carrot
12340,mirarla,look at her
12341,olvidará,will forget
12342,retirarme,retire
12343,despertarte,wake up
12344,ingrid,Ingrid
12345,marjorie,Marjorie
12346,disney,Disney
12347,ernest,Ernest
12348,progresos,progress
12349,morí,I died
12350,apagó,turned off
12351,resurrección,Resurrection
12352,propinas,tips
12353,muslos,thighs
12354,pecadores,sinners
12355,mckay,McKay
12356,dormidos,asleep
12357,hablaría,I would speak
12358,ignora,ignores
12359,avena,oatmeal
12360,tocaste,you played
12361,gobiernos,governments
12362,cabellos,hairs
12363,confían,trust
12364,poderosas,powerful
12365,etiquetas,labels
12366,significó,meant
12367,nerd,nerd
12368,gata,cat
12369,congelada,frozen
12370,popa,stern
12371,tienden,tend
12372,salio,left
12373,enamorarse,fall in love
12374,ahogando,drowning
12375,about,about
12376,arrancó,started
12377,arriesgarse,take a risk
12378,lars,Lars
12379,ruidoso,noisy
12380,disgustado,disgusted
12381,reforma,reform
12382,recreo,recreation
12383,republicano,republican
12384,pagaba,paid
12385,nop,nope
12386,lópez,Lopez
12387,cerré,I closed
12388,identificó,identified
12389,ganarás,you will win
12390,arder,burn
12391,soporta,supports
12392,mantuve,I kept
12393,vendrían,would come
12394,haciéndome,making me
12395,heil,Heil
12396,cayera,fell
12397,anomalía,anomaly
12398,cucarachas,cockroaches
12399,formularios,forms
12400,disfruté,enjoyment
12401,caviar,caviar
12402,abordar,tackle
12403,chocar,crash
12404,casan,they marry
12405,contármelo,Tell me about it
12406,buscador,seeker
12407,casaría,would marry
12408,celeste,sky blue
12409,importo,I import
12410,caminas,you walk
12411,matemática,mathematics
12412,faith,faith
12413,interrogado,interrogated
12414,descenso,decline
12415,insistes,you insist
12416,modernos,modern
12417,rituales,rituals
12418,ocupará,will occupy
12419,brote,outbreak
12420,tributo,tribute
12421,solicita,requests
12422,arterial,arterial
12423,consejera,advisor
12424,hágame,do it to me
12425,filtro,filter
12426,baek,baek
12427,aceptada,accepted
12428,denunciar,report
12429,ace,ace
12430,mcdonald,McDonald's
12431,comprendí,I understood
12432,well,well
12433,maquinaria,machinery
12434,reglamento,regulation
12435,cumplo,I fulfill
12436,dieras,you would give
12437,habituales,usual
12438,invencible,invincible
12439,complacer,please
12440,escogí,I chose
12441,confiamos,we trust
12442,llamaras,you will call
12443,masivo,massive
12444,hamlet,Hamlet
12445,extrañamente,strangely
12446,hawai,Hawaii
12447,diaria,daily
12448,sentaré,I will sit
12449,seung,seung
12450,lamentamos,we regret
12451,bikini,bikini
12452,fidelidad,fidelity
12453,camara,camera
12454,gastando,spending
12455,apaguen,turn off
12456,nuera,daughter-in-law
12457,farol,lantern
12458,colada,wash
12459,alcanzo,reached
12460,alergia,allergy
12461,impostor,impostor
12462,quítese,take it off
12463,convoy,convoy
12464,negativos,negative
12465,clásicos,classics
12466,richards,Richards
12467,iron,iron
12468,equivalente,equivalent
12469,cuéntamelo,Tell me about it
12470,cuéntale,tell him/her
12471,arrestados,arrested
12472,movía,moved
12473,darwin,Darwin
12474,curas,priests
12475,firmé,firm
12476,atletas,athletes
12477,arrepentimiento,repentance
12478,balística,ballistics
12479,querrían,they would want
12480,brújula,compass
12481,jaime,Jaime
12482,creativa,creative
12483,acérquense,come closer
12484,atraviesa,crosses
12485,calienta,heats
12486,contaminación,pollution
12487,podés,you can
12488,olga,Olga
12489,scout,scout
12490,irritante,annoying
12491,cadillac,Cadillac
12492,griega,Greek
12493,willow,willow
12494,alguién,someone
12495,fenómenos,phenomena
12496,comieron,They ate
12497,insultos,abuse
12498,lenguas,languages
12499,permitas,allow
12500,mataremos,we will kill
12501,insolente,insolent
12502,cascos,helmets
12503,alabama,Alabama
12504,nsa,nsa
12505,bicicletas,bicycles
12506,yeon,Yeon
12507,cobro,collection
12508,musulmán,Muslim
12509,tomarás,you will take
12510,acontecimiento,event
12511,marcy,Marcy
12512,mostrará,will show
12513,lleváis,you have
12514,mineros,miners
12515,abrigos,coats
12516,probamos,we tried
12517,secta,sect
12518,sácala,take it out
12519,missy,Missy
12520,gitanos,Gypsies
12521,humillado,humiliated
12522,graduado,graduate
12523,burlando,mocking
12524,mantengas,keep
12525,limpie,clean
12526,lorraine,Lorraine
12527,neumático,tire
12528,buster,buster
12529,conduzca,drive
12530,diarrea,diarrhea
12531,hablarás,you will speak
12532,mon,mon
12533,mostré,I showed
12534,espantosa,dreadful
12535,paraba,stopped
12536,nacen,are born
12537,carolyn,Carolyn
12538,acosador,stalker
12539,sangriento,bloody
12540,pegué,I glued
12541,orlando,Orlando
12542,prejuicios,prejudices
12543,permanentemente,permanently
12544,médicas,medical
12545,preguntándome,wondering
12546,pese,tough
12547,roble,oak
12548,quinientos,five hundred
12549,marsella,Marseilles
12550,fresas,strawberries
12551,marchaos,leave
12552,prince,prince
12553,completos,complete
12554,dormitorios,bedrooms
12555,tonelada,ton
12556,regularmente,regularly
12557,delia,Delia
12558,darían,would give
12559,dolerá,It will hurt
12560,zumbido,buzz
12561,mexicana,Mexican
12562,casaron,they got married
12563,cavando,digging
12564,trudy,Trudy
12565,bribón,rascal
12566,mandando,sending
12567,cólera,anger
12568,magistrado,magistrate
12569,compañeras,colleagues
12570,oírla,hear her
12571,reconstrucción,reconstruction
12572,vara,stick
12573,discoteca,disco
12574,fastidio,nuisance
12575,him,him
12576,toronto,Toronto
12577,sellos,stamps
12578,apoyado,supported
12579,episodios,episodes
12580,averiguaremos,we'll find out
12581,consígueme,get me
12582,bryce,Bryce
12583,lavadora,washing machine
12584,sudar,sweat
12585,recibos,receipts
12586,teal,teal
12587,aprenda,learn
12588,barrett,Barrett
12589,proyección,projection
12590,fresa,strawberry
12591,lidiando,dealing
12592,trabajes,work
12593,atropellado,run over
12594,adivinen,guess
12595,morton,Morton
12596,hum,hum
12597,mendigo,beggar
12598,sálvame,save me
12599,preste,lend
12600,turquía,Türkiye
12601,defiende,defends
12602,reinas,queens
12603,abu,abu
12604,inmensa,immense
12605,nuez,nut
12606,vance,advance
12607,penique,penny
12608,sugieren,suggest
12609,hirió,wounded
12610,besamos,we kissed
12611,dedicada,dedicated
12612,confidencialidad,confidentiality
12613,sáquenlo,Take him out
12614,notaste,did you notice
12615,fosa,pit
12616,news,news
12617,ecuación,equation
12618,acuestas,you lie down
12619,nostalgia,nostalgia
12620,resistente,resistant
12621,imaginarlo,imagine it
12622,tráela,bring it
12623,webster,Webster
12624,apropiadamente,properly
12625,vagos,lazy people
12626,diecisiete,seventeen
12627,uld,uld
12628,experimentando,experimenting
12629,tomás,Thomas
12630,natación,swimming
12631,departamentos,departments
12632,incumbe,it concerns
12633,gong,gong
12634,fabricante,manufacturer
12635,hip,hip
12636,ozzy,ozzy
12637,amores,loves
12638,peludo,furry
12639,sintiera,felt
12640,cuestionar,question
12641,elegidos,chosen
12642,ding,ding
12643,décimo,tenth
12644,recuperarla,recover it
12645,adicionales,additional
12646,estricta,strict
12647,depósitos,deposits
12648,oi,I heard
12649,cuadrante,quadrant
12650,hala,hey
12651,leah,Leah
12652,cierras,close
12653,habértelo,have it
12654,ocuparemos,we will occupy
12655,wagner,Wagner
12656,criados,servants
12657,centímetro,centimeter
12658,organizaciones,organizations
12659,bundy,Bundy
12660,richmond,Richmond
12661,aprisa,quickly
12662,viajan,travel
12663,carpintero,carpenter
12664,delfines,dolphins
12665,stanton,Stanton
12666,coreano,Korean
12667,parques,parks
12668,estricto,strict
12669,ligas,suspenders
12670,revisamos,we reviewed
12671,asma,asthma
12672,molestarlo,bother him
12673,encubierta,covert
12674,duchas,showers
12675,cartón,cardboard
12676,rima,rhyme
12677,dog,dog
12678,pañal,honeycomb
12679,tortilla,tortilla
12680,modus,modus
12681,llévenselo,Take it away
12682,cenicienta,Cinderella
12683,ligar,bind
12684,sexualidad,sexuality
12685,tocarte,touch you
12686,tirarlo,throw it away
12687,cuénteme,Tell me
12688,merced,mercy
12689,merecemos,we deserve
12690,arre,arre
12691,jode,fucks
12692,giles,Giles
12693,escóndete,hide
12694,anticuado,dated
12695,rossi,Rossi
12696,entrenados,trained
12697,stewie,Stewie
12698,insinuando,hinting
12699,dev,dev
12700,cruces,crosses
12701,continuó,continuous
12702,trasladado,moved
12703,camarones,shrimp
12704,descartar,rule out
12705,men,men
12706,complicadas,complicated
12707,manténganse,stay
12708,léelo,read it
12709,almacenes,warehouses
12710,impotente,powerless
12711,sudáfrica,South Africa
12712,imbecil,moron
12713,cometiste,you committed
12714,ranas,frogs
12715,planeó,glide
12716,obvia,obvious
12717,costas,coasts
12718,callejero,street
12719,jueza,judge
12720,colleen,Colleen
12721,tiraron,they threw
12722,llamarás,you will call
12723,quedemos,Let's stay
12724,conocíamos,we knew
12725,repasar,review
12726,recojo,I pick up
12727,imaginando,imagining
12728,celebridades,celebrities
12729,sacos,sacks
12730,hacker,hacker
12731,blaine,Blaine
12732,pasarla,pass it
12733,axl,Axl
12734,despiadado,ruthless
12735,delantero,front
12736,compórtate,behave
12737,construí,I built
12738,instrucción,instruction
12739,logras,you achieve
12740,agitado,hectic
12741,vinnie,Vinnie
12742,brujo,sorcerer
12743,veíamos,we saw
12744,nobleza,nobility
12745,ethel,Ethel
12746,demostró,demonstrated
12747,apestan,They stink
12748,lanzas,spears
12749,coca-cola,coca-cola
12750,carly,Carly
12751,metálico,metal
12752,meternos,get involved
12753,relato,story
12754,ríndete,give up
12755,emocionados,excited
12756,guardaré,I will keep
12757,arrastrar,drag
12758,enserio,oh really
12759,universitaria,university
12760,ingles,English
12761,intacta,intact
12762,comerse,eat
12763,sujetador,bra
12764,bull,bull
12765,bea,Bea
12766,pidiera,would ask
12767,carnicería,carnage
12768,retorcido,twisted
12769,ejecutivos,executives
12770,nalgas,buttocks
12771,incorrecta,incorrect
12772,inés,Agnes
12773,usará,will use
12774,vocación,vocation
12775,papito,daddy
12776,lawson,lawson
12777,estresante,stressful
12778,ajustado,tight
12779,paddy,Paddy
12780,protegeré,I will protect
12781,alce,moose
12782,despiertes,wake up
12783,bones,bones
12784,vivieron,lived
12785,more,more
12786,venderla,sell it
12787,libby,Libby
12788,aposentos,rooms
12789,gonzalo,Gonzalo
12790,coral,coral
12791,tierna,tender
12792,acabarás,you will end
12793,esquinas,corners
12794,escapaste,you escaped
12795,diccionario,dictionary
12796,firmemente,firmly
12797,mentirle,lie to him
12798,portado,ported
12799,vestirte,get dressed
12800,aéreas,aerial
12801,jamal,Jamal
12802,cebollas,onions
12803,aiden,aiden
12804,protocolos,protocols
12805,laguna,lagoon
12806,gestapo,gestapo
12807,reveló,revealed
12808,acerquen,come closer
12809,moretones,bruises
12810,apuñaló,stabbed
12811,mandato,mandate
12812,perkins,Perkins
12813,pégame,hit me
12814,folleto,brochure
12815,yeso,and so
12816,habitacion,room
12817,africa,Africa
12818,ministros,ministers
12819,prestó,presto
12820,senadora,senator
12821,arrestarlo,arrest him
12822,catálogo,catalog
12823,sastre,tailor
12824,abandonaron,abandoned
12825,acabados,finishes
12826,v.,v.
12827,proyectar,project
12828,ritchie,Ritchie
12829,marketing,marketing
12830,sookie,Sookie
12831,estresado,stressed
12832,fabrica,factory
12833,rodeos,rodeos
12834,instalado,installed
12835,empujón,push
12836,compartiendo,sharing
12837,habérmelo,have it
12838,negligencia,negligence
12839,dáselo,Give it to him
12840,steele,steele
12841,apostaría,I'd bet
12842,compositor,composer
12843,conocerás,you will know
12844,marley,Marley
12845,atascada,stuck
12846,aplastado,crushed
12847,chequeo,check
12848,diabetes,diabetes
12849,establecimiento,establishment
12850,arruinada,ruined
12851,generar,trigger
12852,oprah,Oprah
12853,sí.,Yeah.
12854,reportar,report
12855,recepcionista,receptionist
12856,pisar,step
12857,holandés,Dutch
12858,jarod,jarod
12859,cogen,they take
12860,duende,elf
12861,dakota,Dakota
12862,renuncié,I resigned
12863,atrevería,would dare
12864,yates,yachts
12865,canguro,kangaroo
12866,acabaremos,we will finish
12867,eileen,Eileen
12868,apareces,you appear
12869,rosario,rosary
12870,interpol,Interpol
12871,lillian,Lillian
12872,hayáis,you have
12873,scotland,Scotland
12874,convertiré,I will convert
12875,mutantes,mutants
12876,sudamérica,South America
12877,vanidad,vanity
12878,trágica,tragic
12879,vulnerables,vulnerable
12880,newman,newman
12881,regresara,would return
12882,emisión,emission
12883,cerebrales,cerebral
12884,anónimos,anonymous
12885,salvamos,we saved
12886,infiltrado,infiltrate
12887,estacionado,parked
12888,arriesgando,risking
12889,arruine,ruin
12890,yo-yo,yo-yo
12891,liberal,liberal
12892,semental,stallion
12893,devolverte,return you
12894,encargarte,take charge
12895,abandoné,I abandoned
12896,stein,Stein
12897,proa,bow
12898,saltos,jumps
12899,fluidos,fluids
12900,lectores,readers
12901,cocinas,kitchens
12902,fíjese,look
12903,aluminio,aluminum
12904,gustaron,they liked
12905,jeong,Jeong
12906,alpha,alpha
12907,extrañaré,I will miss it
12908,lona,canvas
12909,horace,Horace
12910,quebrado,broken
12911,cassandra,Cassandra
12912,loro,parrot
12913,creyente,believer
12914,inspira,inspires
12915,reúnen,meet
12916,tolerancia,tolerance
12917,negarlo,deny it
12918,bocas,mouths
12919,mamada,blow job
12920,arroja,throws
12921,rollos,rolls
12922,kerry,Kerry
12923,producen,produce
12924,escrituras,writings
12925,memphis,Memphis
12926,nino,child
12927,edmund,Edmund
12928,agresor,aggressor
12929,sobrenatural,supernatural
12930,ferguson,Ferguson
12931,corregido,corrected
12932,innecesario,unnecessary
12933,legendario,legendary
12934,restaurar,restore
12935,balsa,raft
12936,gi,gi
12937,cofre,chest
12938,niegas,deny
12939,puntería,aim
12940,preferida,preferred
12941,sing,sing
12942,màs,further
12943,macgyver,MacGyver
12944,aperitivo,appetizer
12945,destruyeron,destroyed
12946,fijar,set
12947,pelearon,they fought
12948,acabara,it would end
12949,accidental,accidental
12950,conseguiría,would get
12951,leía,I was reading
12952,sorprender,surprise
12953,paternidad,paternity
12954,enviarán,they will send
12955,inmune,immune
12956,enseñará,will teach
12957,mutante,mutant
12958,pegue,glue
12959,cambridge,Cambridge
12960,seok,seok
12961,matarse,kill oneself
12962,tacaño,mean
12963,presumir,show off
12964,indicios,clues
12965,drogada,drugged
12966,reacciona,reacts
12967,criterio,criterion
12968,doméstica,domestic
12969,rangers,rangers
12970,fritos,fried
12971,atenas,Athens
12972,f.,F.
12973,latidos,heartbeats
12974,gin,gin
12975,obligar,force
12976,acostumbrados,accustomed
12977,dominante,dominant
12978,comportas,you behave
12979,coincidencias,coincidences
12980,poseer,possess
12981,parásito,parasite
12982,motín,riot
12983,enanos,dwarves
12984,honorarios,fee
12985,olvidaron,forgot
12986,pisa,steps
12987,separaron,separated
12988,molesten,bother
12989,despertarme,wake up
12990,say,say
12991,quemados,burns
12992,operando,operating
12993,contratista,contractor
12994,perdonará,will forgive
12995,sonrisas,smiles
12996,pittsburgh,Pittsburgh
12997,paulo,Paulo
12998,matriz,matrix
12999,paré,I stopped
13000,fascista,fascist
13001,proteínas,proteins
13002,decidida,determined
13003,estatus,status
13004,chocolates,chocolates
13005,prometedor,promising
13006,bastará,that will suffice
13007,inquieto,restless
13008,langley,Langley
13009,pesadas,heavy
13010,jeans,jeans
13011,pescadores,fishermen
13012,ganarle,beat him
13013,sospechaba,suspected
13014,seáis,you will be
13015,instalar,install
13016,tomarán,they will take
13017,alonso,Alonso
13018,señas,address
13019,recordatorio,reminder
13020,harbor,harbor
13021,déjamelo,leave it to me
13022,seguirlo,follow him
13023,flexible,flexible
13024,destructor,destroyer
13025,esquí,ski
13026,dividido,divided
13027,bronceado,tanned
13028,virtual,virtual
13029,alien,alien
13030,trabajaremos,we will work
13031,depender,depend
13032,bmw,BMW
13033,molestarla,bother her
13034,indicada,indicated
13035,delantal,apron
13036,pianista,pianist
13037,cricket,cricket
13038,trabajaron,they worked
13039,quitamos,we remove
13040,gasté,I spent
13041,corred,run
13042,pinto,I paint
13043,choza,hut
13044,nell,nell
13045,bocina,horn
13046,magdalena,Magdalena
13047,altavoz,speaker
13048,católicos,Catholics
13049,confesado,confessed
13050,jaleo,fuss
13051,mágicos,magical
13052,investigué,I investigated
13053,virgil,Virgil
13054,vírgenes,virgins
13055,camine,walk
13056,acuerdos,agreements
13057,plancha,iron
13058,plegarias,prayers
13059,colaborar,collaborate
13060,sangrienta,bloody
13061,obedece,obeys
13062,micrófonos,microphones
13063,demas,too much
13064,viktor,Viktor
13065,reservada,reserved
13066,meterlo,put it in
13067,podrida,rotten
13068,karin,Karin
13069,ultimamente,lately
13070,perdonad,forgive me
13071,sobria,sober
13072,flojo,loose
13073,jai,jai
13074,ino,ino
13075,visitarte,visit you
13076,renacimiento,Renaissance
13077,defenderme,defend myself
13078,salían,they were leaving
13079,vistiendo,wearing
13080,avisarle,to notify him
13081,confiesa,confesses
13082,norteamérica,North America
13083,ayudantes,assistants
13084,religiosos,religious
13085,comparto,I share
13086,infame,infamous
13087,convertiría,would convert
13088,ternura,tenderness
13089,operandi,operandi
13090,smart,smart
13091,cortan,cut
13092,cyril,Cyril
13093,capricho,whim
13094,maniobras,maneuvers
13095,feos,ugly
13096,never,never
13097,rendido,surrendered
13098,haciéndose,becoming
13099,playas,beaches
13100,conviertes,you convert
13101,atraparemos,we will catch
13102,textos,texts
13103,bloom,bloom
13104,evaluar,assess
13105,inicia,start
13106,admiración,admiration
13107,construye,builds
13108,calmate,calm down
13109,morado,purple
13110,directiva,directive
13111,imán,magnet
13112,iras,anger
13113,dadme,give me
13114,falls,falls
13115,puja,bid
13116,trabajen,work
13117,perdiera,lost
13118,europeo,European
13119,ratito,a little while
13120,canela,cinnamon
13121,pregunten,ask
13122,grite,shout
13123,pulgas,fleas
13124,caldo,broth
13125,vicio,vice
13126,visa,visa
13127,reflejos,highlights
13128,involucra,involves
13129,tratamientos,treatments
13130,caminamos,we walked
13131,reuniré,I will gather
13132,bebas,drink
13133,ejercer,exercise
13134,fracturas,fractures
13135,clienta,client
13136,equivocan,They are wrong.
13137,vistos,seen
13138,iv,iv
13139,mismísimo,very
13140,csi,csi
13141,saquemos,Let's take out
13142,reflexionar,reflect
13143,fuller,fuller
13144,asiático,Asian
13145,empeño,endeavor
13146,independientes,independent
13147,golden,golden
13148,continuo,continuous
13149,detienen,arrest
13150,faltó,short
13151,cultivar,cultivate
13152,paran,stop
13153,regalado,given
13154,juró,swore
13155,whiskey,whiskey
13156,alfombras,carpets
13157,lavando,washing
13158,acabaste,you finished
13159,resulte,result
13160,jensen,Jensen
13161,torpedos,torpedoes
13162,dependen,they depend
13163,seno,breast
13164,contrataron,they hired
13165,organizó,organized
13166,policiales,police
13167,tenes,you have
13168,escalones,steps
13169,britney,Britney
13170,llamarlos,call them
13171,relativamente,relatively
13172,usarlos,use them
13173,bacterias,bacteria
13174,jasmine,Jasmine
13175,consulado,consulate
13176,protegerse,protect
13177,calorías,calories
13178,respondas,answer
13179,revisaré,I will check
13180,mordida,bite
13181,dedicación,dedication
13182,dañada,damaged
13183,cierres,closures
13184,sterling,sterling
13185,escriben,they write
13186,oui,oui
13187,matarían,would kill
13188,her,her
13189,traed,bring
13190,presto,presto
13191,precedentes,precedents
13192,organizando,organizing
13193,parche,patch
13194,granjas,farms
13195,disculpes,apologies
13196,quitando,removing
13197,elise,Elise
13198,uf,Phew
13199,europeos,Europeans
13200,gustarme,I like it
13201,realizó,performed
13202,detendré,I will stop
13203,contaron,they told
13204,deeks,deeks
13205,sentirías,you would feel
13206,histórica,historical
13207,tomad,take
13208,creeme,believe me
13209,cultivo,crop
13210,atrapaste,you caught
13211,tratara,would try
13212,estocolmo,Stockholm
13213,hembras,females
13214,georges,Georges
13215,madonna,Madonna
13216,acercas,you approach
13217,conejito,bunny
13218,union,union
13219,básicas,basics
13220,admiradores,admirers
13221,robe,robe
13222,elegancia,elegance
13223,celebra,celebrates
13224,cuelgue,hang
13225,sonríes,You smile
13226,bledo,amaranth
13227,karaoke,karaoke
13228,surgido,emerged
13229,estacionar,park
13230,perezoso,lazy
13231,cantantes,singers
13232,potenciales,potential
13233,presten,lend
13234,fachada,facade
13235,burlas,teasing
13236,revivir,revive
13237,infantiles,children
13238,hawaii,Hawaii
13239,arrastró,dragged
13240,acabes,finish
13241,planificación,planning
13242,quemaron,they burned
13243,receso,recess
13244,averiguaré,I'll find out
13245,querias,you wanted
13246,artefactos,artifacts
13247,pedos,farts
13248,traducidos,translated
13249,vota,vote
13250,coordinación,coordination
13251,jugaremos,we will play
13252,registró,record
13253,habria,there would
13254,locutor,announcer
13255,bien.,good.
13256,sugerencias,suggestions
13257,nieves,snows
13258,bourbon,bourbon
13259,pégale,hit him
13260,marian,Marian
13261,casaremos,we will get married
13262,romperá,will break
13263,vagando,wandering
13264,diploma,diploma
13265,cogemos,we take
13266,muévase,move
13267,fiable,reliable
13268,venís,come
13269,drácula,Dracula
13270,cortaste,cut
13271,llámala,call her
13272,hechicero,sorcerer
13273,bistec,steak
13274,receptor,receiver
13275,regresarás,you will return
13276,considerada,considered
13277,deliciosos,delicious
13278,recuento,count
13279,matrimonial,matrimonial
13280,capataz,foreman
13281,hubiésemos,we would have
13282,advertirte,warn you
13283,murio,died
13284,experimental,experimental
13285,kgb,kgb
13286,almohadas,pillows
13287,apunten,aim
13288,hangar,hangar
13289,elijah,Elijah
13290,cerraduras,locks
13291,srita,Miss
13292,hammer,hammer
13293,acusó,accused
13294,invadir,invade
13295,acosando,harassing
13296,conocieras,you knew
13297,atadas,tied
13298,recibirán,they will receive
13299,dillon,dillon
13300,ocuparte,take care of
13301,hágase,Let it be done
13302,skinner,Skinner
13303,africano,African
13304,escuchadme,listen to me
13305,atuendo,attire
13306,alumna,schoolgirl
13307,mártir,martyr
13308,hayden,hayden
13309,hoffman,Hoffman
13310,metales,metals
13311,stripper,stripper
13312,equivocaste,You were wrong
13313,peleó,fought
13314,alternativas,alternatives
13315,lina,Lina
13316,advertirle,warn him
13317,pensarías,you would think
13318,repentina,sudden
13319,picasso,Picasso
13320,devolverme,return me
13321,inclusive,inclusive
13322,enojados,angry
13323,iowa,Iowa
13324,entendiendo,understanding
13325,odie,I hate
13326,seréis,you will be
13327,liu,Liu
13328,costilla,rib
13329,reconocerlo,recognize it
13330,estã,this
13331,ri,ri
13332,vinieran,came
13333,ganaría,would win
13334,tinieblas,darkness
13335,cagada,shit
13336,lavarme,wash
13337,rompan,break
13338,aprueba,approves
13339,contactó,contact
13340,comerciantes,merchants
13341,sã,sã
13342,tostada,toast
13343,atacados,attacked
13344,amistades,friendships
13345,refleja,reflects
13346,tennessee,Tennessee
13347,inscripción,registration
13348,borg,Borg
13349,pulpo,octopus
13350,vegetal,vegetable
13351,caerse,fall
13352,comimos,We ate
13353,protegerá,will protect
13354,esmoquin,tuxedo
13355,aliviado,relieved
13356,sánchez,Sanchez
13357,manning,Manning
13358,teniamos,we had
13359,individuales,individual
13360,soviético,Soviet
13361,andrómeda,Andromeda
13362,panadería,bakery
13363,zorras,foxes
13364,estabilidad,stability
13365,amó,loved
13366,kirby,Kirby
13367,clasificado,classified
13368,enfrentarte,face you
13369,despiertos,awake
13370,ofrecemos,we offer
13371,pregúntame,ask me
13372,nervio,nerve
13373,bailemos,Let's dance
13374,bitácora,binnacle
13375,jarrón,vase
13376,convencerla,convince her
13377,cuidarse,take care
13378,exactos,exact
13379,paradas,stops
13380,intrusos,intruders
13381,interrogatorios,interrogations
13382,obligaron,forced
13383,llévenlo,Take it
13384,gamma,gamma
13385,cómete,eat
13386,grueso,thick
13387,paralizado,paralyzed
13388,uña,a
13389,hindú,Hindu
13390,bolsos,bags
13391,bajan,go down
13392,calcular,calculate
13393,eddy,Eddy
13394,coop,coop
13395,cuidadosa,careful
13396,exclusivo,exclusive
13397,stargate,Stargate
13398,hicisteis,you did
13399,grises,gray
13400,asegúrense,make sure
13401,creé,I created
13402,gladys,gladys
13403,estufa,stove
13404,despejar,clear
13405,lastimes,hurts
13406,mamás,moms
13407,bro,bro
13408,comunicarme,communicate
13409,obstrucción,obstruction
13410,blanche,blanche
13411,pike,pike
13412,sully,Sully
13413,cayo,fell
13414,presentan,present
13415,irresistible,irresistible
13416,suburbios,suburbs
13417,brock,Brock
13418,alejes,move away
13419,fry,fry
13420,enigma,enigma
13421,lloran,they cry
13422,maravillosamente,wonderfully
13423,poker,poker
13424,claudio,Claudio
13425,colt,colt
13426,castro,hill fort
13427,gaby,Gaby
13428,morirme,die
13429,permisos,permits
13430,regional,regional
13431,físicas,physical
13432,levantando,lifting
13433,severa,severe
13434,previa,preview
13435,music,music
13436,necesitarán,they will need
13437,porro,joint
13438,alvin,Alvin
13439,constantes,constants
13440,metidos,involved
13441,master,master
13442,corral,corral
13443,cercanas,nearby
13444,worf,worf
13445,cirujanos,surgeons
13446,apuntes,notes
13447,charco,puddle
13448,prue,test
13449,reir,laugh
13450,jamaica,Jamaica
13451,garden,garden
13452,fuesen,were
13453,restaurant,restaurant
13454,arrepentido,repentant
13455,introducir,introduce
13456,noveno,ninth
13457,esten,this
13458,kelso,kelso
13459,skip,skip
13460,yankees,Yankees
13461,informal,informal
13462,rápidas,fast
13463,boletín,bulletin
13464,asignación,assignment
13465,clic,click
13466,beatrice,Beatrice
13467,acompañarte,accompany you
13468,anders,anders
13469,heterosexual,heterosexual
13470,castor,beaver
13471,jinetes,riders
13472,quã,quã
13473,demencia,dementia
13474,admitido,admitted
13475,vals,waltz
13476,recaudación,collection
13477,pegas,sticks
13478,sustancias,substances
13479,atropelló,ran over
13480,boyle,Boyle
13481,traga,swallows
13482,envejecer,age
13483,logre,I achieved
13484,nazca,Nazca
13485,implacable,relentless
13486,davey,Davey
13487,potencialmente,potentially
13488,nacieron,were born
13489,audiciones,auditions
13490,sake,sake
13491,decia,he said
13492,inquieta,restless
13493,boone,Boone
13494,nocturnos,night shifts
13495,jody,Jody
13496,daily,daily
13497,masterchef,MasterChef
13498,co,co
13499,revancha,rematch
13500,abrirse,open
13501,alegrará,will gladden
13502,avergonzarse,cringe
13503,séptima,seventh
13504,estudiantil,student
13505,crías,offspring
13506,preparamos,we prepare
13507,auxiliar,assistant
13508,mentirme,lie to me
13509,violaciones,violations
13510,compruebe,check
13511,ebria,drunk
13512,forastero,stranger
13513,terminaría,would end
13514,chun,chun
13515,prohibición,prohibition
13516,corey,Corey
13517,maníaco,maniac
13518,entusiasta,enthusiastic
13519,klein,Klein
13520,convence,convinces
13521,servidores,servers
13522,reproducción,reproduction
13523,county,county
13524,sabelotodo,smarty
13525,creerle,believe him
13526,sergio,Sergio
13527,drive,drive
13528,aumentado,increased
13529,sacrificado,sacrificed
13530,escalofriante,spooky
13531,uní,uni
13532,artística,artistic
13533,fogata,bonfire
13534,correctos,correct
13535,nicolás,Nicholas
13536,abundancia,abundance
13537,equipamiento,equipment
13538,filo,edge
13539,camerino,dressing room
13540,umbral,threshold
13541,viviera,lived
13542,daria,daria
13543,transacción,transaction
13544,molestarle,bother him
13545,entrevistar,interview
13546,piña,pineapple
13547,debilidades,weaknesses
13548,espectáculos,shows
13549,dinastía,dynasty
13550,identidades,identities
13551,solucionado,solved
13552,nicki,Nicki
13553,entregarme,surrender
13554,leas,read
13555,fregadero,sink
13556,cimientos,foundations
13557,despertaste,You woke up
13558,publicó,public
13559,ofensa,offense
13560,sobornos,bribes
13561,volvieras,you would return
13562,disfrutas,enjoy
13563,cisne,swan
13564,superhéroe,superhero
13565,lorelai,Lorelai
13566,estomago,stomach
13567,avise,notify
13568,perritos,puppies
13569,porta,holder
13570,arriesgarnos,risking
13571,dejéis,leave
13572,escultura,sculpture
13573,viajo,I travel
13574,triunfar,succeed
13575,algas,algae
13576,rodrigo,Rodrigo
13577,zombie,zombie
13578,enfermero,nurse
13579,vudú,voodoo
13580,chispas,sparks
13581,tintorería,dry cleaner
13582,hirviendo,boiling
13583,esquiar,skiing
13584,personalidades,personalities
13585,creada,created
13586,transformar,transform
13587,acaben,finish
13588,turk,Turk
13589,arcilla,clay
13590,mágicas,magical
13591,talones,heels
13592,inyecciones,injections
13593,grité,I screamed
13594,ciao,ciao
13595,victorias,victories
13596,cuyas,whose
13597,pingüino,penguin
13598,molestaba,bothered
13599,encaje,lace
13600,imaginarte,imagine
13601,hábleme,talk to me
13602,emitir,issue
13603,necesitara,would need
13604,pos,pos
13605,prosperidad,prosperity
13606,inmortalidad,immortality
13607,marrones,brown
13608,llegaras,you will arrive
13609,lara,Lara
13610,esencialmente,essentially
13611,comerá,will eat
13612,presentamos,We present
13613,francesas,French
13614,izzy,Izzy
13615,golpeada,beaten
13616,daos,daos
13617,national,national
13618,polar,polar
13619,destrozó,destroyed
13620,lagarto,lizard
13621,frustración,frustration
13622,demostraré,I will prove
13623,llegaran,they will arrive
13624,respetan,respect
13625,lamenta,regrets
13626,engañé,I deceived
13627,telón,curtain
13628,aspiradora,vacuum cleaner
13629,bélgica,Belgium
13630,talentosa,talented
13631,mejore,improve
13632,concede,grants
13633,apareciste,you appeared
13634,emocionales,emotional
13635,transbordador,ferry
13636,vacante,vacant
13637,océanos,oceans
13638,lastimé,I hurt
13639,apártese,step aside
13640,tocará,will play
13641,inquilinos,tenants
13642,estaria,would be
13643,tropical,tropical
13644,rampa,ramp
13645,sloane,Sloane
13646,importado,imported
13647,formando,forming
13648,hundir,sink
13649,pepper,Pepper
13650,fine,fine
13651,ampliar,enlarge
13652,prestada,borrowed
13653,cucaracha,cockroach
13654,bruselas,Brussels
13655,fugitivos,fugitives
13656,dejaban,they left
13657,guiar,guide
13658,fallaste,You failed
13659,encendidas,lit
13660,albergue,hostel
13661,trimestre,quarter
13662,distinguido,distinguished
13663,clint,Clint
13664,imprenta,printing
13665,soltó,released
13666,apolo,Apollo
13667,pecador,sinner
13668,parabrisas,windshield
13669,hetero,hetero
13670,manejado,handled
13671,torturado,tortured
13672,preocupéis,don't worry
13673,locamente,madly
13674,pepe,Pepe
13675,patriota,patriot
13676,marioneta,puppet
13677,utah,Utah
13678,cuidadosos,careful
13679,sanar,heal
13680,planean,plan
13681,resentimiento,resentment
13682,permanecen,remain
13683,brindo,I toast
13684,abortar,abort
13685,varsovia,Warsaw
13686,decepcionante,disappointing
13687,tiger,tiger
13688,consigan,get
13689,asquerosos,disgusting
13690,acertado,right
13691,molestos,annoying
13692,existió,existed
13693,patinar,skate
13694,milímetros,millimeters
13695,caídos,fallen
13696,momia,mummy
13697,congelados,frozen
13698,heno,hay
13699,irracional,irrational
13700,olfato,smell
13701,aguda,acute
13702,lu,lu
13703,visitarnos,Visit us
13704,suspiro,sigh
13705,ajustes,settings
13706,fallando,failing
13707,manifiesto,manifest
13708,cortarle,cut it
13709,futuras,future
13710,per,per
13711,ocurría,it happened
13712,rinde,yields
13713,emilio,Emilio
13714,aterrorizado,terrified
13715,compleja,complex
13716,said,said
13717,broche,brooch
13718,cualidad,quality
13719,boys,boys
13720,príncipes,princes
13721,talbot,Talbot
13722,malley,malley
13723,haberles,to have them
13724,cubro,I cover
13725,carné,meat
13726,rasgos,traits
13727,entregué,I handed
13728,turismo,tourism
13729,aceptaron,accepted
13730,hechizos,spells
13731,atlantis,Atlantis
13732,crichton,Crichton
13733,enloqueció,went mad
13734,marinos,sailors
13735,preguntárselo,ask him
13736,atrape,catch
13737,morty,Morty
13738,doe,doe
13739,cobb,Cobb
13740,vargas,Vargas
13741,golpean,they hit
13742,rufus,Rufus
13743,realiza,performs
13744,impresiones,impressions
13745,interminable,endless
13746,cargador,charger
13747,protestar,protest
13748,lockhart,Lockhart
13749,puntas,tips
13750,farsante,phony
13751,componentes,components
13752,averiguó,found out
13753,sucesos,events
13754,prepararnos,prepare
13755,reuniendo,gathering
13756,chivo,billy goat
13757,adele,Adele
13758,tartas,cakes
13759,bailarines,dancers
13760,enamorarme,fall in love
13761,trabajabas,you worked
13762,kirsten,Kirsten
13763,agarro,grab
13764,niegan,deny
13765,quítale,take it away
13766,katy,Katy
13767,muslo,thigh
13768,people,people
13769,baronesa,baroness
13770,encontraras,you will find
13771,jarabe,syrup
13772,incompetente,incompetent
13773,aprenden,learn
13774,mercados,markets
13775,apagón,blackout
13776,reducción,reduction
13777,sírvete,help yourself
13778,end,end
13779,temperaturas,temperatures
13780,diamond,diamond
13781,alcantarilla,sewer
13782,existiera,existed
13783,gitano,Gypsy
13784,cuidas,you take care
13785,síntoma,symptom
13786,piojos,lice
13787,entendieron,they understood
13788,rocco,Rocco
13789,ensayando,rehearsing
13790,atroz,atrocious
13791,estalló,exploded
13792,cataratas,cataracts
13793,contención,containment
13794,drag,drag
13795,bailarinas,dancers
13796,murciélagos,bats
13797,contara,would tell
13798,fantásticos,fantastic
13799,estatuas,statues
13800,repartidor,dealer
13801,preparadas,prepared
13802,tai,tai
13803,gabi,Gabi
13804,gestión,management
13805,donaciones,donations
13806,despensa,pantry
13807,caribe,Caribbean
13808,bacon,bacon
13809,desastres,disasters
13810,sorbo,sip
13811,odiado,hated
13812,átomos,atoms
13813,faraón,Pharaoh
13814,adaptarse,adapt
13815,impredecible,unpredictable
13816,buey,ox
13817,chambers,chambers
13818,balde,bucket
13819,cecilia,Cecilia
13820,procede,proceeds
13821,echará,will throw
13822,series,series
13823,traicionaste,You betrayed
13824,baratas,cheap
13825,permanecerá,will remain
13826,puerco,pig
13827,angus,Angus
13828,orson,Orson
13829,ada,ada
13830,xx,xx
13831,sentará,will sit
13832,estructuras,structures
13833,dejarse,let
13834,mirame,Look at me
13835,vení,come
13836,knight,knight
13837,imposibles,impossible
13838,anti,anti
13839,servilleta,napkin
13840,hillary,Hillary
13841,zane,Zane
13842,panorama,panorama
13843,gales,Welsh
13844,dais,dais
13845,eligen,choose
13846,massachusetts,Massachusetts
13847,village,village
13848,currículum,resume
13849,consume,consume
13850,ziva,ziva
13851,astuta,cunning
13852,kristen,Kristen
13853,hunde,sinks
13854,gruñidos,grunts
13855,trofeos,trophies
13856,estupendamente,wonderfully
13857,colocó,placed
13858,meditación,meditation
13859,fitzgerald,Fitzgerald
13860,limpiarlo,clean it
13861,aduana,customs
13862,barton,Barton
13863,lambert,Lambert
13864,díganle,tell him
13865,tejidos,tissues
13866,seymour,Seymour
13867,garantiza,guarantees
13868,decidas,decide
13869,enfrentamiento,confrontation
13870,desmond,Desmond
13871,genitales,genitals
13872,és,is
13873,ejecutiva,executive
13874,vertical,vertical
13875,bagdad,Baghdad
13876,sucedería,would happen
13877,agarren,grab
13878,ocupadas,occupied
13879,freud,Freud
13880,apurado,in a hurry
13881,bloqueando,blocking
13882,riquezas,riches
13883,sufro,I suffer
13884,robadas,stolen
13885,trek,trek
13886,dudes,doubts
13887,jovenes,youths
13888,subieron,they went up
13889,sedante,sedative
13890,herb,herb
13891,abordo,on board
13892,tragado,swallowed
13893,reservar,reserve
13894,sangra,bleeds
13895,leroy,Leroy
13896,nadine,Nadine
13897,remordimientos,remorse
13898,contrólate,control yourself
13899,aperitivos,appetizers
13900,obrero,worker
13901,yvonne,Yvonne
13902,vibraciones,vibrations
13903,costaría,would cost
13904,jugaste,you played
13905,conservador,conservative
13906,quisimos,we wanted
13907,cansancio,fatigue
13908,lluvias,rains
13909,dutch,Dutch
13910,tóxico,toxic
13911,garantizado,guaranteed
13912,cómplices,accomplices
13913,niza,Nice
13914,maddy,Maddy
13915,cuiden,take care
13916,moverlo,move it
13917,garage,garage
13918,cuídese,Take care of yourself
13919,comediante,comedian
13920,coach,coach
13921,acostumbrarme,get used to it
13922,riéndose,laughing
13923,peleen,fight
13924,seducir,seduce
13925,divertir,amuse
13926,llenó,full
13927,traves,through
13928,citación,citation
13929,improvisar,improvise
13930,problemático,problematic
13931,dirigirse,address
13932,litro,liter
13933,trapos,rags
13934,aguafiestas,spoilsport
13935,drones,drones
13936,soja,soy
13937,merezca,deserve
13938,prometieron,they promised
13939,hobby,hobby
13940,avenue,avenue
13941,metemos,we put
13942,mascar,chew
13943,juerga,spree
13944,aterrorizada,terrified
13945,sudes,sweats
13946,chapman,Chapman
13947,describió,described
13948,uva,grape
13949,mediocre,mediocre
13950,gama,range
13951,medallón,medallion
13952,acogedor,cozy
13953,pacífica,peaceful
13954,gestos,gestures
13955,lárguense,get out
13956,equivocación,mistake
13957,mercenarios,mercenaries
13958,ranger,ranger
13959,soleado,sunny
13960,marshal,marshal
13961,poseído,possessed
13962,sauna,sauna
13963,agarrado,grabbed
13964,atacante,attacker
13965,pip,pip
13966,aro,ring
13967,bailan,they dance
13968,acercarnos,approach
13969,pintó,painted
13970,coleman,Coleman
13971,exhausto,exhausted
13972,periodismo,journalism
13973,establece,establishes
13974,tratados,treaties
13975,quítense,get out
13976,universitarios,university students
13977,manipulación,handling
13978,llevaran,they would take
13979,popularidad,popularity
13980,déjela,leave her
13981,mera,mere
13982,cherry,cherry
13983,harlem,Harlem
13984,apretón,grip
13985,slater,slater
13986,desafiar,challenge
13987,vendieron,they sold
13988,pasad,pass
13989,levántense,stand up
13990,cleo,Cleo
13991,anunció,advertisement
13992,hippie,hippie
13993,prisiones,prisons
13994,mesías,Messiah
13995,sofia,Sofia
13996,pronunciar,pronounce
13997,cruzamos,we crossed
13998,transferir,transfer
13999,justifica,justifies
14000,analista,analyst
14001,gloriosa,glorious
14002,gruñón,grumpy
14003,inseguro,insecure
14004,energia,energy
14005,escupir,spit
14006,solicitó,solicitous
14007,podáis,you can
14008,bienvenidas,welcome
14009,obtengo,I get
14010,indicio,indication
14011,spray,spray
14012,cogeremos,we will take
14013,despierten,wake up
14014,peticiones,requests
14015,lagos,lakes
14016,inferiores,lower
14017,indiferente,indifferent
14018,gratuita,free
14019,encienda,turn on
14020,randolph,randolph
14021,cocinado,cooked
14022,cartman,Cartman
14023,arreglaste,you fixed
14024,arrastra,drag
14025,parásitos,parasites
14026,infinita,infinite
14027,abandones,abandonments
14028,wood,wood
14029,expliqué,I explained
14030,estaca,stake
14031,manejas,you drive
14032,cubos,cubes
14033,múltiple,multiple
14034,pietro,Pietro
14035,inmobiliario,real estate
14036,ee.uu,USA
14037,colectivo,collective
14038,despejada,clear
14039,agárralo,grab it
14040,lavarte,wash yourself
14041,míranos,look at us
14042,prestigio,prestige
14043,cause,cause
14044,marchen,marchen
14045,intriga,intrigue
14046,cambiemos,Let's change
14047,marsh,marsh
14048,convertirlo,convert it
14049,doc.,doc.
14050,dodge,Dodge
14051,mangas,sleeves
14052,arjun,arjun
14053,babor,port
14054,amarillas,yellow
14055,primitivo,primitive
14056,envenenamiento,poisoning
14057,terrenos,land
14058,librado,released
14059,verdades,truths
14060,cambiara,would change
14061,liberó,freed
14062,gustarte,like
14063,acuesto,I lie down
14064,impresiona,impresses
14065,gino,Gino
14066,alfonso,Alfonso
14067,famosas,famous
14068,salvarlos,save them
14069,dad,dad
14070,recinto,enclosure
14071,mosquitos,mosquitoes
14072,enganchado,hooked
14073,bbc,BBC
14074,jj,jj
14075,fleming,Fleming
14076,recuérdalo,Remember that
14077,johan,Johan
14078,golpeas,you hit
14079,inspectora,inspector
14080,reía,laughed
14081,mentalidad,mindset
14082,enloquecer,go crazy
14083,palestina,Palestine
14084,ametralladora,machine gun
14085,costos,costs
14086,prohíbe,prohibits
14087,chow,chow
14088,spence,Spence
14089,interrumpido,disrupted
14090,tokyo,Tokyo
14091,ip,ip
14092,flanco,flank
14093,amistosa,friendly
14094,envíame,send me
14095,tardó,It took
14096,xander,Xander
14097,albóndigas,meatballs
14098,ca,AC
14099,contará,will tell
14100,explicártelo,explain it to you
14101,tiramos,we throw
14102,noreste,northeast
14103,serial,serial
14104,abdominales,abdominal exercises
14105,pertenecer,belong
14106,ernesto,Ernesto
14107,wisconsin,Wisconsin
14108,eliot,Eliot
14109,kyung,kyung
14110,enormemente,enormously
14111,rubias,blondes
14112,devuelves,return
14113,continuaremos,we will continue
14114,acerqué,I approached
14115,valdrá,will be worth
14116,diriges,you direct
14117,patrimonio,heritage
14118,inundación,flood
14119,rondando,hovering
14120,manden,send
14121,comentar,comment
14122,destruya,destroy
14123,redacción,drafting
14124,encarcelado,imprisoned
14125,llamarse,to be called
14126,recompensas,rewards
14127,christie,Christie
14128,fío,I trust
14129,acerco,I approach
14130,succión,suction
14131,cleopatra,Cleopatra
14132,pedirá,will ask
14133,raven,Raven
14134,destinada,intended
14135,pulgada,inch
14136,dolido,hurt
14137,imaginario,imaginary
14138,especias,spices
14139,maryland,Maryland
14140,vayáis,go
14141,cairo,Cairo
14142,apostando,betting
14143,empire,empire
14144,empezara,will begin
14145,vigile,watch
14146,transparente,transparent
14147,directos,live
14148,iniciado,initiated
14149,bombay,Bombay
14150,supieron,they knew
14151,influencias,influences
14152,plenamente,fully
14153,pesetas,pesetas
14154,express,express
14155,sufra,suffer
14156,chiquilla,little girl
14157,incluida,including
14158,consideras,do you consider
14159,telefónicos,telephones
14160,carroza,float
14161,propones,you propose
14162,reinado,reign
14163,cartuchos,cartridges
14164,búnker,bunker
14165,muevete,move
14166,espiral,spiral
14167,respondí,I replied
14168,malinterpretes,misinterpreters
14169,soplo,breath
14170,ardillas,squirrels
14171,librarme,free me
14172,inesperada,unexpected
14173,simulación,simulation
14174,vinagre,vinegar
14175,contártelo,tell you
14176,len,len
14177,neumonía,pneumonia
14178,ahmed,Ahmed
14179,concentrarse,concentrate
14180,cece,cece
14181,rompas,break
14182,bird,bird
14183,encargar,order
14184,crowley,Crowley
14185,rotación,rotation
14186,cojan,grab
14187,temores,fears
14188,aterrizó,landed
14189,rió,river
14190,guardó,saved
14191,tell,tell
14192,desconectado,offline
14193,patines,roller skates
14194,grabadora,recorder
14195,nobel,Nobel Prize
14196,convencerte,convince yourself
14197,ingrediente,ingredient
14198,animar,encourage
14199,invisibles,invisible
14200,marcó,frame
14201,electoral,electoral
14202,bollos,buns
14203,winter,winter
14204,cómics,comics
14205,afecte,affect
14206,temprana,early
14207,islam,Islam
14208,posesiones,possessions
14209,chavales,kids
14210,impactante,shocking
14211,castaño,chestnut
14212,merodeando,lurking
14213,salvatore,Salvatore
14214,cambiarse,change
14215,pagues,pay
14216,zeke,zeke
14217,devuelvan,return
14218,perdones,pardons
14219,cursos,courses
14220,conocidas,known
14221,linaje,lineage
14222,informaré,I will inform you
14223,coqueteando,flirting
14224,extorsión,extortion
14225,afectada,affected
14226,raramente,rarely
14227,gráfico,graphic
14228,pérez,Perez
14229,soluciones,solutions
14230,aventón,lift
14231,informada,informed
14232,tibia,tibia
14233,masters,masters
14234,pillas,you catch
14235,frena,brake
14236,jennings,Jennings
14237,arrancado,started
14238,secas,dry
14239,observen,observe
14240,pretexto,pretext
14241,paralelo,parallel
14242,complot,plot
14243,pegada,punch
14244,resolveremos,we will resolve
14245,torcido,crooked
14246,kitt,kitt
14247,nómina,roster
14248,refrescos,soft drinks
14249,porquerías,filth
14250,díaz,Díaz
14251,inquilino,tenant
14252,iraq,Iraq
14253,entiendan,understand
14254,mandamos,we send
14255,oigas,listen
14256,expulsión,expulsion
14257,fusil,rifle
14258,margot,Margot
14259,terminarás,you will finish
14260,aprendimos,we learned
14261,intestino,intestine
14262,estimulante,stimulating
14263,shiva,Shiva
14264,nova,nova
14265,igor,Igor
14266,enteros,whole
14267,invitamos,We invite you
14268,polacos,Poles
14269,encendió,turned on
14270,esquema,scheme
14271,amenazar,threaten
14272,faz,face
14273,amazonas,Amazon
14274,diviertas,have fun
14275,totalidad,whole
14276,denunció,denounced
14277,olvidarás,you will forget
14278,tranvía,tram
14279,nicola,Nicola
14280,cox,cox
14281,negociando,negotiating
14282,garantías,guarantees
14283,maldicion,curse
14284,detenida,arrested
14285,tenerle,to have him
14286,lastime,I feel sorry
14287,decker,Decker
14288,inquietante,disturbing
14289,regalar,give a present
14290,salvarse,to save
14291,tranquilas,calm
14292,contrata,hire
14293,escondernos,hide
14294,encontraran,they will find
14295,center,center
14296,submarinos,submarines
14297,acertijo,riddle
14298,reconfortante,comforting
14299,recogerme,pick me up
14300,tendras,you will have
14301,besas,kisses
14302,psicológica,psychological
14303,vladimir,Vladimir
14304,chanel,Chanel
14305,tirarme,throw myself
14306,sartén,frying pan
14307,sheridan,Sheridan
14308,rand,rand
14309,echarlo,throw it
14310,accionistas,shareholders
14311,bromees,jokes
14312,cash,cash
14313,molestará,will bother
14314,bisturí,scalpel
14315,aguantando,enduring
14316,shhh,Shhh
14317,transportador,conveyor
14318,costera,coastal
14319,snow,snow
14320,agradecerles,thank you
14321,insultar,insult
14322,e-mails,emails
14323,bendecido,blessed
14324,pipí,pee
14325,sucesor,successor
14326,brillando,shining
14327,verso,verse
14328,ángulos,angles
14329,demócratas,Democrats
14330,eléctricos,electric
14331,portador,carrier
14332,lunas,moons
14333,echaremos,we will throw
14334,verguenza,shame
14335,encuesta,survey
14336,marcharnos,leave
14337,escolares,schoolchildren
14338,aceptaste,you accepted
14339,empapado,soggy
14340,asumí,I assumed
14341,culparme,blame me
14342,bájala,lower it
14343,eliza,Eliza
14344,básicos,basics
14345,dead,dead
14346,llenando,filling
14347,hetty,hetty
14348,atraparé,I will catch
14349,engreído,conceited
14350,meteorito,meteorite
14351,cerillas,matches
14352,discutiremos,we will discuss
14353,conducción,driving
14354,desarrollando,developing
14355,postales,postcards
14356,aburre,boring
14357,lamentar,regret
14358,unirnos,join
14359,genera,generates
14360,escorpión,scorpion
14361,margo,margo
14362,champú,shampoo
14363,escucharé,I will listen
14364,zombies,zombies
14365,transforma,transforms
14366,muñecos,dolls
14367,vs,vs
14368,hodgins,Hodgins
14369,robas,you steal
14370,hopkins,Hopkins
14371,decidme,Tell me
14372,provocando,causing
14373,mai.,mai.
14374,enloqueciendo,going crazy
14375,camelot,Camelot
14376,mundiales,world
14377,kiki,Kiki
14378,delegación,delegation
14379,ansiosos,anxious
14380,recogerte,pick you up
14381,area,area
14382,consistente,consistent
14383,mediados,mid
14384,cantina,canteen
14385,acompañará,will accompany
14386,indefenso,helpless
14387,salada,salty
14388,acompañas,you accompany
14389,reverencia,reverence
14390,razonar,reason
14391,descubran,discover
14392,round,round
14393,ticket,ticket
14394,lechuga,lettuce
14395,excesivo,excessive
14396,hanson,Hanson
14397,egipcios,Egyptians
14398,portugal,Portugal
14399,lennox,Lennox
14400,virtudes,virtues
14401,ancla,anchor
14402,viajó,traveled
14403,dote,dowry
14404,policias,police
14405,borra,erase
14406,bertie,Bertie
14407,probó,tried
14408,pozos,wells
14409,fascistas,fascists
14410,xavier,Xavier
14411,bulto,bulk
14412,volamos,we fly
14413,swat,swat
14414,intentara,I would try
14415,competidores,competitors
14416,caldera,boiler
14417,callados,silent
14418,costura,sewing
14419,rosado,pink
14420,adquirir,acquire
14421,sueltas,loose
14422,fé,faith
14423,introducción,introduction
14424,rosemary,rosemary
14425,ofende,offends
14426,pegaste,you stuck
14427,mustang,Mustang
14428,preparan,prepare
14429,mármol,marble
14430,huyeron,they fled
14431,temple,temper
14432,costoso,expensive
14433,relajante,relaxing
14434,demócrata,democrat
14435,averiguaste,did you find out
14436,enfrentado,faced
14437,resultará,it will result
14438,mírale,look at him
14439,esmeralda,emerald
14440,formó,formed
14441,señuelo,lure
14442,huida,flight
14443,siberia,Siberia
14444,traerlos,bring them
14445,pidan,ask
14446,llevada,carried
14447,perdición,perdition
14448,zen,Zen
14449,moralidad,morality
14450,decidirá,will decide
14451,reformatorio,reformatory
14452,corremos,we run
14453,sacramento,sacrament
14454,humildad,modesty
14455,yegua,mare
14456,butters,butters
14457,compraría,would buy
14458,tratemos,Let's try
14459,shore,shore
14460,supiese,I knew
14461,lejana,distant
14462,pequeñito,wee
14463,zanja,ditch
14464,mayonesa,mayonnaise
14465,violando,violating
14466,concentrarte,concentrate
14467,aburridas,boring
14468,psiquiatría,psychiatry
14469,ambiciones,ambitions
14470,hijita,daughter
14471,callaos,shut up
14472,plástica,plastic
14473,retrasar,delay
14474,crei,I believed
14475,plateado,silver
14476,contienen,They contain
14477,internas,internal
14478,graciosos,funny
14479,avergüenzo,I'm ashamed
14480,erais,you were
14481,guisantes,peas
14482,actualización,update
14483,arrastrando,dragging
14484,subconsciente,subconscious
14485,comprensivo,comprehensive
14486,darrin,darrin
14487,propuesto,proposed
14488,cazadora,huntress
14489,o.,either.
14490,revuelta,revolt
14491,magnética,magnetic
14492,gotham,Gotham
14493,non,no
14494,especialistas,specialists
14495,vegetariano,vegetarian
14496,programada,scheduled
14497,caluroso,warm
14498,compraremos,we will buy
14499,amarillos,yellow
14500,animación,animation
14501,acres,acres
14502,castigados,punished
14503,externa,external
14504,ganga,bargain
14505,lámparas,lamps
14506,bloquea,block
14507,carver,carver
14508,tranquilícese,calm down
14509,consideraba,considered
14510,niñito,little boy
14511,comenzaste,you started
14512,compren,buy
14513,cuelgues,hang-ups
14514,protegen,protect
14515,playboy,playboy
14516,corruptos,corrupt
14517,demostrarle,show him
14518,intentaría,I would try
14519,lucho,fought
14520,liberen,release
14521,ascender,ascend
14522,reclutas,recruits
14523,cojas,lame
14524,encuestas,surveys
14525,melvin,Melvin
14526,tristemente,sadly
14527,baseball,baseball
14528,ping,ping
14529,esteban,Esteban
14530,siéntete,feel
14531,paseos,walks
14532,interesaría,would be interested
14533,meyer,Meyer
14534,extrañaba,I missed it
14535,intestinos,bowels
14536,investigamos,we investigate
14537,cumplida,fulfilled
14538,mareada,dizzy
14539,haciéndole,doing it
14540,gordito,chubby
14541,tornillo,screw
14542,apreciamos,We appreciate
14543,rogar,pray
14544,orgía,orgy
14545,picard,Picard
14546,mordisco,nibble
14547,tratará,will try
14548,terciopelo,velvet
14549,apollo,Apollo
14550,orar,pray
14551,over,over
14552,actuaba,acted
14553,roxy,Roxy
14554,llenado,fill
14555,roberta,Roberta
14556,rechazada,rejected
14557,revolver,revolver
14558,cordura,sanity
14559,prefería,preferred
14560,razas,breeds
14561,coste,cost
14562,elimina,eliminates
14563,cangrejos,crabs
14564,cógela,grab it
14565,encantos,charms
14566,colisión,collision
14567,verles,see them
14568,explote,explode
14569,babylon,babylon
14570,firmo,I sign
14571,mienta,lie
14572,abusar,abuse
14573,floja,loose
14574,olvidalo,forget it
14575,suplente,alternate
14576,pocilga,pigsty
14577,ocultado,hidden
14578,siria,Syria
14579,imprimir,print
14580,salvaron,saved
14581,eua,USA
14582,terrence,terrence
14583,venderé,I will sell
14584,cagando,shitting
14585,aula,classroom
14586,corporaciones,corporations
14587,atreven,dare
14588,emociona,exciting
14589,ryder,Ryder
14590,presté,I lent
14591,espléndida,splendid
14592,comería,I would eat
14593,feto,fetus
14594,suspender,suspend
14595,enfado,anger
14596,traernos,bring us
14597,cortamos,we cut
14598,copiar,copy
14599,robbins,Robbins
14600,wan,wan
14601,llore,I cried
14602,frenar,curb
14603,saturno,Saturn
14604,eliminados,deleted
14605,pedirlo,ask for it
14606,ocasionalmente,occasionally
14607,inmoral,immoral
14608,soltado,released
14609,financiar,finance
14610,sabotaje,sabotage
14611,carril,lane
14612,romero,rosemary
14613,borrador,draft
14614,maura,Maura
14615,atrajo,attracted
14616,colas,queues
14617,buscándolo,looking for it
14618,imagínese,imagine
14619,duela,stave
14620,ignorando,ignoring
14621,cuchilla,blade
14622,apuntas,you point
14623,presentaron,presented
14624,clemencia,clemency
14625,dígaselo,tell him
14626,enfrentando,facing
14627,tómelo,Take it
14628,comunión,communion
14629,engañan,they deceive
14630,exclusivamente,exclusively
14631,rover,rover
14632,pillé,I caught
14633,ocultarlo,hide it
14634,sonado,sounded
14635,romperse,break
14636,eclipse,eclipse
14637,race,race
14638,sensei,sensei
14639,cuidaba,took care
14640,restricción,restriction
14641,vivamos,Let us live
14642,derribado,felled
14643,comunismo,communism
14644,sicilia,Sicily
14645,olvidarse,forget
14646,chips,chips
14647,suizo,Swiss
14648,pronóstico,forecast
14649,funerales,funeral
14650,ayudaros,help you
14651,savage,savage
14652,equivoque,mistake
14653,weston,Weston
14654,recaudar,collect
14655,metía,put
14656,almacenamiento,storage
14657,subas,increases
14658,llamabas,you called
14659,sarcasmo,sarcasm
14660,casualmente,casually
14661,tragó,drink
14662,brevemente,briefly
14663,leopardo,leopard
14664,aceptes,accept
14665,violaron,raped
14666,faldas,skirts
14667,muscular,muscular
14668,llevárselo,take it
14669,enoja,angers
14670,filósofo,philosopher
14671,barbero,barber
14672,apostado,bet
14673,mccarthy,McCarthy
14674,embarque,shipment
14675,malditamente,damn
14676,apoyan,support
14677,lente,lens
14678,ramsey,Ramsey
14679,herrero,blacksmith
14680,alemanas,Germans
14681,librar,rid
14682,vente,come
14683,comenzaré,I will begin
14684,interiores,interiors
14685,estándares,standards
14686,asesinaste,You murdered
14687,invención,invention
14688,serte,to be
14689,alimentan,feed
14690,colmo,height
14691,sordos,deaf
14692,suicidas,suicides
14693,cafeína,caffeine
14694,prenda,garment
14695,der,der
14696,latino,Latin
14697,enemigas,enemies
14698,pulmonar,pulmonary
14699,contesto,I answer
14700,causan,cause
14701,descendientes,descendants
14702,contribuir,contribute
14703,pésima,terrible
14704,minnie,Minnie
14705,escogiste,you chose
14706,tocaré,I will play
14707,diseñada,designed
14708,uranio,uranium
14709,dinámica,dynamic
14710,antro,joint
14711,rae,rae
14712,buscaste,you searched
14713,precipicio,precipice
14714,town,town
14715,aldeanos,villagers
14716,where,where
14717,usuario,user
14718,obsequio,gift
14719,amarme,love me
14720,ayudadme,help me
14721,sufría,suffered
14722,aparente,apparent
14723,porcelana,porcelain
14724,dándome,giving me
14725,cruda,raw
14726,tomografía,tomography
14727,quejarme,complain
14728,rendición,surrender
14729,savannah,savannah
14730,firmada,signed
14731,girls,girls
14732,make,make
14733,comestibles,groceries
14734,ziggy,Ziggy
14735,obtenga,get
14736,arrojado,thrown
14737,expuestos,exposed
14738,descarado,sassy
14739,fiscales,prosecutors
14740,analizando,analyzing
14741,barman,bartender
14742,depredadores,predators
14743,cuidarla,take care of her
14744,sonriente,smiling
14745,mapache,raccoon
14746,tentador,tempting
14747,winnie,Winnie
14748,perdonadme,forgive me
14749,embarazadas,pregnant women
14750,creatividad,creativity
14751,llantas,tires
14752,gandhi,Gandhi
14753,atiendo,I attend
14754,sabios,wise men
14755,respondan,respond
14756,arbusto,bush
14757,moran,Moran
14758,teta,tit
14759,football,football
14760,estéril,sterile
14761,colombia,Colombia
14762,cava,digging
14763,acostando,lying down
14764,margaritas,daisies
14765,mu,mu
14766,martínez,Martinez
14767,thea,thea
14768,presentando,presenting
14769,encargamos,we ordered
14770,avergonzarte,embarrass you
14771,alzheimer,Alzheimer's
14772,hoover,Hoover
14773,distribuidor,distributor
14774,sujétate,hold on
14775,invite,invite
14776,encerraron,they locked up
14777,w.,w.
14778,captar,capture
14779,remo,rowing
14780,geoff,Geoff
14781,confirmarlo,confirm it
14782,hicks,Hicks
14783,cínico,cynical
14784,empujado,pushed
14785,bentley,Bentley
14786,chiquita,little one
14787,barnaby,barnaby
14788,frecuentemente,frequently
14789,aparcado,parked
14790,sabores,flavors
14791,pescando,fishing
14792,cazas,fighters
14793,versiones,versions
14794,anfitriona,hostess
14795,participantes,participants
14796,logrará,will achieve
14797,informática,computing
14798,cuervos,crows
14799,íntima,intimate
14800,firmaré,I will sign
14801,kendall,Kendall
14802,com,com
14803,suspiros,sighs
14804,pequeñín,little one
14805,riendas,reins
14806,llamarán,they will call
14807,yogur,yogurt
14808,minnesota,Minnesota
14809,fish,fish
14810,abbott,Abbott
14811,cadete,cadet
14812,zero,zero
14813,vocabulario,vocabulary
14814,magnético,magnetic
14815,empeora,worsens
14816,gentes,people
14817,hueca,hollow
14818,coleccionista,collector
14819,impresionantes,impressive
14820,acusan,accuse
14821,chiquillo,kid
14822,racial,racial
14823,jillian,Jillian
14824,denegada,denied
14825,prometerme,promise me
14826,competente,competent
14827,honrada,honest
14828,thornton,Thornton
14829,laptop,laptop
14830,aguarde,wait
14831,escalón,step
14832,entregarle,give it to him
14833,arrestarme,arrest me
14834,manía,mania
14835,calculado,calculated
14836,enfrentan,face
14837,aspirante,applicant
14838,abriste,You opened
14839,moss,moss
14840,escribirlo,write it
14841,adivinado,guessed
14842,hirieron,wounded
14843,edison,Edison
14844,peters,Peters
14845,grabada,recorded
14846,conseguía,I got
14847,cascada,waterfall
14848,asteroide,asteroid
14849,condescendiente,condescending
14850,caine,Caine
14851,cultivos,crops
14852,contagioso,contagious
14853,babe,babe
14854,perdonarte,forgive you
14855,violeta,violet
14856,disgustada,disgusted
14857,automática,automatic
14858,eleva,raises
14859,dickie,Dickie
14860,tte,tte
14861,pose,pose
14862,desapareciera,disappeared
14863,cuidarlo,take care of it
14864,civilizado,civilized
14865,cónsul,consul
14866,arreglas,fix
14867,hai,hai
14868,descubrimientos,discoveries
14869,perdedora,loser
14870,suceso,event
14871,dunn,dunn
14872,enséñale,teach him
14873,his,his
14874,diseñar,design
14875,académico,academic
14876,estaréis,you will be
14877,ético,ethical
14878,atravesado,crossed
14879,vaciar,empty
14880,festín,feast
14881,extender,extend
14882,equivocamos,we were wrong
14883,arrestó,arrest
14884,sky,sky
14885,transmite,transmits
14886,filetes,steaks
14887,factores,factors
14888,ofrenda,offering
14889,podréis,you will be able to
14890,atrápenlo,Catch him
14891,adversario,adversary
14892,allie,Allie
14893,si.,Yeah.
14894,mamita,Mommy
14895,power,power
14896,luigi,Luigi
14897,lasaña,lasagna
14898,titanic,Titanic
14899,jurados,juries
14900,navideño,Christmas
14901,poetas,poets
14902,luché,I fought
14903,vuele,fly
14904,maricones,faggots
14905,pararme,stop
14906,muralla,wall
14907,espinas,thorns
14908,ártico,arctic
14909,reilly,Reilly
14910,convertimos,we converted
14911,moribundo,dying
14912,estirar,stretch
14913,atraen,attract
14914,etapas,stages
14915,testarudo,stubborn
14916,lucille,Lucille
14917,hawk,Hawk
14918,lastimaste,You hurt
14919,madurar,mature
14920,matadero,slaughterhouse
14921,brighton,brighton
14922,aleje,move away
14923,publicación,publication
14924,spanish,Spanish
14925,llevábamos,we had
14926,acostumbrarse,get used
14927,piénselo,think about it
14928,prado,meadow
14929,mentirte,lie to you
14930,escapan,escape
14931,usara,would use
14932,acéptalo,Accept it
14933,alucinando,hallucinating
14934,conducen,they drive
14935,aubrey,Aubrey
14936,recuperamos,we recovered
14937,relajate,relax
14938,añade,duck
14939,psíquica,psychic
14940,procura,try
14941,injusta,unfair
14942,delfín,dolphin
14943,amarga,bitter
14944,lágrima,tear
14945,jengibre,ginger
14946,buitres,vultures
14947,prestes,lend
14948,automóviles,cars
14949,habra,There will be
14950,funda,sheath
14951,distancias,distances
14952,atencion,attention
14953,veníamos,we were coming
14954,reg,reg
14955,taladro,drill
14956,visitarla,visit it
14957,contenedores,containers
14958,rhonda,Rhonda
14959,volaré,I will fly
14960,controlo,I control
14961,sucedía,it was happening
14962,meterle,put it in
14963,domina,domina
14964,semáforo,traffic light
14965,tratarme,treat me
14966,doo,doo
14967,ny,ny
14968,escritas,written
14969,dell,Dell
14970,bárbaros,barbarians
14971,acuario,aquarium
14972,acordé,chord
14973,why,Why
14974,accedió,agreed
14975,sediento,thirsty
14976,caminan,walk
14977,házmelo,Do it for me
14978,presentará,will present
14979,retos,challenges
14980,bellos,beautiful
14981,haras,stud farm
14982,pasarse,go
14983,protegidos,protected
14984,efectiva,effective
14985,superviviente,survivor
14986,estambul,Istanbul
14987,interrumpo,I interrupt
14988,syd,syd
14989,admites,do you admit
14990,ultra,ultra
14991,acercaba,approaching
14992,pará,for
14993,afectando,affecting
14994,cardiaco,cardiac
14995,think,think
14996,caigan,fall
14997,teri,teri
14998,eléctricas,electric
14999,prestando,lending
15000,transformó,transformed
15001,hablarnos,talk to us
15002,novak,Novak
15003,singapur,Singapore
15004,accesorios,accessories
15005,trataremos,we will try
15006,ocurrieron,occurred
15007,tendencias,tendencies
15008,hazel,Hazel
15009,animadora,cheerleader
15010,traidora,traitor
15011,parálisis,paralysis
15012,fowler,fowler
15013,marisa,Marisa
15014,subida,rise
15015,reunirte,meet
15016,mención,mention
15017,cochran,Cochran
15018,destripador,ripper
15019,besito,little kiss
15020,lynette,Lynette
15021,progresando,progressing
15022,viajamos,we travel
15023,obligarme,force me
15024,logran,they achieve
15025,yanquis,Yankees
15026,vinci,vinci
15027,obligues,force
15028,lil,lil
15029,mejoras,improvements
15030,manchado,stained
15031,folletos,brochures
15032,adivine,guess
15033,follando,fucking
15034,restantes,remaining
15035,pintas,pints
15036,rabo,tail
15037,hobbs,Hobbs
15038,cortarme,cut me
15039,dirija,direct
15040,armarios,wardrobes
15041,versos,verses
15042,refrescante,refreshing
15043,princeton,Princeton
15044,cumplidos,compliments
15045,deacon,Deacon
15046,separada,separate
15047,seguidme,follow me
15048,mostraron,they showed
15049,suicidarme,to commit suicide
15050,simulacro,simulacrum
15051,irving,Irving
15052,lector,reader
15053,pensaras,you'll think
15054,escarabajo,beetle
15055,dígalo,say it
15056,señorito,young gentleman
15057,camisón,nightgown
15058,hilda,Hilda
15059,asfixia,suffocation
15060,marx,Marx
15061,barreras,barriers
15062,propósitos,purposes
15063,aprobó,approved
15064,amsterdam,Amsterdam
15065,realizando,performing
15066,invasores,invaders
15067,criticar,criticize
15068,capitolio,Capitol
15069,silvia,Silvia
15070,hongo,fungus
15071,depredador,predator
15072,reconocería,would recognize
15073,proporcionar,provide
15074,comportarte,behave
15075,goo,goo
15076,permitirlo,allow it
15077,tradicionales,traditional
15078,buffalo,buffalo
15079,portavoz,spokesman
15080,salté,I jumped
15081,abandonados,abandoned
15082,socialista,socialist
15083,merecer,deserve
15084,tomadas,taken
15085,dardos,darts
15086,mantengamos,Let's keep
15087,confortable,comfortable
15088,retírense,withdraw
15089,recital,recital
15090,burlarse,mock
15091,espectros,spectra
15092,odiamos,we hate
15093,asume,assumes
15094,bronca,row
15095,leela,read it
15096,sobretodo,above all
15097,adecuadas,appropriate
15098,animados,animated
15099,munich,Munich
15100,reúna,gather
15101,escondía,hid
15102,aparcar,park
15103,bombón,chocolate
15104,dolía,It hurt
15105,frecuencias,frequencies
15106,formalidad,formality
15107,leen,read
15108,sacaba,he took out
15109,constance,constancy
15110,escupe,spits
15111,jaguar,jaguar
15112,preliminares,preliminary
15113,blah,blah
15114,tortitas,pancakes
15115,faltas,faults
15116,darius,Darius
15117,pirámides,pyramids
15118,plazca,please
15119,desarrolló,development
15120,estrategias,strategies
15121,golpearte,hit you
15122,recogida,collection
15123,creciste,you grew up
15124,entrenadora,coach
15125,pésame,condolence
15126,perverso,perverse
15127,cabalgar,ride
15128,tirano,tyrant
15129,comprenden,understand
15130,jugaré,I will play
15131,demandante,demanding
15132,resplandor,radiance
15133,exquisito,exquisite
15134,dubois,dubois
15135,dal,dal
15136,pooja,pooja
15137,protegerlos,protect them
15138,plantación,plantation
15139,estatura,stature
15140,carece,lacks
15141,teclado,keyboard
15142,columnas,columns
15143,dex,dex
15144,dre,Dr.
15145,brutalmente,brutally
15146,lápices,pencils
15147,lanzador,pitcher
15148,prem,premium
15149,franqueza,frankness
15150,trayecto,journey
15151,mencionarlo,mention it
15152,afectará,will affect
15153,explícame,explain to me
15154,orígenes,origins
15155,apagarlo,turn it off
15156,dormirá,will sleep
15157,aceptación,acceptance
15158,godzilla,Godzilla
15159,perú,Peru
15160,escribimos,we write
15161,escribieron,they wrote
15162,glee,glee
15163,excitación,excitement
15164,lléveme,take me
15165,vengarme,to get revenge
15166,griffith,Griffith
15167,krishna,Krishna
15168,raúl,Raúl
15169,ocular,ocular
15170,divide,divide
15171,puras,pure
15172,finalistas,finalists
15173,olive,olive
15174,independientemente,regardless
15175,recados,errands
15176,higiene,hygiene
15177,acercamiento,approach
15178,ánimos,cheers
15179,liberada,freed
15180,lastimada,hurt
15181,clon,clone
15182,organiza,organizes
15183,remover,remove
15184,iniciando,starting
15185,retrasados,delayed
15186,libere,free
15187,caracoles,snails
15188,capone,Capone
15189,pañuelos,handkerchiefs
15190,vigilantes,security guards
15191,calmarse,calm down
15192,presionado,pressed
15193,hipo,hiccup
15194,proceda,proceed
15195,dispararte,shoot you
15196,odiabas,you hated
15197,dixie,Dixie
15198,molde,mold
15199,t.j.,t.j.
15200,candado,padlock
15201,varones,males
15202,golpearlo,hit him
15203,ahogar,drown
15204,mayoria,most
15205,divorciada,divorcee
15206,mariquita,ladybug
15207,concentrarnos,concentrate
15208,considéralo,consider it
15209,irían,they would go
15210,ocupando,occupying
15211,bromista,joker
15212,políticamente,politically
15213,cortarte,cut yourself
15214,beneficencia,charity
15215,hollis,hollis
15216,bordes,borders
15217,bajemos,Let's go down
15218,forzó,forced
15219,supones,you assume
15220,retardado,delayed
15221,apareciendo,appearing
15222,limpió,clean
15223,claves,keys
15224,obligatorio,mandatory
15225,graba,record
15226,guárdalo,save it
15227,encargué,I ordered
15228,troya,Troy
15229,traviesa,sleeper
15230,husmeando,snooping
15231,subamos,Let's go up
15232,soberano,sovereign
15233,invernadero,greenhouse
15234,frecuente,frequent
15235,anhelo,longing
15236,querré,I will want
15237,vencidos,defeated
15238,kathleen,Kathleen
15239,entregarte,surrender to you
15240,picar,chop
15241,territorios,territories
15242,paranoica,paranoid
15243,envías,you send
15244,quicio,hinge
15245,enojó,anger
15246,póntelo,put it on
15247,bebemos,we drink
15248,ahorro,saving
15249,dejarles,leave them
15250,bombarderos,bombers
15251,decentes,decent
15252,arándanos,blueberries
15253,implantes,implants
15254,radios,radios
15255,patente,patent
15256,devuelvas,return
15257,norris,Norris
15258,teníais,you had
15259,recordarme,remind me
15260,terrestres,terrestrial
15261,hijito,sonny
15262,transformado,turned
15263,avancen,advance
15264,enfrentó,faced
15265,estiércol,manure
15266,desventaja,disadvantage
15267,arruinarlo,ruin it
15268,comprenderlo,understand it
15269,verías,you would see
15270,pegando,sticking
15271,cantó,singing
15272,palmas,palms
15273,mafioso,mobster
15274,cansando,tiring
15275,bajito,short
15276,hablaras,you will speak
15277,diseñó,design
15278,sweet,sweet
15279,gastó,spent
15280,esposos,spouses
15281,irina,Irina
15282,extravagante,extravagant
15283,ahorrando,saving
15284,quererte,loving you
15285,derramar,shed
15286,cuides,take care
15287,daryl,Daryl
15288,wendell,Wendell
15289,edén,Eden
15290,encantadores,charming
15291,cancion,song
15292,vomitando,vomiting
15293,ancestral,ancestral
15294,heredera,heiress
15295,caerán,will fall
15296,protestas,protests
15297,vengadores,Avengers
15298,soltadme,Let me go
15299,jarvis,Jarvis
15300,presentaciones,presentations
15301,manten,keep
15302,genéticamente,genetically
15303,culparte,blame you
15304,fallos,failures
15305,resistirse,resist
15306,acompáñame,come with me
15307,imitar,mock
15308,pásalo,pass it on
15309,freeman,freeman
15310,mareo,dizziness
15311,ahorra,save
15312,esperara,would wait
15313,hilton,Hilton
15314,tiradores,shooters
15315,serge,Serge
15316,lulu,Lulu
15317,habláis,you speak
15318,brutalidad,brutality
15319,contenía,contained
15320,ceniza,ash
15321,grove,grove
15322,cupones,coupons
15323,octava,octave
15324,guerrera,warrior
15325,mc,mc
15326,colmillos,fangs
15327,cerdito,piggy
15328,búscate,find yourself
15329,decisivo,decisive
15330,venció,expired
15331,brillan,shine
15332,colonos,settlers
15333,valgo,I am worth
15334,atados,tied
15335,susurrando,whispering
15336,envenenada,poisoned
15337,abatido,dejected
15338,búho,owl
15339,patinaje,skating
15340,heroe,hero
15341,tardaste,You took
15342,adornos,decorations
15343,quédatelo,Keep it
15344,forzados,forced
15345,cocodrilos,crocodiles
15346,haciéndote,making you
15347,acorde,chord
15348,brittany,Brittany
15349,colgada,hanging
15350,ehh,ehh
15351,bájame,put me down
15352,mandarme,send me
15353,calificado,qualified
15354,cliché,cliche
15355,bebiste,you drank
15356,escasez,shortage
15357,recomendó,recommended
15358,entendéis,Do you understand?
15359,delegado,delegate
15360,convicción,conviction
15361,hoyos,holes
15362,memorial,memorial
15363,j.d.,j.d.
15364,prohíbo,I forbid
15365,ordinaria,ordinary
15366,leerla,read it
15367,flote,float
15368,contrataste,you hired
15369,fertilidad,fertility
15370,realistas,realistic
15371,avisarme,notify me
15372,disfrutarlo,Enjoy it
15373,deberé,I will have to
15374,rhodes,Rhodes
15375,yakuza,yakuza
15376,duración,duration
15377,aura,aura
15378,compitiendo,competing
15379,cocino,I cook
15380,webb,webb
15381,prepárese,get ready
15382,wei,wei
15383,kris,Kris
15384,detecto,I detect
15385,obtendrá,you will get
15386,apto,suitable
15387,conocerá,will know
15388,petra,Petra
15389,hoo,hoo
15390,brothers,brothers
15391,a-,to-
15392,rin,rim
15393,aparecía,appeared
15394,dejarían,would leave
15395,tardaremos,we will take
15396,golpeaba,hit
15397,males,evils
15398,infectados,infected
15399,chiflada,crazy
15400,párrafo,paragraph
15401,instituciones,institutions
15402,demuestre,demonstrate
15403,reinos,kingdoms
15404,viviría,would live
15405,coyote,coyote
15406,finalizar,finish
15407,crecimos,we grew up
15408,táctico,tactical
15409,visitarlo,visit it
15410,preguntarles,ask them
15411,gordas,fat
15412,vih,HIV
15413,informados,informed
15414,enteramos,we find out
15415,hae,hae
15416,occidentales,Westerners
15417,slim,slim
15418,pi,pi
15419,suspenso,suspense
15420,acercar,zoom in
15421,lizzy,lizzy
15422,contraria,contrary
15423,póngalo,put it on
15424,julián,Julian
15425,gritado,yelled
15426,metrópolis,metropolis
15427,jacqueline,Jacqueline
15428,disgusto,disgust
15429,nam,nam
15430,grietas,cracks
15431,explicárselo,explain it to him
15432,examinado,examined
15433,emisora,radio station
15434,bowl,bowl
15435,vidente,seer
15436,liado,tied
15437,vejiga,bladder
15438,fez,fez
15439,recordarás,you will remember
15440,arabia,Arabia
15441,definir,define
15442,alcohólica,alcoholic
15443,siervo,servant
15444,directorio,directory
15445,j.j.,j.j.
15446,pinche,lousy
15447,prométemelo,promise me
15448,sheppard,Sheppard
15449,luc,luc
15450,lorna,Lorna
15451,ahjussi,ahjussi
15452,guillermo,Guillermo
15453,death,death
15454,detuvimos,we stopped
15455,llevados,carried
15456,beberé,I will drink
15457,demuestran,demonstrate
15458,ki,ki
15459,pegues,glues
15460,tómatelo,Take it
15461,penitencia,penance
15462,separan,separate
15463,sunbae,sunbae
15464,anotado,noted
15465,civilizaciones,civilizations
15466,shea,shea
15467,supón,suppose
15468,giras,tours
15469,nacida,born
15470,foro,forum
15471,urgentemente,urgently
15472,jax,jax
15473,vaga,vagrant
15474,trescientos,three hundred
15475,divisiones,divisions
15476,trincheras,trenches
15477,orgánico,organic
15478,enamora,fall in love
15479,dedicar,devote
15480,deshecho,undone
15481,envuelta,wrapped
15482,cariñosa,affectionate
15483,principiante,beginner
15484,missouri,Missouri
15485,huerto,vegetable patch
15486,indemnización,compensation
15487,expuesta,exposed
15488,chili,chili
15489,tenian,they had
15490,redondo,round
15491,céntimo,penny
15492,retroceda,back
15493,ga,ga
15494,cuenten,tell
15495,fundido,molten
15496,cito,I quote
15497,anatomía,anatomy
15498,zelanda,New Zealand
15499,ruiz,Ruiz
15500,francotiradores,snipers
15501,bu,bu
15502,kensi,kensi
15503,luciano,Luciano
15504,advertir,warn
15505,regulares,regular
15506,capturados,captured
15507,via,via
15508,existo,I exist
15509,best,best
15510,retenido,detained
15511,destornillador,screwdriver
15512,relaja,relax
15513,prender,turn on
15514,imperdonable,unforgivable
15515,norton,Norton
15516,montreal,Montreal
15517,sobresaliente,outstanding
15518,jodió,screwed
15519,ketchup,ketchup
15520,united,united
15521,owens,Owens
15522,teatral,theatrical
15523,levantate,Get up
15524,donuts,donuts
15525,posponer,postpone
15526,desagüe,drain
15527,tirón,jerk
15528,gérmenes,germs
15529,entregando,delivering
15530,despertará,will awaken
15531,vermont,Vermont
15532,our,our
15533,comprarla,buy it
15534,mao,Mao
15535,juzgados,courts
15536,enteran,find out
15537,recogerla,pick it up
15538,conduje,I drove
15539,buceo,dive
15540,presione,press
15541,restricciones,restrictions
15542,sobrevivieron,survived
15543,irlandesa,Irish
15544,divorciados,divorced
15545,obediencia,obedience
15546,fracasar,fail
15547,pilló,rascal
15548,votado,voted
15549,tiraré,I'll throw
15550,jeeves,Jeeves
15551,anticipo,advance
15552,neville,Neville
15553,alza,rise
15554,poseo,I possess
15555,calavera,skull
15556,comunicar,communicate
15557,miremos,Let's look
15558,remotamente,remotely
15559,charlatán,charlatan
15560,gilmore,Gilmore
15561,viviendas,housing
15562,sable,saber
15563,caería,would fall
15564,heroico,heroic
15565,reliquia,relic
15566,preocupante,worrying
15567,llene,fill
15568,formalmente,formally
15569,suicidado,suicide
15570,leland,Leland
15571,medieval,medieval
15572,presas,dams
15573,cáscara,peel
15574,publica,publishes
15575,librarte,free yourself
15576,aburro,I'm bored
15577,fantastico,fantastic
15578,werner,werner
15579,preguntarse,wonder
15580,quebró,broke
15581,químicas,chemicals
15582,comprenda,understand
15583,faltado,missing
15584,servimos,we serve
15585,dejenme,Leave me
15586,arrancaré,I'll start
15587,mackenzie,Mackenzie
15588,vejez,old age
15589,pongámonos,Let's get started
15590,servía,served
15591,congregación,congregation
15592,escuchemos,Let's listen
15593,delicadeza,delicacy
15594,ruleta,roulette
15595,pervertidos,perverts
15596,enfada,angers
15597,galán,gallant
15598,adulterio,adultery
15599,unirá,will unite
15600,raciones,portions
15601,stiles,stiles
15602,enorgullece,proud
15603,secretamente,secretly
15604,contaría,would tell
15605,caminado,walked
15606,linus,Linus
15607,marruecos,Morocco
15608,sire,sire
15609,credenciales,credentials
15610,devolverá,will return
15611,solicitudes,applications
15612,anuario,yearbook
15613,mountain,mountain
15614,ajusta,adjust
15615,truenos,thunder
15616,limosna,alms
15617,informacion,information
15618,elliott,Elliott
15619,yanqui,Yankee
15620,auxilios,aid
15621,ginny,Ginny
15622,protectora,protective
15623,satisfechos,satisfied
15624,cajones,drawers
15625,destruiré,I will destroy
15626,seguirte,follow you
15627,pulgares,thumbs
15628,cometen,commit
15629,gabby,Gabby
15630,asesinadas,murdered
15631,calentando,warming up
15632,descubro,I discover
15633,escribirle,write to him
15634,gemidos,wailing
15635,cansa,tires
15636,caminé,I walked
15637,imaginen,imagine
15638,langostas,lobsters
15639,bangkok,Bangkok
15640,moya,Moya
15641,ganes,win
15642,consumir,consume
15643,perdía,lost
15644,fuisteis,you went
15645,pennsylvania,Pennsylvania
15646,grimm,grimm
15647,acérquese,come closer
15648,amara,amara
15649,timo,scam
15650,relacionadas,related
15651,interrogando,interrogating
15652,lograrás,you will achieve
15653,ilumina,illuminates
15654,tardan,they take
15655,podeis,you can
15656,tios,uncles
15657,golosinas,candies
15658,hostiles,hostile
15659,bad,bad
15660,disculpame,excuse me
15661,tang,tang
15662,comerlo,eat it
15663,condenar,condemn
15664,conseguirla,get it
15665,cookie,cookie
15666,candidata,candidate
15667,desapareciste,You disappeared
15668,felicia,Felicia
15669,combates,battles
15670,joderme,fuck me
15671,mostraba,showed
15672,quejo,I complain
15673,solares,solar
15674,reconocen,recognize
15675,ejemplos,examples
15676,cócteles,cocktails
15677,mildred,mildred
15678,mezquita,mosque
15679,limpiaré,I will clean
15680,disfrútalo,Enjoy it
15681,defunción,death
15682,torrente,torrent
15683,ceo,CEO
15684,perturbado,disturbed
15685,grial,grail
15686,cocineros,cooks
15687,presentas,you present
15688,anal,anal
15689,sentémonos,Let's sit down
15690,carroll,Carroll
15691,irrumpir,burst
15692,financiación,financing
15693,actúe,act
15694,caimán,caiman
15695,away,away
15696,derrick,derrick
15697,evie,evie
15698,quimioterapia,chemotherapy
15699,garra,claw
15700,pearson,Pearson
15701,panamá,Panama
15702,abrazarte,hug you
15703,diabólico,diabolical
15704,copiloto,co-pilot
15705,afeitado,shaving
15706,queman,burn
15707,conversando,conversing
15708,radiografía,radiography
15709,deborah,Deborah
15710,controlador,controller
15711,devoto,devotee
15712,lastimando,hurting
15713,gustes,you like
15714,reservación,reservation
15715,london,London
15716,insultado,insulted
15717,pasarela,gangway
15718,cuántica,quantum
15719,cain,Cain
15720,locke,Locke
15721,épocas,eras
15722,laden,laden
15723,biopsia,biopsy
15724,tremendamente,tremendously
15725,escribas,write
15726,remate,auction
15727,nacidos,born
15728,gigi,gigi
15729,modificar,modify
15730,duck,duck
15731,vikram,vikram
15732,apartar,set aside
15733,herirte,hurt you
15734,ahorcado,hanged man
15735,opone,opposes
15736,lárguese,Get out
15737,emerson,Emerson
15738,salem,Salem
15739,boba,silly
15740,cobran,they charge
15741,conozcamos,Let's get to know each other
15742,acabarán,will end
15743,hilary,Hilary
15744,crecieron,they grew
15745,lentos,slow
15746,discúlpate,apologize
15747,interrogarlo,question him
15748,bette,bette
15749,levi,Levi
15750,identificarlo,identify it
15751,louisa,Louisa
15752,apreciaría,I would appreciate it
15753,elisabeth,Elizabeth
15754,manto,mantle
15755,run,run
15756,intermediario,intermediary
15757,granuja,rascal
15758,estupida,stupid
15759,tumbado,lying down
15760,subtitle,subtitle
15761,melón,melon
15762,rembrandt,Rembrandt
15763,bloqueada,blocked
15764,torso,torso
15765,gaseosa,soda
15766,tarro,jar
15767,tesla,Tesla
15768,excepciones,exceptions
15769,invitarla,invite her
15770,heights,heights
15771,escenarios,scenarios
15772,racismo,racism
15773,abandonando,abandoning
15774,rice,rice
15775,clifford,Clifford
15776,campeona,champion
15777,hormiga,ant
15778,principe,prince
15779,muevanse,move
15780,fósforo,phosphorus
15781,lencería,lingerie
15782,llorado,cried
15783,bess,bess
15784,clubs,clubs
15785,sonya,Sonya
15786,desechos,waste
15787,libertades,freedoms
15788,casarías,would you marry
15789,pegan,stick
15790,extendido,extended
15791,naciera,was born
15792,abusos,abuses
15793,giorgio,Giorgio
15794,kappa,kappa
15795,drenaje,drainage
15796,navegando,browsing
15797,molestarse,trouble
15798,dimitri,Dimitri
15799,colgante,pendant
15800,penetrar,penetrate
15801,harlan,Harlan
15802,mazo,mallet
15803,dársela,give it to her
15804,page,page
15805,llevare,I will take
15806,presenciar,witness
15807,ex-esposa,ex-wife
15808,capullos,buds
15809,tao,CAT
15810,enfermas,sick
15811,descubrirá,will discover
15812,beban,drink
15813,preciado,valued
15814,presidentes,presidents
15815,rendirme,give up
15816,enfadados,angry
15817,macarrones,macaroni
15818,considerarlo,consider it
15819,rodríguez,Rodriguez
15820,honey,honey
15821,encargada,in charge
15822,irregular,irregular
15823,fargo,Fargo
15824,entregará,will deliver
15825,carguen,load
15826,hop,hop
15827,pararse,stop
15828,riggs,riggs
15829,dare,dare
15830,lyon,Lyon
15831,buffet,buffet
15832,islandia,Iceland
15833,cylon,Cylon
15834,representando,representing
15835,mostraste,you showed
15836,llamarías,would you call
15837,anuncia,announces
15838,descubierta,discovered
15839,confundir,confuse
15840,striptease,striptease
15841,usemos,Let's use
15842,chisme,gossip
15843,seguirle,follow him
15844,cacahuete,peanut
15845,solitarios,lonely
15846,magnitud,magnitude
15847,guardamos,we save
15848,defendido,defended
15849,hedor,stench
15850,emitido,issued
15851,duramente,harshly
15852,afirmación,affirmation
15853,entusiasmada,enthusiastic
15854,baldwin,Baldwin
15855,utilice,use
15856,idéntico,identical
15857,noticiero,news
15858,justine,Justine
15859,sonrió,She smiled
15860,sincronizado,synchronized
15861,reírte,laugh
15862,entregarlo,hand it over
15863,sonja,Sonja
15864,retaguardia,rear
15865,satisfactorio,satisfying
15866,crucé,crossing
15867,valentina,Valentina
15868,fang,fang
15869,mosquito,mosquito
15870,becker,Becker
15871,aprendas,learn
15872,reclutamiento,recruitment
15873,too,too
15874,pié,foot
15875,tóxicos,toxic
15876,discreta,discreet
15877,quemadura,burn
15878,inventaron,invented
15879,arzobispo,archbishop
15880,joanne,Joanne
15881,bajaron,they went down
15882,celo,zeal
15883,zhang,Zhang
15884,patea,kick
15885,cheyenne,Cheyenne
15886,compatible,compatible
15887,soplar,blow
15888,egipcio,Egyptian
15889,reportó,reported
15890,afilado,sharp
15891,forrest,Forrest
15892,tetera,kettle
15893,sensor,sensor
15894,delicia,delight
15895,strauss,Strauss
15896,reside,reside
15897,margie,Margie
15898,mesera,waitress
15899,autorizada,authorized
15900,trabajará,will work
15901,ovni,UFO
15902,weiss,weiss
15903,uhm,uhm
15904,carita,little face
15905,israelí,Israeli
15906,postres,desserts
15907,caigas,fall
15908,vence,defeats
15909,lean,lean
15910,relaciona,relate
15911,gatitos,kittens
15912,transportes,transportation
15913,bethany,Bethany
15914,botiquín,kit
15915,orgánica,organic
15916,animada,animated
15917,venia,permission
15918,sábana,sheet
15919,vegetariana,vegetarian
15920,peine,comb
15921,marchan,march
15922,singular,singular
15923,microscopio,microscope
15924,foreman,foreman
15925,transplante,transplant
15926,diviertes,you have fun
15927,salarios,wages
15928,ball,ball
15929,partimos,we depart
15930,danés,Danish
15931,arden,burn
15932,mercy,Mercy
15933,informaron,they reported
15934,arrugas,wrinkles
15935,externo,external
15936,informando,reporting
15937,saturación,saturation
15938,lisbon,Lisbon
15939,alexandra,Alexandra
15940,aclara,clarifies
15941,enterró,buried
15942,avisos,notices
15943,detienes,you stop
15944,lápida,stone
15945,tráigame,bring me
15946,holland,Holland
15947,detenerle,arrest him
15948,pilla,catch
15949,radicales,radicals
15950,intérprete,interpreter
15951,dorados,golden
15952,reunion,meeting
15953,marcada,marked
15954,guardarlo,save it
15955,stern,stern
15956,amateur,amateur
15957,dalek,Dalek
15958,diria,I would say
15959,infectada,infected
15960,manicura,manicure
15961,consultor,consultant
15962,mataba,killed
15963,hazla,Make it
15964,aceptando,accepting
15965,centrado,centered
15966,causada,caused
15967,jueguen,play
15968,asegurada,insured
15969,cúbreme,cover me
15970,detenlo,stop him
15971,actuaciones,actions
15972,deportiva,sports
15973,ctu,ctu
15974,arnie,Arnie
15975,mars,Mars
15976,sofisticada,sophisticated
15977,theodore,Theodore
15978,metimos,we put
15979,estudiaba,I was studying
15980,autobus,bus
15981,bajará,will go down
15982,estuvieses,you were
15983,lisiado,crippled
15984,camellos,camels
15985,semanal,weekly
15986,mari,Mari
15987,venenosa,poisonous
15988,curación,healing
15989,mencionas,you mention
15990,olimpiadas,Olympics
15991,cuídense,Take care
15992,hacés,you do
15993,sequía,drought
15994,sagrados,sacred
15995,cuerdo,sane
15996,excavación,excavation
15997,ascendido,promoted
15998,seguís,you continue
15999,webber,webber
16000,osa,bear
16001,loretta,Loretta
16002,animadoras,cheerleaders
16003,despertarse,wake up
16004,astrid,Astrid
16005,panecillos,bread rolls
16006,peliculas,movies
16007,monto,amount
16008,parará,will stop
16009,mero,mere
16010,pepinillos,pickles
16011,colectiva,collective
16012,usarlas,use them
16013,persistente,persistent
16014,incluyen,include
16015,aclarado,rinse
16016,been,been
16017,gustav,Gustav
16018,denegado,denied
16019,incisión,incision
16020,gokuh,Goku
16021,servida,served
16022,reclamo,claim
16023,fumado,smoked
16024,zoom,zoom
16025,lucharon,they fought
16026,benjamín,Benjamin
16027,computador,computer
16028,religiosas,religious
16029,aqu,here
16030,plantada,planted
16031,saunders,Saunders
16032,drogadictos,drug addicts
16033,encuéntrame,find me
16034,repleto,full
16035,engañaron,they deceived
16036,idiotez,idiocy
16037,atrasados,late
16038,consideramos,we consider
16039,describirlo,describe it
16040,charlando,chatting
16041,cantamos,we sing
16042,alimentarse,feed
16043,quemé,I burned
16044,oleg,oleg
16045,energías,energies
16046,buscara,would look
16047,indicaciones,instructions
16048,gótica,Gothic
16049,comienzos,beginnings
16050,buscará,will seek
16051,águilas,eagles
16052,beau,beautiful
16053,houdini,Houdini
16054,profesionalmente,professionally
16055,miraban,they were looking
16056,decreto,decree
16057,records,records
16058,horrores,horrors
16059,kayla,Kayla
16060,retrasada,delayed
16061,bachillerato,baccalaureate
16062,anima,anima
16063,estatales,state
16064,sacudir,shake
16065,desactivar,deactivate
16066,torpedo,torpedo
16067,plegaria,prayer
16068,compres,buy
16069,shanghai,Shanghai
16070,ignorantes,ignorant
16071,bass,bass
16072,radiografías,x-rays
16073,gilipolleces,nonsense
16074,darlo,give it
16075,zurdo,southpaw
16076,vello,hair
16077,liberados,released
16078,cumplen,They comply
16079,ahhh,ahhh
16080,gillian,gillian
16081,entrenadores,coaches
16082,marcia,Marcia
16083,largó,long
16084,mentía,He was lying
16085,milenio,millennium
16086,recluta,recruit
16087,volaron,they flew
16088,diplomática,diplomat
16089,consejeros,advisors
16090,agarraron,they grabbed
16091,uhh,uhh
16092,cardíaca,cardiac
16093,,
16094,edwin,Edwin
16095,engañe,deceive
16096,bautizo,christening
16097,réplica,replica
16098,pegaba,hit
16099,solomon,Solomon
16100,mugre,dirt
16101,adriana,Adriana
16102,janine,Janine
16103,katya,Katya
16104,respondiste,you answered
16105,suspendida,suspended
16106,cruzan,cross
16107,conduciré,I will drive
16108,necesitó,need
16109,aprenderá,will learn
16110,destreza,skill
16111,exactas,exact
16112,bendice,bless
16113,déle,give it to him
16114,patsy,Patsy
16115,lujoso,luxurious
16116,comino,cumin
16117,interrogación,question
16118,arriesga,risk
16119,sorprenderte,surprise
16120,inmobiliaria,real estate
16121,ghost,ghost
16122,cantaré,I will sing
16123,moléculas,molecules
16124,reality,reality
16125,insulina,insulin
16126,échame,throw me
16127,tratarse,to be about
16128,donas,donuts
16129,extrañamos,we miss
16130,merci,Thank you
16131,entretener,entertain
16132,donantes,donors
16133,infelices,unhappy people
16134,liderar,lead
16135,cogerme,grab me
16136,auténticos,authentic
16137,laurent,Laurent
16138,olvídese,forget it
16139,enfermar,get sick
16140,ceremonias,ceremonies
16141,trataban,they were trying
16142,interrumpiendo,interrupting
16143,deberemos,we will have to
16144,lynch,Lynch
16145,huyes,you flee
16146,howie,Howie
16147,censura,censorship
16148,horatio,Horatio
16149,genuino,genuine
16150,abstinencia,abstinence
16151,musa,muse
16152,atendiendo,attending
16153,emite,emits
16154,válido,valid
16155,lucien,Lucien
16156,solia,used to
16157,copenhague,Copenhagen
16158,proxeneta,procurer
16159,pacey,pacey
16160,sardinas,sardines
16161,aterradora,terrifying
16162,desierta,deserted
16163,comunidades,communities
16164,rocío,dew
16165,decorado,decorated
16166,hannibal,Hannibal
16167,gruesa,gross
16168,peluquero,hairdresser
16169,salado,salty
16170,parsons,Parsons
16171,intelectuales,intellectuals
16172,raquel,Raquel
16173,miligramos,milligrams
16174,allah,Allah
16175,ravi,ravi
16176,anulación,annulment
16177,some,some
16178,descendiente,descendant
16179,mezquino,mean
16180,décima,tenth
16181,estresada,stressed
16182,rindes,yields
16183,procurador,attorney
16184,delirando,delirious
16185,argo,argo
16186,apuntan,point
16187,pinchazo,prick
16188,gitana,gypsy
16189,everett,Everett
16190,reaccionó,reacted
16191,proximo,next
16192,escondiste,you hid
16193,bufón,jester
16194,discípulos,disciples
16195,responderé,I will answer
16196,descomposición,decomposition
16197,apuntó,pointed out
16198,abi,abi
16199,pradera,meadow
16200,separarse,separate
16201,diarias,daily
16202,pensilvania,Pennsylvania
16203,marfil,ivory
16204,cantado,sung
16205,encajan,fit
16206,transmitiendo,transmitting
16207,cesare,Caesar
16208,mude,mute
16209,madurez,maturity
16210,prometimos,we promised
16211,traducir,translate
16212,blindado,armored
16213,fundadores,founders
16214,contramaestre,boatswain
16215,cate,cate
16216,barrido,scanning
16217,tómame,take me
16218,tíralo,throw it away
16219,vestía,she was wearing
16220,estudias,you study
16221,ombligo,belly button
16222,pingüinos,penguins
16223,cm.,cm.
16224,alejó,moved away
16225,obtienen,they obtain
16226,bájalo,lower it
16227,rural,rural
16228,sanidad,health
16229,deliciosas,delicious
16230,vanguardia,vanguard
16231,jugadas,plays
16232,honda,sling
16233,repetición,repetition
16234,presentador,presenter
16235,permitía,allowed
16236,indicar,indicate
16237,egoístas,selfish
16238,wo,wo
16239,bajad,go down
16240,calcetín,sock
16241,liverpool,Liverpool
16242,bambú,bamboo
16243,extrañado,surprised
16244,nata,cream
16245,nupcial,bridal
16246,atrápalo,catch it
16247,disparamos,we shot
16248,latina,Latina
16249,marlene,Marlene
16250,poblado,populated
16251,norm,norm
16252,alcohólicos,alcoholics
16253,escandaloso,scandalous
16254,talón,bead
16255,marchamos,we march
16256,durado,lasted
16257,festejar,celebrate
16258,cuidaremos,we will take care
16259,limitaciones,limitations
16260,planeé,I planned
16261,cachondo,horny
16262,anunciado,announced
16263,cenado,dinner
16264,mutua,mutual
16265,poseen,possess
16266,devuélvemelo,Give it back to me
16267,organismos,organisms
16268,divertí,I had fun
16269,actrices,actresses
16270,vertedero,dump
16271,decidan,decide
16272,foso,pit
16273,complejos,complex
16274,capitalismo,capitalism
16275,mucama,maid
16276,portugués,Portuguese
16277,capitanes,captains
16278,sáquenme,get me out
16279,adecuados,suitable
16280,incomoda,uncomfortable
16281,aliviada,relieved
16282,eden,Eden
16283,pegajoso,clingy
16284,unicornio,unicorn
16285,encuéntralo,find it
16286,ponían,they put
16287,tiembla,trembles
16288,observe,observe
16289,rosquillas,doughnuts
16290,ucrania,Ukraine
16291,apareciera,appeared
16292,establos,stables
16293,lavo,I wash
16294,godfrey,Godfrey
16295,emil,Emil
16296,solidaridad,solidarity
16297,cláusula,clause
16298,maleducado,rude
16299,indefensa,defenseless
16300,terri,terri
16301,implante,implant
16302,netflix,Netflix
16303,ambiental,environmental
16304,reddington,reddington
16305,ordenaron,they ordered
16306,híbrido,hybrid
16307,mujeriego,womanizer
16308,game,game
16309,aprovechando,taking advantage
16310,aliens,aliens
16311,flotante,floating
16312,asusto,I'm scared
16313,suzy,Suzy
16314,dot,dot
16315,cordones,laces
16316,veríamos,we would see
16317,estableció,established
16318,berkeley,Berkeley
16319,ametralladoras,machine guns
16320,desempleo,unemployment
16321,apenado,sorry
16322,andes,Andes
16323,buckley,buckley
16324,azafata,stewardess
16325,suponga,suppose
16326,contarás,you will tell
16327,adolf,Adolf
16328,enfrentas,you face
16329,dejadlo,leave it alone
16330,astilla,sliver
16331,añadido,added
16332,abdominal,abdominal
16333,apunte,note
16334,tocara,would play
16335,garfio,hook
16336,erótico,erotic
16337,crujiente,crunchy
16338,africanos,Africans
16339,habérselo,to have it
16340,berry,berry
16341,bank,bank
16342,demo,demo
16343,probaste,did you try
16344,matemático,mathematical
16345,borgia,Borgia
16346,lávate,wash
16347,señala,points out
16348,fénix,phoenix
16349,calmarme,calm down
16350,luzco,I look
16351,hipnosis,hypnosis
16352,ramos,bouquets
16353,jacobs,Jacobs
16354,destrozando,destroying
16355,inspiró,inspired
16356,valiosos,valuable
16357,esconderlo,hide it
16358,tardarán,will take
16359,hades,Hades
16360,horroroso,horrifying
16361,retiren,withdraw
16362,comprará,will buy
16363,subid,climb
16364,gun,gun
16365,chat,chat
16366,poneos,put on
16367,chiquito,little one
16368,coronación,coronation
16369,cogerla,take it
16370,deshizo,undid
16371,discretamente,discreetly
16372,rugby,rugby
16373,banqueros,bankers
16374,sutura,suture
16375,picada,chopped
16376,limpiador,cleaner
16377,emmy,Emmy
16378,enviaría,would send
16379,varita,wand
16380,quitará,will remove
16381,ojeada,look
16382,dispárame,shoot me
16383,hello,hello
16384,llévanos,take us
16385,capacidades,capabilities
16386,homo,homo
16387,incendió,fire
16388,predecible,predictable
16389,completas,complete
16390,dinah,Dinah
16391,entregamos,we deliver
16392,entenderé,I will understand
16393,kimberly,Kimberly
16394,marlowe,Marlowe
16395,geografía,geography
16396,arreglarme,get ready
16397,convocado,summoned
16398,marks,marks
16399,organizada,organized
16400,chu,chu
16401,suzie,Suzie
16402,hervir,boil
16403,recibía,received
16404,franca,frank
16405,huérfana,orphan
16406,coulson,Coulson
16407,pronuncia,pronounces
16408,steph,Steph
16409,despídete,say goodbye
16410,bowie,bowie
16411,sabeis,you know
16412,descortés,blunt
16413,religiones,religions
16414,decidirlo,decide it
16415,cantera,quarry
16416,secciones,sections
16417,oxidado,rusty
16418,filmes,films
16419,solteras,single women
16420,compatriotas,compatriots
16421,cometieron,committed
16422,inspirador,inspiring
16423,charleston,Charleston
16424,pascal,pascal
16425,pantera,panther
16426,lili,lili
16427,instancia,instance
16428,avisé,I warned
16429,vengarte,avenge
16430,olerlo,smell it
16431,dominado,dominated
16432,involucrarme,get involved
16433,ataduras,ties
16434,hopper,hopper
16435,colmena,hive
16436,codos,elbows
16437,iniciación,initiation
16438,hostias,holy shit
16439,penales,criminal
16440,servirte,to serve you
16441,recuperaré,I will recover
16442,admirar,admire
16443,augusto,august
16444,hogan,Hogan
16445,fósforos,matches
16446,saludables,healthy
16447,mediterráneo,Mediterranean
16448,mayday,may Day
16449,tendre,I will have
16450,sombrío,gloomy
16451,acordarme,remember
16452,bancarias,banking
16453,herpes,herpes
16454,setas,mushrooms
16455,preparaos,get ready
16456,intentémoslo,Let's try it
16457,moho,mold
16458,josef,Josef
16459,vd,you
16460,perdoname,forgive me
16461,ko,ko
16462,camuflaje,camouflage
16463,numerosos,numerous
16464,expresa,expresses
16465,amorcito,sweetheart
16466,aprendo,I learn
16467,entrepierna,crotch
16468,halagado,flattered
16469,skye,skye
16470,ración,ration
16471,llenan,fill
16472,rolling,rolling
16473,untranslated,untranslated
16474,manipulado,manipulated
16475,auriculares,headphones
16476,asaltar,assault
16477,filtración,filtration
16478,land,land
16479,desapareciendo,disappearing
16480,urbana,urban
16481,avaricia,avarice
16482,llamare,I will call
16483,whitey,whitey
16484,cafetera,coffee maker
16485,cabezota,stubborn
16486,mariana,Mariana
16487,venderle,sell to
16488,steed,steed
16489,mátala,kill her
16490,myers,Myers
16491,provisional,provisional
16492,aislada,isolated
16493,aterrizado,landed
16494,incapaces,incapable
16495,durmiente,sleeping
16496,eficiencia,efficiency
16497,comadreja,weasel
16498,elevar,raise
16499,asno,ass
16500,pupilas,pupils
16501,ridge,ridge
16502,podes,you can
16503,avion,plane
16504,josephine,Josephine
16505,meterla,put it in
16506,lexi,lexi
16507,constructor,builder
16508,guarden,save
16509,them,them
16510,despidan,fire
16511,mussolini,Mussolini
16512,crónica,chronicle
16513,balanza,balance
16514,ofrecerles,offer them
16515,calzado,footwear
16516,vestimenta,outfit
16517,trasladar,move
16518,mitzvah,mitzvah
16519,despliegue,deployment
16520,ballard,Ballard
16521,identificaciones,identifications
16522,sonrían,smile
16523,apuntado,pointed
16524,destacamento,detachment
16525,situacion,situation
16526,natalia,Natalia
16527,despertando,waking up
16528,fracción,fraction
16529,cono,Pussy
16530,pitt,Pitt
16531,involucrar,involve
16532,vendida,sold
16533,itinerario,itinerary
16534,regresarán,they will return
16535,muéstranos,show us
16536,inventa,invents
16537,hydra,hydra
16538,empujen,push
16539,sentenciado,sentenced
16540,call,call
16541,casadas,married
16542,registra,registers
16543,modesta,modest
16544,kathryn,Kathryn
16545,ofreces,you offer
16546,terremotos,earthquakes
16547,aproveche,take advantage
16548,retirarte,withdraw
16549,puramente,purely
16550,belén,nativity scene
16551,apasionada,passionate
16552,wilfred,Wilfred
16553,discriminación,discrimination
16554,parcialmente,partially
16555,asiática,Asian
16556,bombilla,lightbulb
16557,méjico,Mexico
16558,western,western
16559,sacaría,I would take out
16560,murdock,Murdock
16561,rendirte,give up
16562,escaparme,escape
16563,educar,educate
16564,patrocinador,sponsor
16565,ouch,ouch
16566,graduó,graduated
16567,inténtelo,Try it
16568,fijas,fixed
16569,dictador,dictator
16570,oiste,you heard
16571,sandalias,sandals
16572,viruela,smallpox
16573,desviar,divert
16574,c.j.,c.j.
16575,pequeñita,tiny
16576,basados,based
16577,largarnos,leave
16578,designado,designated
16579,agricultores,farmers
16580,arrepientes,repent
16581,minerales,minerals
16582,mudaron,they moved
16583,ke,ke
16584,bazo,spleen
16585,ensueño,dream
16586,opinan,their opinion
16587,miniatura,miniature
16588,enfermizo,sickly
16589,tormento,torment
16590,actuamos,we act
16591,sobreviva,survive
16592,desempeño,performance
16593,deportivos,sports
16594,tirarte,throw yourself
16595,enseñanzas,teachings
16596,desarrolla,develops
16597,bryant,Bryant
16598,controlarme,control myself
16599,granger,granger
16600,creados,created
16601,slade,slade
16602,bollo,bun
16603,especulación,speculation
16604,cuidador,carer
16605,resuelva,resolve
16606,estribos,stirrups
16607,opuestos,opposites
16608,wolfe,wolfe
16609,revisarlo,check it
16610,heavy,heavy
16611,empaca,pack
16612,particulares,private individuals
16613,rip,RIP
16614,ósea,I mean
16615,ka,ka
16616,mitología,mythology
16617,hmmm,hmmm
16618,dones,gifts
16619,conteo,count
16620,sustituir,replace
16621,escalada,escalation
16622,enterará,will find out
16623,galones,gallons
16624,galletitas,cookies
16625,dijese,said
16626,temporales,temporary
16627,ases,aces
16628,apéndice,appendix
16629,j.t.,j.t.
16630,divierten,have fun
16631,comprometer,engage
16632,insomnio,insomnia
16633,cianuro,cyanide
16634,ansias,longings
16635,juras,swear
16636,enterrarlo,bury it
16637,serle,to be
16638,preguntará,will ask
16639,dejeme,leave me
16640,norteamericana,North American
16641,montó,amount
16642,boulevard,boulevard
16643,taj,taj
16644,averigüé,I found out
16645,batir,break
16646,bese,kiss
16647,conductos,ducts
16648,femeninas,female
16649,trivial,trivial
16650,duendes,goblins
16651,calmada,calm
16652,esplendor,splendor
16653,idénticos,identical
16654,programar,program
16655,recordamos,we remember
16656,ikerslot,ikerslot
16657,háblale,talk to him
16658,superó,surpassed
16659,tapas,lids
16660,cogerte,to grab you
16661,dance,dance
16662,venado,deer
16663,guido,Guido
16664,aeryn,aeryn
16665,productora,production company
16666,explotación,exploitation
16667,resolverá,will resolve
16668,golpearé,I will hit
16669,cacahuetes,peanuts
16670,fiera,wild beast
16671,algoritmo,algorithm
16672,disculpad,excuse me
16673,tripp,tripp
16674,masticar,chew
16675,preocupó,worried
16676,llevaras,you will wear
16677,échate,lie down
16678,arruinará,will ruin
16679,despertador,alarm clock
16680,jovencitas,young girls
16681,atenta,attentive
16682,cubra,cover
16683,montada,mounted
16684,ahoga,drowns
16685,prendas,garments
16686,autores,authors
16687,abandonen,abandon
16688,elisa,Elisa
16689,escrúpulos,scruples
16690,tuberculosis,tuberculosis
16691,traerán,they will bring
16692,enloquecido,driven mad
16693,convulsiones,seizures
16694,rusas,Russians
16695,ocultó,hidden
16696,preparas,you prepare
16697,arréglalo,fix it
16698,riker,Riker
16699,accedido,accessed
16700,uci,ICU
16701,determinada,determined
16702,interponga,interpose
16703,inmortales,immortals
16704,heart,heart
16705,escapatoria,escape
16706,muchachito,little boy
16707,dyson,Dyson
16708,fabricación,manufacturing
16709,sepárense,separate
16710,actúes,act
16711,tocaron,they played
16712,proporciona,provides
16713,aros,hoops
16714,soul,soul
16715,inspeccionar,inspect
16716,parió,gave birth
16717,destinos,destinations
16718,delató,betrayed
16719,numerosas,numerous
16720,congo,Congo
16721,persiguió,pursued
16722,sueñas,you dream
16723,trabajemos,Let's work
16724,rosen,rosen
16725,comenzaba,it was beginning
16726,misteriosas,mysterious
16727,precedente,preceding
16728,moriste,You died
16729,pararte,stop
16730,alimentado,fed
16731,cogimos,we took
16732,guiso,stew
16733,daly,daly
16734,llévatela,Take it
16735,controle,control
16736,arrepentir,repent
16737,fastidiado,annoyed
16738,viudas,widows
16739,presenten,present
16740,embrujada,haunted
16741,unes,ones
16742,convertirás,you will become
16743,eugenio,Eugenio
16744,iluminado,illuminated
16745,apruebo,I approve
16746,existían,there existed
16747,ayudarías,would you help
16748,chuletas,chops
16749,discutas,discuss
16750,harté,I got fed up
16751,arenas,sands
16752,gel,gel
16753,latir,beat
16754,yen,yen
16755,perseguía,pursued
16756,enloquece,goes crazy
16757,israelíes,Israelis
16758,ofrecerme,offer me
16759,mejorará,will improve
16760,last,last
16761,inmersión,immersion
16762,buscados,wanted
16763,giuseppe,Giuseppe
16764,jabalí,wild boar
16765,nashville,Nashville
16766,comerás,you will eat
16767,enfade,anger
16768,kel,kel
16769,diciéndote,telling you
16770,ahorita,right now
16771,dormirás,you will sleep
16772,cristianismo,Christianity
16773,utilizamos,we use
16774,relajada,relaxed
16775,ocupan,occupy
16776,destello,flash
16777,cuidó,took care
16778,evangelio,gospel
16779,much,much
16780,regresaría,would return
16781,janie,Janie
16782,refuerzo,booster
16783,banquillo,dock
16784,dirk,Dirk
16785,rito,rite
16786,malta,Malta
16787,swing,swing
16788,nicolas,Nicolas
16789,lóbulo,lobe
16790,mulas,mules
16791,two,two
16792,royce,Royce
16793,picos,peaks
16794,descender,descend
16795,instantánea,snapshot
16796,aj,aj
16797,jethro,Jethro
16798,crecerá,will grow
16799,pasábamos,we were passing
16800,casemos,Let's get married
16801,guarnición,garrison
16802,válida,valid
16803,tapar,cover
16804,chances,chances
16805,descaro,nerve
16806,trixie,Trixie
16807,convenciste,you convinced
16808,doméstico,domestic
16809,devlin,devlin
16810,gurú,guru
16811,apoyando,supporting
16812,hubert,Hubert
16813,reunieron,they met
16814,andrei,Andrei
16815,entidad,entity
16816,seras,you will be
16817,marionetas,puppets
16818,aislados,isolated
16819,valdría,would be worth
16820,retorcida,twisted
16821,analgésicos,analgesics
16822,fracasó,failure
16823,hectáreas,hectares
16824,capó,hood
16825,jeringa,syringe
16826,fabio,Fabio
16827,servilletas,napkins
16828,pediremos,we will ask
16829,responderá,will respond
16830,parking,parking
16831,cártel,sign
16832,androide,android
16833,serviré,I will serve
16834,despedí,I said goodbye
16835,merche,Merche
16836,borrachera,drunkenness
16837,aspirar,aspire
16838,razonamiento,reasoning
16839,lamentas,regrets
16840,necio,foolish
16841,apelar,appeal
16842,memorable,memorable
16843,seal,signal
16844,veranos,summers
16845,muéstreme,show me
16846,urna,urn
16847,lisboa,Lisbon
16848,andie,Andie
16849,ami,me
16850,coquetear,flirt
16851,della,of the
16852,habitualmente,usually
16853,extraordinarias,extraordinary
16854,tírala,throw it away
16855,novena,novena
16856,profetas,prophets
16857,represalias,retaliation
16858,obligan,force
16859,ocuparnos,take care of
16860,tamara,Tamara
16861,súbditos,subjects
16862,fijé,I fixed
16863,vere,I will see
16864,odiarme,hate me
16865,estaras,you will be
16866,hippies,hippies
16867,disparate,folly
16868,plató,dish
16869,huck,Huck
16870,aneurisma,aneurysm
16871,jubilado,retired
16872,alégrate,rejoice
16873,resultan,result
16874,buscarnos,look for us
16875,kimmy,Kimmy
16876,clientela,clientele
16877,chaplin,Chaplin
16878,thorne,Thorne
16879,alquiló,rented
16880,dijeran,they said
16881,persianas,blinds
16882,viable,viable
16883,rogando,begging
16884,obtuvimos,we obtained
16885,quimio,chemo
16886,angelito,little angel
16887,compruébalo,Check it out
16888,què,that
16889,meñique,little finger
16890,angelina,Angelina
16891,memo,memo
16892,pegarte,stick to you
16893,qué-,that-
16894,dúo,duo
16895,echaría,would throw
16896,modernas,modern
16897,preguntaría,I would ask
16898,regiones,regions
16899,buenísima,excellent
16900,cerezas,cherries
16901,corporativo,corporate
16902,cómprate,buy yourself
16903,barker,Barker
16904,saddam,Saddam
16905,braun,Braun
16906,retiene,retains
16907,llorón,weeping
16908,distracciones,distractions
16909,sobreviven,survive
16910,newport,Newport
16911,manejaba,was driving
16912,misericordioso,merciful
16913,chiflados,crazy
16914,fuere,it was
16915,llueva,rain
16916,impresionó,impressed
16917,compara,compare
16918,golpéame,hit me
16919,caldwell,Caldwell
16920,fa,fa
16921,solito,all by myself
16922,emails,emails
16923,proteína,protein
16924,sellar,seal
16925,rayna,Rayna
16926,vicente,Vicente
16927,tori,Tori
16928,contundente,overwhelming
16929,vivías,you lived
16930,davies,davies
16931,mostrarnos,show us
16932,averigüemos,Let's find out
16933,tree,tree
16934,tratada,treated
16935,closet,closet
16936,podrian,could
16937,formen,form
16938,compraba,bought
16939,sobrevivimos,We survived
16940,creyentes,believers
16941,pedírselo,ask him/her
16942,cerraré,I will close
16943,vivientes,living
16944,jalea,jelly
16945,intoxicación,poisoning
16946,jaulas,cages
16947,berta,Bertha
16948,dominique,Dominique
16949,bellezas,beauties
16950,abad,abbot
16951,conlleva,entails
16952,louisiana,Louisiana
16953,elenco,cast
16954,horriblemente,horribly
16955,canoa,canoe
16956,dragon,dragon
16957,esperaste,you waited
16958,deshonra,dishonor
16959,marnie,Marnie
16960,solicitando,requesting
16961,mensual,monthly
16962,subirse,get on
16963,levantan,they lift
16964,ambulante,walking
16965,positivos,positive
16966,hinchado,swollen
16967,prematuro,premature
16968,ocupamos,we occupy
16969,románticas,romantic
16970,condenas,convictions
16971,olvidaremos,we will forget
16972,vuelen,fly
16973,moro,Moor
16974,lucia,Lucia
16975,cuidad,city
16976,contusión,contusion
16977,pol,pol
16978,echarán,they will throw
16979,camareros,waiters
16980,august,August
16981,sermones,sermons
16982,acercado,approached
16983,fontanero,plumber
16984,lem,lem
16985,tostado,toasted
16986,antorchas,torches
16987,gambas,prawns
16988,testimonios,testimonies
16989,jerez,sherry
16990,auschwitz,Auschwitz
16991,molecular,molecular
16992,estática,static
16993,lucrecia,Lucrecia
16994,desmayo,fainting
16995,hungría,Hungary
16996,oliendo,smelling
16997,renovar,renew
16998,fugaz,fleeting
16999,lonnie,Lonnie
17000,acostaba,lay
17001,powers,powers
17002,actué,I acted
17003,fatiga,fatigue
17004,dax,dax
17005,detendremos,we will stop
17006,hansen,Hansen
17007,acusarme,accuse me
17008,mattie,Mattie
17009,hamburgo,Hamburg
17010,quejando,complaining
17011,destruyen,destroy
17012,fantásticas,fantastic
17013,carguero,cargo ship
17014,citado,aforementioned
17015,explotará,will explode
17016,perdi,I lost
17017,salvados,saved
17018,tratarlo,treat it
17019,sucursal,branch
17020,callo,callus
17021,impulsivo,impulsive
17022,imponer,impose
17023,explicará,will explain
17024,cerrojo,bolt
17025,inclina,tilts
17026,componente,component
17027,compartimento,compartment
17028,inventor,inventor
17029,filipinas,Philippines
17030,sodio,sodium
17031,adquisición,acquisition
17032,dibujando,drawing
17033,guiones,scripts
17034,razonables,reasonable
17035,lamer,lick
17036,sagradas,sacred
17037,perteneció,belonged
17038,quebrar,break
17039,sacude,shakes
17040,tiranía,tyranny
17041,relacion,relationship
17042,platillo,saucer
17043,gale,gale
17044,cubren,cover
17045,cenicero,ashtray
17046,annette,Annette
17047,complacido,pleased
17048,hostilidad,hostility
17049,ignorado,ignored
17050,would,would
17051,contracciones,contractions
17052,comunicarnos,communicate
17053,exito,success
17054,relevo,relief
17055,hut,hut
17056,comics,comics
17057,muchísima,a lot
17058,desertor,deserter
17059,coloque,place
17060,trepar,climb
17061,empresarios,businessmen
17062,summers,summers
17063,enfadó,anger
17064,sólo-,only-
17065,prodigio,prodigy
17066,exótico,exotic
17067,tendió,he stretched
17068,harmon,harmon
17069,confirman,confirm
17070,feng,feng
17071,bigotes,whiskers
17072,gigantesco,gigantic
17073,arbol,tree
17074,diminuto,tiny
17075,wa,wa
17076,rivers,rivers
17077,amiguita,girlfriend
17078,acostumbra,usually
17079,diviertan,have fun
17080,enterraron,they buried
17081,puertos,ports
17082,give,give
17083,winters,winters
17084,preciosidad,preciousness
17085,queme,burn
17086,cecil,Cecil
17087,torturar,torture
17088,habana,Havana
17089,logo,logo
17090,alí,Ali
17091,excéntrico,eccentric
17092,reclama,claims
17093,circulo,circle
17094,pantallas,screens
17095,salíamos,we went out
17096,pc,PC
17097,volará,will fly
17098,títere,puppet
17099,nebraska,Nebraska
17100,explotado,exploited
17101,despedidos,fired
17102,nativo,native
17103,ultimos,last
17104,cerda,sow
17105,prescott,Prescott
17106,descuido,neglect
17107,did,did
17108,optimismo,optimism
17109,cure,cure
17110,psicótico,psychotic
17111,yoko,Yoko
17112,rector,rector
17113,preferimos,we prefer
17114,practicado,practiced
17115,malaria,malaria
17116,salvas,salvos
17117,combatientes,combatants
17118,maneje,drive
17119,cuidan,take care
17120,reunirá,will meet
17121,ovnis,UFOs
17122,bombones,chocolates
17123,comprobaré,I will check
17124,adhesiva,adhesive
17125,estables,stable
17126,lucharé,I will fight
17127,finlandia,Finland
17128,tomare,I will take
17129,ciudadana,citizen
17130,aceitunas,olives
17131,enteramente,entirely
17132,cubriré,I will cover
17133,desordenado,messy
17134,bacteria,bacterium
17135,dona,dona
17136,fastidiar,annoy
17137,tejas,roof tiles
17138,debut,debut
17139,saga,saga
17140,asaltos,assaults
17141,head,head
17142,decíamos,we were saying
17143,voladores,flying
17144,cortadas,cuts
17145,superestrella,superstar
17146,rohan,Rohan
17147,collier,collar
17148,vigilen,keep watch
17149,odioso,hateful
17150,apagada,turned off
17151,abriremos,we will open
17152,alimenticia,food
17153,holograma,hologram
17154,elite,elite
17155,main,main
17156,edades,ages
17157,gorilas,gorillas
17158,shepard,shepherd
17159,llévese,take it
17160,llamame,call me
17161,distinción,distinction
17162,cumpliré,I will fulfill
17163,alimentando,feeding
17164,espiritu,spirit
17165,rastreado,tracked
17166,pasiones,passions
17167,audiencias,audiences
17168,heredado,inherited
17169,plomero,plumber
17170,biografía,biography
17171,usadas,used
17172,loción,lotion
17173,callarse,shut up
17174,lux,lux
17175,notario,notary
17176,odié,I hated
17177,agradecerme,thank me
17178,afectan,affect
17179,caminó,path
17180,llévale,Take him
17181,medusa,jellyfish
17182,had,had
17183,devolví,I returned
17184,fay,fay
17185,agradan,please
17186,recrear,recreate
17187,juntamos,we join
17188,falte,missing
17189,encargas,orders
17190,escondo,I hide
17191,apartaos,step aside
17192,roth,Roth
17193,canallas,scoundrels
17194,paleta,pallette
17195,gueto,ghetto
17196,intentabas,you were trying
17197,jugábamos,we played
17198,observaciones,observations
17199,característica,feature
17200,pedacitos,little pieces
17201,utilizarlo,use it
17202,hampshire,Hampshire
17203,telas,fabrics
17204,sindicatos,unions
17205,barrer,sweep
17206,mouse,mouse
17207,alegras,you are happy
17208,mmmm,mmm
17209,alfabeto,alphabet
17210,traumatismo,trauma
17211,culpando,blaming
17212,perderán,they will lose
17213,pepino,cucumber
17214,procesado,processed
17215,mentón,chin
17216,conjetura,guess
17217,candace,Candace
17218,atraparme,catch me
17219,tomarle,take it
17220,disfrutes,Enjoy
17221,superstición,superstition
17222,vigilan,they watch
17223,enzo,Enzo
17224,inversa,reverse
17225,atraída,attracted
17226,viral,viral
17227,vendería,would sell
17228,sahib,sahib
17229,propietaria,owner
17230,leucemia,leukemia
17231,puñetazos,punching
17232,concluir,conclude
17233,unimos,we unite
17234,actúo,I act
17235,alucinación,hallucination
17236,mencione,mention
17237,traductor,translator
17238,borroso,blurred
17239,sonará,will sound
17240,pertenecemos,we belong
17241,ducharme,take a shower
17242,extremidades,limbs
17243,denunciado,denounced
17244,platino,platinum
17245,desciende,descends
17246,huiste,you fled
17247,mendoza,Mendoza
17248,anya,Anya
17249,descrito,described
17250,vomitó,vomit
17251,recomienda,recommends
17252,difunta,deceased
17253,mírenme,Look at me
17254,inmaduro,immature
17255,buscaron,they searched
17256,rollins,Rollins
17257,only,only
17258,stig,stig
17259,waters,waters
17260,litera,bunk
17261,karev,Karev
17262,pateando,kicking
17263,escapamos,we escaped
17264,editora,editor
17265,necesité,I needed
17266,contemplar,contemplate
17267,propuestas,proposals
17268,isis,Isis
17269,robaba,he stole
17270,fotógrafos,photographers
17271,lucharemos,we will fight
17272,amargado,embittered
17273,jerga,jargon
17274,seleccionado,selected
17275,rindió,surrendered
17276,lei,read
17277,dash,dash
17278,afectados,affected
17279,strange,strange
17280,full,full
17281,averiguamos,we found out
17282,marcando,marking
17283,detengo,I stop
17284,rígido,rigid
17285,cactus,cactus
17286,mostramos,we show
17287,mercer,mercer
17288,agatha,Agatha
17289,huí,I fled
17290,odies,hate
17291,imaginarse,imagine
17292,yong,young
17293,disculpar,excuse
17294,sencillas,simple
17295,habian,there were
17296,despedirnos,say goodbye
17297,céntimos,cents
17298,distraída,distracted
17299,revisó,reviewed
17300,jardinería,gardening
17301,cremallera,zipper
17302,reportado,reported
17303,portón,gate
17304,empujes,pushes
17305,ye,ye
17306,xiao,xiao
17307,ringo,ringo
17308,aquiles,Achilles
17309,provienen,come from
17310,viajaba,traveled
17311,callejera,street
17312,esposado,handcuffed
17313,morning,morning
17314,amenazada,threatened
17315,bernadette,Bernadette
17316,colón,colon
17317,dobbs,dobbs
17318,informático,computer
17319,simio,ape
17320,aduanas,customs
17321,escapo,I escape
17322,exhausta,exhausted
17323,congelando,freezing
17324,historietas,comics
17325,veinticuatro,twenty-four
17326,inclinación,inclination
17327,rastrearlo,track it
17328,parvati,parvati
17329,renuncie,resign
17330,parecia,it seemed
17331,utilizada,used
17332,reconozca,recognize
17333,pastelito,cupcake
17334,impedirlo,prevent it
17335,capellán,chaplain
17336,capítulos,chapters
17337,walden,walden
17338,sobornar,bribe
17339,enfrentarlo,face it
17340,3d,3D
17341,limpié,I cleaned
17342,crosby,Crosby
17343,canadienses,Canadians
17344,bananas,bananas
17345,bautismo,baptism
17346,gradualmente,gradually
17347,produciendo,producing
17348,mantenme,keep me
17349,magnifico,magnificent
17350,preparaba,was preparing
17351,expulsados,expelled
17352,consideraría,would consider
17353,surgir,emerge
17354,bubba,Bubba
17355,arrastre,drag
17356,chequear,check
17357,admira,admire
17358,gustabas,you liked
17359,multimillonario,multimillionaire
17360,proveedores,suppliers
17361,reemplazado,replaced
17362,budapest,Budapest
17363,lt,lt
17364,paneles,panels
17365,forbes,Forbes
17366,enseñaba,taught
17367,barrow,Barrow
17368,exactitud,accuracy
17369,duane,Duane
17370,apoyarte,to support you
17371,dougie,dougie
17372,elias,Elias
17373,ruda,rue
17374,juzgues,judge
17375,francesco,Francesco
17376,degenerado,degenerate
17377,antemano,beforehand
17378,metanfetamina,methamphetamine
17379,plantó,planted
17380,notará,will notice
17381,salomón,Solomon
17382,concursantes,contestants
17383,conviertas,convert
17384,aspirinas,aspirin
17385,titus,Titus
17386,lavarse,wash
17387,tracción,traction
17388,lanzaron,launched
17389,ducky,ducky
17390,sácate,take it out
17391,watts,watts
17392,interpreta,interprets
17393,gianni,Gianni
17394,sensata,sensible
17395,trinidad,trinity
17396,live,live
17397,adquirido,acquired
17398,cosechas,harvests
17399,maxine,maxine
17400,conjuro,incantation
17401,tonos,tones
17402,beatriz,Beatriz
17403,masajista,masseuse
17404,azufre,sulfur
17405,fanática,fanatic
17406,cuidara,would take care
17407,unni,unni
17408,senadores,senators
17409,abraza,hugs
17410,jeremiah,Jeremiah
17411,catering,catering
17412,cobardía,cowardice
17413,boss,boss
17414,australiano,Australian
17415,capitulo,chapter
17416,tendria,would have
17417,congelar,freeze
17418,manana,tomorrow
17419,citar,cite
17420,paremos,Let's stop
17421,nombró,named
17422,nodriza,nurse
17423,grissom,grissom
17424,arriesgaré,I will risk
17425,costaba,it cost
17426,retomar,resume
17427,burles,mocking
17428,mirabas,you were looking
17429,arreglarse,get ready
17430,sugerí,I suggested
17431,pensaremos,we will think
17432,seriedad,seriousness
17433,alo,Hello
17434,cortarlo,cut it
17435,sex,sex
17436,sudeste,southeast
17437,swan,swan
17438,indecente,indecent
17439,prueban,test
17440,kip,kip
17441,quedaros,stay
17442,oasis,oasis
17443,resucitar,resurrect
17444,liberales,liberals
17445,dino,dinosaur
17446,apoye,support
17447,chorradas,nonsense
17448,simios,apes
17449,cuarteles,quarters
17450,farrell,Farrell
17451,marlon,Marlon
17452,pedófilo,pedophile
17453,colegios,schools
17454,capturaron,captured
17455,desperdiciando,wasting
17456,espinal,spinal
17457,adaptación,adaptation
17458,expiatorio,expiatory
17459,mein,mein
17460,apoyarme,support me
17461,tin,tin
17462,venenoso,poisonous
17463,cromwell,Cromwell
17464,ahogo,drowning
17465,gritarme,yell at me
17466,convencidos,convinced
17467,contaminado,contaminated
17468,dimisión,resignation
17469,confidente,confident
17470,semejantes,similar
17471,explicando,explaining
17472,shi,shi
17473,michaels,Michaels
17474,cosmo,cosmo
17475,haceros,make yourselves
17476,resultaron,they turned out
17477,permitirte,allow you
17478,monique,Monique
17479,barbaridad,barbarity
17480,permitan,allow
17481,comandos,commands
17482,contusiones,bruises
17483,candice,Candice
17484,planet,planet
17485,ríete,laugh
17486,consiguiera,I would get
17487,yuki,Yuki
17488,cirugías,surgeries
17489,oirá,will hear
17490,manifestantes,protesters
17491,lenin,Lenin
17492,incapacidad,inability
17493,cresta,crest
17494,palace,palace
17495,niki,niki
17496,engaños,wiles
17497,resolvió,resolved
17498,psiquiátrica,psychiatric
17499,homosexualidad,homosexuality
17500,cabaret,cabaret
17501,johann,Johann
17502,retírate,withdraw
17503,plátanos,bananas
17504,vagones,train cars
17505,cumplimiento,compliance
17506,basicamente,basically
17507,ata,ata
17508,silva,Silva
17509,wilkes,Wilkes
17510,resentimientos,resentments
17511,going,going
17512,pantanos,swamps
17513,asteroides,asteroids
17514,rompería,would break
17515,comprenderá,will understand
17516,preferencia,preference
17517,yogurt,yogurt
17518,desconectar,disconnect
17519,indispensable,indispensable
17520,n.,n.
17521,intravenosa,intravenous
17522,colocada,placed
17523,llamarnos,call us
17524,matemos,Let's kill
17525,juraría,I would swear
17526,deténganlo,Stop him
17527,exagerar,exaggerate
17528,incrustar,embed
17529,ignoro,I don't know
17530,ascensores,elevators
17531,sublime,sublime
17532,starbuck,Starbucks
17533,anarquía,anarchy
17534,ridículos,ridiculous
17535,sacara,would take out
17536,proveer,provide
17537,nombra,name
17538,amir,amir
17539,recibirme,receive me
17540,mort,death
17541,salirte,leave
17542,prescindir,dispense with
17543,abandonan,abandon
17544,enviarla,send it
17545,radha,Radha
17546,temible,fearsome
17547,enteraron,they found out
17548,horn,horn
17549,preguntábamos,we were asking
17550,insegura,insecure
17551,were,were
17552,solemne,solemn
17553,supuesta,alleged
17554,africana,African
17555,abed,abed
17556,admiradora,admirer
17557,queres,you want
17558,trabajarás,you will work
17559,adolescencia,adolescence
17560,mercancías,goods
17561,fragancia,fragrance
17562,llamándome,calling me
17563,supervisar,supervise
17564,cruzadas,crusades
17565,columbo,Colombo
17566,extranjeras,foreigners
17567,negarse,decline
17568,descubres,you discover
17569,wild,wild
17570,bear,bear
17571,quítatelo,Take it off
17572,gunnar,Gunnar
17573,mitos,myths
17574,histeria,hysteria
17575,engañarte,deceive you
17576,encontradas,found
17577,monitores,monitors
17578,fotografiar,photograph
17579,adorar,worship
17580,parezcan,look
17581,noé,Noah
17582,desconocidas,unknown
17583,subestimes,underestimate
17584,recuperé,I recovered
17585,considerados,considered
17586,subirme,get on
17587,aprovechó,took advantage
17588,guías,guides
17589,equipado,equipped
17590,reímos,we laughed
17591,cubrió,covered
17592,ne,ne
17593,invitan,invite
17594,xix,19
17595,tórax,chest
17596,pelvis,pelvis
17597,mã,mã
17598,estilos,styles
17599,detuviste,you stopped
17600,guitarrista,guitarist
17601,astucia,cunning
17602,usuarios,users
17603,reproductor,reproductive
17604,lomo,back
17605,could,could
17606,sobres,envelopes
17607,orillas,shores
17608,separó,separated
17609,digame,tell me
17610,vitamina,vitamin
17611,invitaré,I will invite
17612,limite,limit
17613,restringida,restricted
17614,tuvok,tuvok
17615,abandonas,you abandon
17616,llevarías,you would wear
17617,huyen,flee
17618,intersección,intersection
17619,ajay,ajay
17620,visten,they wear
17621,russo,Russian
17622,líquidos,liquids
17623,complica,complica
17624,atractivos,attractive
17625,prime,prime
17626,diesel,diesel
17627,empatía,empathy
17628,firmaste,you signed
17629,disfrutan,enjoy
17630,unieron,joined
17631,contacta,contact
17632,ju,ju
17633,dejarlas,leave them
17634,proporción,proportion
17635,buchanan,Buchanan
17636,animo,cheer up
17637,vínculos,links
17638,mortimer,Mortimer
17639,delirio,delirium
17640,económicos,economic
17641,escaparte,escape
17642,indiferencia,indifference
17643,cambiaremos,we will change
17644,besarla,kiss her
17645,cancer,cancer
17646,opongo,I oppose
17647,transacciones,transactions
17648,probarla,try it
17649,callahan,Callahan
17650,cámbiate,switch
17651,amorío,love affair
17652,sweeney,Sweeney
17653,chinas,Chinese
17654,buscándola,looking for her
17655,mirándote,looking at you
17656,borró,erased
17657,palestinos,Palestinians
17658,búscalo,look for it
17659,muestres,samples
17660,recien,newly
17661,sorprenda,surprise
17662,vibración,vibration
17663,renovación,renewal
17664,dharma,dharma
17665,idaho,Idaho
17666,pisadas,footprints
17667,cancelada,cancelled
17668,wars,wars
17669,salvaré,I will save
17670,jóven,young
17671,levántalo,pick it up
17672,premeditado,premeditated
17673,intrigante,intriguing
17674,promover,promote
17675,construyen,build
17676,faye,Faye
17677,satisface,satisfies
17678,suicidios,suicides
17679,civilizada,civilized
17680,whitman,Whitman
17681,preocúpate,worry
17682,aterrado,terrified
17683,corinne,Corinne
17684,darling,darling
17685,inflamación,inflammation
17686,creeré,I will believe
17687,aislar,isolate
17688,sudadera,hoodie
17689,sueñes,dream
17690,atropello,hit-and-run
17691,hip-hop,hip-hop
17692,asegurarle,assure him
17693,levantaste,you got up
17694,sádico,sadistic
17695,mudas,changes
17696,cachorrito,puppy
17697,ponerlas,put them
17698,salven,save
17699,acelerado,accelerated
17700,pera,pear
17701,lineas,lines
17702,enteren,find out
17703,juntan,they join
17704,nocturnas,night shifts
17705,andá,go
17706,componer,compose
17707,pinza,clamp
17708,curó,cured
17709,jodidas,fucked up
17710,localizador,locator
17711,penélope,Penelope
17712,enterramos,we buried
17713,buscábamos,we were looking
17714,enterara,found out
17715,field,field
17716,tardé,late
17717,vigor,vigor
17718,ganemos,Let's win
17719,saluden,greetings
17720,bunker,bunker
17721,déjennos,leave us
17722,museos,museums
17723,cuotas,fees
17724,bañarse,take a bath
17725,tirarse,throw
17726,palco,box
17727,colon,colon
17728,axel,Axel
17729,lao,lao
17730,andamos,we walk
17731,benito,Benedict
17732,comportan,behave
17733,alianzas,alliances
17734,fumaba,smoked
17735,bailaba,danced
17736,larson,Larson
17737,enciendan,turn on
17738,walters,Walters
17739,bandos,factions
17740,oregon,Oregon
17741,envenenó,poisoned
17742,fischer,Fischer
17743,disminuye,decreases
17744,cutter,cutter
17745,maniquí,manikin
17746,distraer,distract
17747,alfie,Alfie
17748,play,play
17749,dron,drone
17750,significativa,significant
17751,nenas,girls
17752,arrodíllate,kneel down
17753,invitando,inviting
17754,revisaste,did you check
17755,dentadura,teeth
17756,darnell,Darnell
17757,acudió,attended
17758,metería,would put
17759,diva,diva
17760,centrales,centrals
17761,arreglada,fixed
17762,sobreviví,I survived
17763,aerolínea,airline
17764,violentas,violent
17765,parks,parks
17766,hearst,heartst
17767,competitivo,competitive
17768,vacunas,vaccines
17769,modestia,modesty
17770,abbey,abbey
17771,resbaló,slipped
17772,burrito,burrito
17773,descubriremos,we will discover
17774,barranco,ravine
17775,despide,dismisses
17776,bullock,Bullock
17777,athena,Athena
17778,sucesión,succession
17779,vagar,wander
17780,incluidos,included
17781,siobhan,Siobhan
17782,requisitos,requirements
17783,terminaba,it was ending
17784,uh-oh,uh-oh
17785,avisarte,to warn you
17786,desviado,deflected
17787,hackear,hack
17788,exigir,demand
17789,reclutar,recruit
17790,trip,trip
17791,criando,raising
17792,clasificada,classified
17793,pandora,Pandora
17794,calamar,squid
17795,dorian,Dorian
17796,supiéramos,we knew
17797,expandir,expand
17798,nellie,Nellie
17799,tocador,dresser
17800,levantamos,we lifted
17801,fields,fields
17802,hepatitis,hepatitis
17803,excavar,dig
17804,pagara,would pay
17805,guapísima,gorgeous
17806,monstruoso,monstrous
17807,magnum,magnum
17808,salvada,saved
17809,párroco,parish priest
17810,guinea,Guinea
17811,mexico,Mexico
17812,nudillos,knuckles
17813,parámetros,parameters
17814,vigilada,monitored
17815,destruirla,destroy it
17816,úsalo,use it
17817,llámenme,Call me
17818,acechando,lurking
17819,perdónenme,forgive me
17820,hallazgo,find
17821,impidió,prevented
17822,concuerdan,agree
17823,átomo,atom
17824,cráter,crater
17825,otan,NATO
17826,minoría,minority
17827,hollow,hollow
17828,anomalías,anomalies
17829,recojan,collect
17830,calificación,qualification
17831,opresión,oppression
17832,great,great
17833,reptiles,reptiles
17834,declan,declan
17835,mudando,moving
17836,sorprendentes,surprising
17837,merlin,marline
17838,cambiarla,change it
17839,ambrose,Ambrose
17840,centenar,hundred
17841,confiese,confess
17842,machete,machete
17843,muestren,show
17844,bisabuelo,great-grandfather
17845,obtenemos,we obtain
17846,mutación,mutation
17847,defendió,defended
17848,cositas,little things
17849,arrestamos,we arrested
17850,vijay,Vijay
17851,convierto,I convert
17852,investigue,investigate
17853,creaste,you created
17854,bobadas,nonsense
17855,pastelitos,cupcakes
17856,buques,ships
17857,desmayé,I fainted
17858,easy,easy
17859,envenenar,poison
17860,blood,blood
17861,lennon,Lennon
17862,incógnito,incognito
17863,codicioso,greedy
17864,bizcocho,cake
17865,abundante,abundant
17866,cotton,cotton
17867,imitador,imitator
17868,warwick,Warwick
17869,contacte,contact
17870,reído,laughed
17871,méritos,merits
17872,dudley,Dudley
17873,suroeste,southwest
17874,abandonaré,I will abandon
17875,poppy,poppy
17876,bateador,batter
17877,regalé,I gave away
17878,blancanieves,Snow White
17879,interpretado,interpreted
17880,evolucionado,evolved
17881,tuck,tuck
17882,yun,yun
17883,densidad,density
17884,dormías,were you sleeping
17885,defensores,defenders
17886,explicarles,explain to them
17887,millonarios,millionaires
17888,atorado,stuck
17889,sylvester,Sylvester
17890,calcio,calcium
17891,dadle,give it
17892,osea,I mean
17893,subirá,will rise
17894,comerán,They will eat
17895,meteoritos,meteorites
17896,cerámica,ceramics
17897,johnnie,Johnnie
17898,disgusta,dislikes
17899,venderá,will sell
17900,panadero,baker
17901,vote,vote
17902,obtendrás,you will get
17903,larsen,Larsen
17904,pegados,glued
17905,egoísmo,selfishness
17906,pagada,paid
17907,búscame,look for me
17908,gastamos,we spend
17909,manolo,Manolo
17910,alfiler,pin
17911,billón,billion
17912,benéfica,charity
17913,dibujó,drawing
17914,injustamente,unfairly
17915,wellington,Wellington
17916,acepten,accept
17917,auggie,Auggie
17918,reparado,repaired
17919,olores,smells
17920,torbellino,whirlwind
17921,clavar,nail
17922,fugado,escaped
17923,crianza,breeding
17924,instantáneamente,instantly
17925,exageres,You exaggerate.
17926,sensaciones,sensations
17927,manson,Manson
17928,minero,miner
17929,penn,penn
17930,cometemos,we commit
17931,procesos,processes
17932,caracol,snail
17933,mandamientos,commandments
17934,furiosos,furious
17935,dominó,domino
17936,bach,bach
17937,basándome,based on
17938,cazado,hunted
17939,atacaremos,we will attack
17940,silvestre,wild
17941,camping,camping
17942,montes,mountains
17943,llegaban,they arrived
17944,mail,mail
17945,brigadier,brigadier
17946,malgastar,waste
17947,hwa,hwa
17948,conor,conor
17949,rivera,rivera
17950,dirigiéndose,heading
17951,pendejos,idiots
17952,secadora,dryer
17953,etc,etc
17954,detenidamente,carefully
17955,descartado,discarded
17956,yyo,me too
17957,magnate,tycoon
17958,sanatorio,sanatorium
17959,lobby,lobby
17960,rigor,rigor
17961,subía,was going up
17962,reja,grid
17963,decepcionar,disappoint
17964,recordarles,remind them
17965,court,court
17966,chung,chung
17967,explorando,exploring
17968,camionero,truck driver
17969,multitudes,crowds
17970,pegaron,they hit
17971,sabueso,hound
17972,objeciones,objections
17973,estimada,dear
17974,involucrarse,get involved
17975,encadenado,chained
17976,temporadas,seasons
17977,judd,Judd
17978,sere,I will be
17979,ragnar,Ragnar
17980,cabreada,angry
17981,vivirán,they will live
17982,apoyamos,we support
17983,venderme,sell me
17984,verbal,verbal
17985,sylvie,Sylvie
17986,combina,combines
17987,titán,titan
17988,segundas,second
17989,temblor,shaking
17990,hebreo,Hebrew
17991,frigorífico,refrigerator
17992,pollas,cocks
17993,enviara,will send
17994,first,first
17995,esperarte,waiting for you
17996,casanova,Casanova
17997,alquila,rent
17998,landry,Landry
17999,a.j.,a.j.
18000,valija,suitcase
18001,regalito,little gift
18002,benedict,Benedict
18003,liberarme,free myself
18004,dependiente,dependent
18005,esperarme,wait for me
18006,preparándose,preparing
18007,psicópatas,psychopaths
18008,correccional,correctional
18009,olvidarnos,forget
18010,avergüenzas,You're embarrassing
18011,tripa,gut
18012,tex,tex
18013,sometido,subjected
18014,costando,costing
18015,superioridad,superiority
18016,pregúntaselo,ask him
18017,huecos,gaps
18018,atascados,stuck
18019,gustando,liking
18020,cumplas,fulfill
18021,vencedor,victor
18022,cnn,CNN
18023,diariamente,daily
18024,pagados,paid
18025,recordaría,I would remember
18026,foley,foley
18027,toto,toto
18028,entrometerme,meddle
18029,hoyt,hoyt
18030,intolerable,intolerable
18031,láctea,dairy
18032,elevada,high
18033,hipotéticamente,hypothetically
18034,cuidate,take care of yourself
18035,mision,mission
18036,mecha,wick
18037,novata,novice
18038,sexys,sexy
18039,habíais,you had
18040,acostada,lying down
18041,zachary,Zachary
18042,rincones,corners
18043,castiga,punish
18044,divorciarse,divorce
18045,cretinos,cretins
18046,guantera,glove compartment
18047,cumplirá,will fulfill
18048,regresaba,was returning
18049,water,toilet
18050,encontraríamos,we would find
18051,trabajara,would work
18052,robarte,steal from you
18053,shield,shield
18054,interrumpa,interrupt
18055,observo,noticed
18056,evasión,evasion
18057,tropecé,I tripped
18058,bambi,Bambi
18059,epa,epa
18060,cruzaron,crossed
18061,00ffff,00ffff
18062,thatcher,Thatcher
18063,aguantarlo,endure it
18064,contesté,I answered
18065,desgracias,misfortunes
18066,garrison,garrison
18067,prendió,turned on
18068,belga,Belgian
18069,kg.,kg.
18070,mendigos,beggars
18071,campamentos,camps
18072,enviaba,sent
18073,holocausto,holocaust
18074,sinfonía,symphony
18075,patrocinadores,sponsors
18076,decorar,decorate
18077,serenidad,serenity
18078,ancha,wide
18079,convictos,convicts
18080,nitrógeno,nitrogen
18081,provocación,provocation
18082,decepcionarte,to disappoint you
18083,má,má
18084,conceptos,concepts
18085,vicepresidenta,vice president
18086,gradué,I graduated
18087,déjenla,leave her alone
18088,dictadura,dictatorship
18089,parta,part
18090,bat,bat
18091,tofu,tofu
18092,propulsión,propulsion
18093,puñalada,stab
18094,estadía,stay
18095,hung,hung
18096,federico,Federico
18097,pacific,Pacific
18098,chaquetas,jackets
18099,importarle,matter
18100,osaka,Osaka
18101,darla,give it
18102,hs,hs
18103,afirman,they claim
18104,limpien,clean
18105,conjunta,joint
18106,vidrios,glasses
18107,inclino,I lean
18108,sans,sans
18109,subtitulos,subtitles
18110,atraparán,they will catch
18111,toxinas,toxins
18112,detallado,detailed
18113,desperdiciado,wasted
18114,defenderte,defend yourself
18115,wyoming,Wyoming
18116,reflexión,reflection
18117,denos,denos
18118,ridiculo,ridiculous
18119,roscoe,roscoe
18120,mecánicos,mechanics
18121,detendrán,will arrest
18122,bonjour,bonjour
18123,bengala,Bengal
18124,pinocho,Pinocchio
18125,ganara,will win
18126,ganen,win
18127,mercenario,mercenary
18128,orange,orange
18129,drogadicta,drug addict
18130,disculpadme,excuse me
18131,imaginan,imagine
18132,greer,greer
18133,vicios,vices
18134,decidle,tell him
18135,volverlo,turn it back
18136,gnomo,gnome
18137,esferas,spheres
18138,emile,Emile
18139,enamorando,falling in love
18140,repitiendo,repeating
18141,necesitarías,you would need
18142,bee,bee
18143,oliva,olive
18144,voten,vote
18145,enfrentarnos,face
18146,relájense,relax
18147,conner,Conner
18148,simular,simulate
18149,oíd,hear
18150,conocerse,meet
18151,haskell,haskell
18152,almejas,clams
18153,garza,heron
18154,atrasada,delayed
18155,retratos,portraits
18156,alcaldesa,mayoress
18157,favorable,favorable
18158,melody,melody
18159,cooperativa,cooperative
18160,elaborado,elaborated
18161,salt,salt
18162,referente,concerning
18163,editores,editors
18164,importarme,matter to me
18165,primas,premiums
18166,freya,freya
18167,valoro,I value
18168,olsen,olsen
18169,denuncias,complaints
18170,flotar,float
18171,colesterol,cholesterol
18172,tócame,touch me
18173,decid,decide
18174,pajar,hayloft
18175,apache,Apache
18176,sinatra,Sinatra
18177,nelly,nelly
18178,perjurio,perjury
18179,negué,I denied it
18180,niñeras,nannies
18181,precisos,precise
18182,convencerlos,convince them
18183,imparcial,impartial
18184,pezón,nipple
18185,gubernamental,governmental
18186,alcanzan,reach
18187,corbatas,ties
18188,ewing,ewing
18189,j.r.,j.r.
18190,majo,nice
18191,encantadoras,charming
18192,marius,Marius
18193,draper,draper
18194,alejate,stay away
18195,inolvidable,unforgettable
18196,inhumano,inhuman
18197,impreso,printed
18198,aprovecharse,take advantage
18199,hormigón,concrete
18200,bing,bing
18201,devastador,devastating
18202,mocosa,snotty girl
18203,harding,harding
18204,continental,continental
18205,primitiva,primitive
18206,desempleado,unemployed
18207,hodges,Hodges
18208,balazo,shot
18209,pas,pas
18210,alejando,moving away
18211,sustento,livelihood
18212,queridas,dear
18213,furgón,van
18214,excitada,excited
18215,concentrada,concentrated
18216,deportista,sportsman
18217,exorcismo,exorcism
18218,aterrada,terrified
18219,finas,fine
18220,pestañas,eyelashes
18221,antojo,whim
18222,cagué,I screwed up
18223,registrando,registering
18224,leigh,leigh
18225,seguirla,follow her
18226,arruinas,you ruin
18227,apreciado,appreciated
18228,compás,compass
18229,flaca,skinny
18230,nominado,nominee
18231,mantenla,keep it
18232,disponer,provide
18233,hallaste,you found
18234,estrictas,strict
18235,concejo,council
18236,descarada,shameless
18237,buitre,vulture
18238,eligiendo,choosing
18239,rodante,rolling
18240,tornillos,screws
18241,quereis,do you want
18242,apestosa,stinky
18243,trucha,trout
18244,wing,wing
18245,liebre,hare
18246,espirituales,spiritual
18247,cargó,post
18248,ligado,bound
18249,pretendiendo,pretending
18250,úlcera,sore
18251,mensajeros,messengers
18252,portas,doors
18253,intentaban,they were trying
18254,llevarlas,take them
18255,irritable,irritable
18256,analizado,analyzed
18257,casta,breed
18258,deslumbrante,dazzling
18259,reconsiderar,reconsider
18260,informan,they report
18261,activista,activist
18262,canten,sing
18263,delaney,Delaney
18264,andreas,Andreas
18265,asiáticos,Asians
18266,grandullón,big guy
18267,bol,bowl
18268,purgatorio,purgatory
18269,casting,casting
18270,cochero,coachman
18271,steiner,Steiner
18272,llamábamos,we called
18273,confundió,confused
18274,confíen,trust
18275,serví,I served
18276,mcnally,McNally
18277,sobrecarga,overload
18278,fascinado,fascinated
18279,haréis,you will do
18280,conmovido,moved
18281,buckingham,Buckingham
18282,kristin,Kristin
18283,mesero,waiter
18284,ocupas,squatters
18285,agitar,shake
18286,foca,seal
18287,despedidas,farewells
18288,caemos,we fall
18289,lsd,LSD
18290,volantes,frills
18291,suertudo,lucky
18292,transfusión,transfusion
18293,reeves,Reeves
18294,confirmada,confirmed
18295,heladera,refrigerator
18296,nikolai,Nikolai
18297,enfriar,cool
18298,restauración,restoration
18299,lilith,Lilith
18300,olvídenlo,forget it
18301,atacarán,they will attack
18302,cupido,Cupid
18303,dudado,doubted
18304,revueltos,scrambled
18305,trataría,would try
18306,oráculo,oracle
18307,blanda,soft
18308,pillaron,caught
18309,textura,texture
18310,dejáis,you leave
18311,kaos,chaos
18312,casilla,box
18313,aseguré,I assured
18314,préstame,lend me
18315,apretada,tight
18316,casinos,casinos
18317,erudito,scholar
18318,revertir,revert
18319,comprobación,testing
18320,sociedades,societies
18321,fallan,fail
18322,aprendan,learn
18323,extrañaste,Did you miss it?
18324,quejan,they complain
18325,inn,inn
18326,específicos,specific
18327,curarte,heal
18328,superé,I overcame
18329,templos,temples
18330,amargura,bitterness
18331,vlad,Vlad
18332,administrar,manage
18333,shaolin,Shaolin
18334,intelecto,intellect
18335,afirmar,say
18336,enamoraste,you fell in love
18337,tenerlas,to have them
18338,competidor,competitor
18339,nilo,Nile
18340,brusco,rude
18341,torturas,torture
18342,enterré,I buried
18343,tonya,Tonya
18344,arreglen,fix
18345,teóricos,theorists
18346,beneficia,benefits
18347,clínico,clinical
18348,contestaste,you answered
18349,asombra,astonishes
18350,ayúdenos,help us
18351,susurra,whispers
18352,fósiles,fossils
18353,coalición,coalition
18354,existes,you exist
18355,mándame,send me
18356,soñador,dreamer
18357,agarras,you grab
18358,reparte,distributes
18359,impresora,printer
18360,sufrirá,will suffer
18361,hablarán,they will speak
18362,latiendo,throbbing
18363,janey,Janey
18364,sykes,Sykes
18365,caminen,walk
18366,cúal,which
18367,fingió,pretended
18368,viudo,widower
18369,filmado,filmed
18370,sorprendí,I was surprised
18371,incremento,increase
18372,elijan,choose
18373,vulcano,Vulcan
18374,decepciones,disappointments
18375,trafico,traffic
18376,horacio,Horace
18377,obediente,obedient
18378,vertebral,vertebral
18379,adorno,ornament
18380,leido,read
18381,amarla,love her
18382,comportado,behaved
18383,pelirrojo,redhead
18384,levantará,will lift
18385,crecía,growing
18386,duffy,Duffy
18387,obstinado,stubborn
18388,perturbador,disturbing
18389,guion,script
18390,raylan,Raylan
18391,pensiones,pensions
18392,tortas,cakes
18393,sinceras,sincere
18394,travesía,crossing
18395,sorprenderá,will surprise
18396,tirados,thrown
18397,garibaldi,Garibaldi
18398,aeropuertos,airports
18399,deséame,wish me
18400,remonta,comeback
18401,rabioso,rabid
18402,calcuta,Calcutta
18403,comprensiva,comprehensive
18404,malestar,discomfort
18405,involuntario,involuntary
18406,diecinueve,nineteen
18407,ole,ole
18408,goldman,Goldman
18409,cambiarán,will change
18410,arruinaron,ruined
18411,construcciones,constructions
18412,finos,fine
18413,escuchara,listened
18414,juzga,judge
18415,engañes,deceive
18416,magníficos,magnificent
18417,brewster,brewster
18418,revolucionaria,revolutionary
18419,humildes,humble
18420,inmóvil,still
18421,aproximación,approach
18422,seran,will be
18423,usarán,will use
18424,benji,Benji
18425,atracciones,attractions
18426,propuse,I proposed
18427,vasto,vast
18428,saborear,savor
18429,argelia,Algeria
18430,alternativo,alternative
18431,paramédico,paramedical
18432,cowboy,cowboy
18433,jodiste,You screwed up
18434,sujetar,hold
18435,maguire,maguire
18436,hamptons,Hamptons
18437,interacción,interaction
18438,prójimo,neighbor
18439,ofreciste,you offered
18440,interpone,interposes
18441,aldo,aldo
18442,living,living room
18443,scouts,scouts
18444,participó,participated
18445,génesis,genesis
18446,eslabón,link
18447,dina,dyne
18448,budista,buddhist
18449,renuncias,resignations
18450,auditorio,audience
18451,recomendar,recommend
18452,vá,goes
18453,adler,Adler
18454,indefensos,defenseless
18455,intermedio,intermediate
18456,traumático,traumatic
18457,agradecérselo,thank him
18458,fidel,Fidel
18459,marches,marches
18460,permití,I allowed
18461,vuélvete,turn around
18462,deshonesto,dishonest
18463,curro,job
18464,inicialmente,initially
18465,prefecto,prefect
18466,correré,I will run
18467,simms,simms
18468,largarme,leave
18469,ies,ies
18470,indique,indicate
18471,peregrinos,pilgrims
18472,agarrando,grabbing
18473,funcional,functional
18474,apurate,hurry up
18475,continúas,you continue
18476,contratamos,We hired
18477,entreguen,deliver
18478,elvira,Elvira
18479,haberlas,to have them
18480,petersburgo,St. Petersburg
18481,sherwood,Sherwood
18482,rechacé,I rejected
18483,diplomacia,diplomacy
18484,refugios,shelters
18485,sífilis,syphilis
18486,desconcertante,baffling
18487,penoso,painful
18488,travesuras,antics
18489,superhéroes,superheroes
18490,llamad,call
18491,susceptible,susceptible
18492,descuide,don't worry
18493,saltas,jumps
18494,examinando,examining
18495,aposté,I bet
18496,espagueti,spaghetti
18497,cage,cage
18498,underwood,Underwood
18499,pagina,page
18500,sellada,sealed
18501,reforzar,strengthen
18502,scooter,scooter
18503,cutler,cutler
18504,fabricantes,manufacturers
18505,inventaste,you invented
18506,asumió,assumed
18507,grimes,grimes
18508,pergamino,parchment
18509,farmacéutico,pharmacist
18510,naruto,naruto
18511,espectador,viewer
18512,modas,fashions
18513,desafortunada,unfortunate
18514,inmigrante,immigrant
18515,contribuyentes,contributors
18516,errante,wandering
18517,viéndolo,watching it
18518,nerds,nerds
18519,arrestan,arrest
18520,atractivas,attractive
18521,mantendría,would maintain
18522,bocazas,loudmouth
18523,derby,Derby
18524,empezarán,they will begin
18525,retórica,rhetoric
18526,sujétalo,hold it
18527,aprobada,approved
18528,pintalabios,lipstick
18529,vicario,vicar
18530,recibiré,I will receive
18531,tirad,throw
18532,pusieras,you put
18533,oís,you hear
18534,pretenden,they intend
18535,fango,mud
18536,ale,ale
18537,reírme,laugh
18538,cisco,Cisco
18539,cartwright,Cartwright
18540,corporativa,corporate
18541,remos,oars
18542,castillos,castles
18543,mírelo,look at it
18544,generadores,generators
18545,habias,you had
18546,duerman,sleep
18547,trina,trina
18548,mandarle,send him
18549,épico,epic
18550,sonría,smile
18551,agarramos,we grabbed
18552,heces,stool
18553,subiste,you went up
18554,luka,Luka
18555,amarlo,love him
18556,terca,stubborn
18557,aras,altars
18558,contratiempo,setback
18559,clasificación,classification
18560,iceberg,iceberg
18561,sabotear,sabotage
18562,entenderán,they will understand
18563,prohibió,forbade
18564,fat,fat
18565,melocotón,peach
18566,garth,Garth
18567,micah,Micah
18568,altera,alters
18569,póster,poster
18570,box,box
18571,metropolitana,metropolitan
18572,o.k.,OK
18573,aldeas,villages
18574,vincenzo,Vincenzo
18575,estupendos,great
18576,discípulo,disciple
18577,liberarte,free yourself
18578,volé,I flew
18579,posar,pose
18580,genocidio,genocide
18581,diríjanse,go
18582,alain,Alain
18583,mételo,put it in
18584,enamore,I fell in love
18585,jefatura,leadership
18586,stefano,Stefano
18587,hábitat,habitat
18588,selma,selma
18589,sentían,they felt
18590,disminuir,decrease
18591,encubrir,cover
18592,curada,cured
18593,destacado,outstanding
18594,confrontación,confrontation
18595,indefinidamente,indefinitely
18596,agarraste,you grabbed
18597,patriotas,patriots
18598,maternal,maternal
18599,incertidumbre,uncertainty
18600,farmacéutica,pharmaceutical
18601,consola,console
18602,heredó,inherited
18603,guionista,screenwriter
18604,acostumbras,you usually
18605,pararon,they stopped
18606,negarme,deny
18607,ambulancias,ambulances
18608,asombro,astonishment
18609,sven,Sven
18610,gángster,gangster
18611,henrik,Henrik
18612,suavidad,smoothness
18613,confirme,confirm
18614,reencarnación,reincarnation
18615,anotación,annotation
18616,oirme,hear me
18617,princesas,princesses
18618,rogué,I begged
18619,dark,dark
18620,repetidamente,repeatedly
18621,cenaremos,We will have dinner
18622,guiará,will guide
18623,tose,cough
18624,significará,will mean
18625,cripta,crypt
18626,font,font
18627,subdirector,deputy director
18628,retírese,withdraw
18629,permitimos,we allow
18630,bowman,bowman
18631,cósmico,cosmic
18632,arpía,harpy
18633,migas,crumbs
18634,í,Yo
18635,potasio,potassium
18636,aceptara,would accept
18637,gobernante,ruler
18638,genialidad,genius
18639,misteriosos,mysterious
18640,secuestros,kidnappings
18641,anonimato,anonymity
18642,reactores,reactors
18643,pioneros,pioneers
18644,observan,they observe
18645,vagamente,vaguely
18646,recibas,receive
18647,suposiciones,assumptions
18648,jirafa,giraffe
18649,fracasos,failures
18650,celosos,jealous
18651,buscad,search
18652,románticos,romantics
18653,ocultarse,hide
18654,ogro,ogre
18655,bahamas,Bahamas
18656,investigarlo,investigate it
18657,vocales,vowels
18658,seiya,Seiya
18659,discutamos,Let's discuss
18660,caballito,little horse
18661,reúnete,meet
18662,hit,hit
18663,ordenada,ordered
18664,pillan,catch
18665,nichols,Nicholas
18666,job,job
18667,entregaron,they delivered
18668,transmisiones,transmissions
18669,elfo,elf
18670,denton,denton
18671,clones,clones
18672,jojo,jojo
18673,cápsulas,capsules
18674,essex,Essex
18675,envolver,wrap
18676,irreal,unreal
18677,confesiones,confessions
18678,rebote,rebound
18679,pescados,fish
18680,sueno,dream
18681,selina,Selina
18682,aguantas,you endure
18683,palas,Pallas
18684,hitchcock,Hitchcock
18685,defendernos,defend ourselves
18686,constancia,constancy
18687,consideré,I considered
18688,agitación,agitation
18689,racistas,racists
18690,integral,comprehensive
18691,licenciado,graduate
18692,remedios,remedies
18693,opinar,give your opinion
18694,carmela,Carmela
18695,gringo,gringo
18696,baterista,drummer
18697,precisas,precise
18698,speed,speed
18699,confiando,trusting
18700,valido,valid
18701,acompáñeme,come with me
18702,tendra,will have
18703,arkansas,Arkansas
18704,venezuela,Venezuela
18705,pararé,I will stop
18706,ice,ice
18707,demandado,defendant
18708,desapercibido,unnoticed
18709,mintieron,They lied
18710,hazaña,feat
18711,erika,Erika
18712,sorprenderme,surprise me
18713,parcela,parcel
18714,encierro,confinement
18715,reservé,I booked
18716,bombardero,bombardier
18717,idioteces,idiocies
18718,gertrude,Gertrude
18719,mírenlo,Look at it
18720,divertiste,You had fun
18721,perdonó,forgave
18722,paganos,pagans
18723,soportas,you support
18724,grabamos,we recorded
18725,soportado,supported
18726,amenazan,threaten
18727,divierto,I have fun
18728,gaius,Gaius
18729,erm,erm
18730,lastimen,hurt
18731,concluido,completed
18732,dardo,dart
18733,jekyll,Jekyll
18734,controlarte,control yourself
18735,sereno,serene
18736,sandía,watermelon
18737,tramo,stretch
18738,acostamos,we went to bed
18739,invadido,invaded
18740,remar,row
18741,parecerse,resemble
18742,agarrarlo,grab it
18743,sì,Yeah
18744,senda,track
18745,hocico,snout
18746,daleks,Daleks
18747,vader,Vader
18748,explosiva,explosive
18749,capitalista,capitalist
18750,muriel,Muriel
18751,decirtelo,tell you
18752,socialmente,socially
18753,bright,bright
18754,davidson,Davidson
18755,vibra,vibra
18756,puma,puma
18757,entrometido,obtrusive
18758,cerrad,close
18759,divya,divya
18760,salazar,Salazar
18761,abdul,Abdul
18762,burocracia,bureaucracy
18763,demolición,demolition
18764,regente,regent
18765,intentarán,they will try
18766,freír,fry
18767,voilà,voilà
18768,ridículas,ridiculous
18769,puntaje,score
18770,silenciosamente,silently
18771,concepción,conception
18772,cumples,birthdays
18773,sacarán,they will take out
18774,company,company
18775,enfría,cools
18776,ordenando,ordering
18777,garfield,Garfield
18778,tiza,chalk
18779,peleo,I fight
18780,prisas,hurry
18781,church,church
18782,eliminada,deleted
18783,ryu,ryu
18784,digáis,say
18785,then,then
18786,ehm,um
18787,darby,darby
18788,sácanos,get us out
18789,trabajábamos,we worked
18790,wilder,wilder
18791,consideró,considered
18792,temporizador,timer
18793,insinúas,you insinuate
18794,espantapájaros,scarecrow
18795,célebre,celebrated
18796,delirios,delusions
18797,recogerá,will collect
18798,inversor,investor
18799,pawnee,Pawnee
18800,lahey,lahey
18801,feminista,feminist
18802,mafiosos,mobsters
18803,intensivos,intensive
18804,abría,opened
18805,dígitos,digits
18806,die,die
18807,lancé,throw
18808,calculo,calculation
18809,manejan,they handle
18810,swanson,Swanson
18811,articulo,article
18812,remy,Remy
18813,glasgow,Glasgow
18814,bristol,Bristol board
18815,infantes,infants
18816,cochera,garage
18817,absorber,absorb
18818,necesitados,needy
18819,sorprendes,you surprise
18820,birmingham,Birmingham
18821,destruiste,You destroyed
18822,remera,T-shirt
18823,aportar,contribute
18824,saltan,jump
18825,calentador,heater
18826,derrite,melts
18827,votó,vote
18828,decidiré,I will decide
18829,casper,Casper
18830,goodman,Goodman
18831,confia,trust
18832,sarcástico,sarcastic
18833,asgard,Asgard
18834,kan,khan
18835,heath,Heath
18836,alertas,alerts
18837,incontables,countless
18838,lanzan,launch
18839,fúnebre,funeral
18840,earp,earp
18841,pintada,graffiti
18842,mostraremos,we will show
18843,hipocresía,hypocrisy
18844,decadencia,decay
18845,inspectores,inspectors
18846,urbano,urban
18847,agregado,aggregate
18848,viv,live
18849,preocupamos,we care
18850,car,car
18851,robby,Robby
18852,meghan,Meghan
18853,finjas,pretend
18854,jodete,fuck you
18855,suelos,soils
18856,cubrirá,will cover
18857,chevy,Chevy
18858,gratuito,gratuitous
18859,saúl,Saul
18860,alejarnos,distance ourselves
18861,centrarnos,focus
18862,eureka,Eureka!
18863,encontraban,they found
18864,servirán,will serve
18865,grillo,cricket
18866,kaylie,Kaylie
18867,ignorarlo,ignore it
18868,fallaron,failed
18869,conchas,shells
18870,adelantar,pass
18871,despidiendo,saying goodbye
18872,romperle,break it
18873,acecho,stalking
18874,mamíferos,mammals
18875,admiraba,admired
18876,subxpacio,subspace
18877,cárceles,prisons
18878,need,need
18879,apoderarse,seize
18880,ciervos,deer
18881,nasal,nasal
18882,femeninos,feminine
18883,extraoficialmente,unofficially
18884,arrow,arrow
18885,apurarnos,hurry
18886,ocupó,occupied
18887,sandwiches,sandwiches
18888,cuelguen,hang
18889,impermeable,waterproof
18890,axe,axe
18891,malcom,Malcolm
18892,ladra,barks
18893,descontento,discontent
18894,perrera,kennel
18895,doquier,everywhere
18896,polen,pollen
18897,vendedora,saleswoman
18898,alardear,boast
18899,keen,keen
18900,mojar,wet
18901,estudiaste,You studied
18902,piscinas,swimming pools
18903,desesperadas,desperate
18904,buscarán,they will look
18905,custer,Custer
18906,impertinente,impertinent
18907,bret,Bret
18908,amaban,they loved
18909,quemo,I burn
18910,prende,turn on
18911,negaron,They denied it
18912,sufrí,I suffered
18913,videojuego,video game
18914,intimidar,intimidate
18915,usarás,you will use
18916,largamos,we set off
18917,lassie,Lassie
18918,olaf,Olaf
18919,nathaniel,Nathaniel
18920,perfiles,profiles
18921,zelda,Zelda
18922,milan,Milan
18923,sustituta,substitute
18924,kms,kms
18925,mortalidad,mortality
18926,frita,fried
18927,quedarías,you would stay
18928,escándalos,scandals
18929,consumido,consumed
18930,ingresó,income
18931,su-des,su-des
18932,viagra,Viagra
18933,cheng,cheng
18934,esperarás,you will wait
18935,combinar,combine
18936,educados,educated
18937,sociópata,sociopath
18938,beaumont,Beaumont
18939,saltamos,we jumped
18940,ex-novia,ex-girlfriend
18941,abusado,abused
18942,concebir,conceive
18943,bean,bean
18944,desliza,slide
18945,fallamos,we failed
18946,satelital,satellite
18947,épica,epic
18948,virtualmente,virtually
18949,inquisición,inquisition
18950,sugerido,suggested
18951,grabé,I recorded
18952,unan,a
18953,nbc,nbc
18954,apretados,tight
18955,deletrear,spell
18956,visibles,visible
18957,smallville,smallville
18958,tráiganlo,bring him
18959,ingeniosa,ingenious
18960,bermudas,Bermuda shorts
18961,preguntara,would ask
18962,tomaras,you will take
18963,atraparlos,catch them
18964,radiador,radiator
18965,dabas,you gave
18966,delegados,delegates
18967,notificación,notification
18968,cobrando,charging
18969,desacato,disrespect
18970,incienso,incense
18971,estudiamos,we study
18972,recomendado,recommended
18973,aguarden,wait
18974,leeds,Leeds
18975,espontánea,spontaneous
18976,avalancha,avalanche
18977,arrestarte,arrest you
18978,jeque,sheikh
18979,ohhh,ohhh
18980,cuidamos,we take care
18981,elemental,elementary
18982,visite,visit
18983,berger,berger
18984,kabir,kabir
18985,marinas,marine
18986,óxido,oxide
18987,burlan,mock
18988,dártelo,give it to you
18989,prepararlo,prepare it
18990,pedacito,bit
18991,fastidia,annoys
18992,myra,Myra
18993,psicosis,psychosis
18994,elderman,elderman
18995,gareth,Gareth
18996,diversidad,diversity
18997,meade,Meade
18998,please,please
18999,lejanos,distant
19000,marsha,marsha
19001,pancho,Pancho
19002,sostenga,hold
19003,hussein,Hussein
19004,major,major
19005,márchese,leave
19006,curarse,heal
19007,usarse,to be used
19008,concesión,concession
19009,asegurate,make sure
19010,comportando,behaving
19011,lama,lama
19012,tanaka,tanaka
19013,juntando,joining
19014,didi,didi
19015,hiro,Hiro
19016,sueles,you usually
19017,valora,value
19018,controlas,you control
19019,percibo,I perceive
19020,poe,poet
19021,indudablemente,undoubtedly
19022,serbia,Serbia
19023,comunica,communicates
19024,inesperadamente,unexpectedly
19025,renos,reindeer
19026,berlin,Berlin
19027,vacio,empty
19028,atrevida,daring
19029,fabricado,manufactured
19030,protestante,Protestant
19031,insignificantes,insignificant
19032,activada,activated
19033,belinda,Belinda
19034,concentrar,concentrate
19035,elegiría,I would choose
19036,violentamente,violently
19037,olvidaría,would forget
19038,clasificados,classifieds
19039,solemos,we usually
19040,pastelería,bakery
19041,portaaviones,aircraft carrier
19042,aseguren,ensure
19043,campanilla,bell
19044,antonia,Antonia
19045,vin,wine
19046,apúrese,hurry
19047,esquivar,dodge
19048,devolveremos,we will return
19049,permitiendo,allowing
19050,linternas,flashlights
19051,pusieran,put
19052,pubertad,puberty
19053,silbido,whistle
19054,asada,roasted
19055,mujerzuela,slut
19056,andén,platform
19057,bacalao,cod
19058,shay,shay
19059,porristas,cheerleaders
19060,pastores,pastors
19061,empujé,push
19062,willard,Willard
19063,vaina,sheath
19064,pateó,kicked
19065,judios,Jews
19066,esquizofrenia,schizophrenia
19067,davenport,davenport
19068,magdalenas,muffins
19069,incentivo,incentive
19070,merrick,Merrick
19071,techos,roofs
19072,clip,clip
19073,cubanos,Cubans
19074,disparada,fired
19075,jt,jt
19076,pintores,painters
19077,empezaría,would begin
19078,diámetro,diameter
19079,modificado,modified
19080,ex-novio,ex-boyfriend
19081,complicados,complicated
19082,lino,linen
19083,dusty,Dusty
19084,incendiar,fire
19085,atacamos,we attack
19086,ferretería,hardware
19087,contaminada,contaminated
19088,malibú,Malibu
19089,rumorea,rumors
19090,íntimas,intimate
19091,hawái,Hawaii
19092,guardabosques,ranger
19093,causará,will cause
19094,tickets,tickets
19095,vértigo,vertigo
19096,ámbar,amber
19097,cósmica,cosmic
19098,próstata,prostate
19099,turbo,turbo
19100,disparará,will shoot
19101,escucharlos,listen to them
19102,publicista,publicist
19103,entregaste,you handed
19104,operado,operated
19105,hartos,fed up
19106,sub,sub
19107,mister,mister
19108,agitada,agitated
19109,acostumbro,I usually
19110,excesiva,excessive
19111,encubrimiento,concealment
19112,caga,shits
19113,corresponsal,correspondent
19114,aplicaciones,applications
19115,sidra,cider
19116,marcados,marked
19117,espécimen,specimen
19118,toledo,Toledo
19119,monada,cuteness
19120,dane,dane
19121,cocos,coconuts
19122,mad,mad
19123,irrumpió,burst in
19124,perforar,drill
19125,marciano,Martian
19126,aprenderé,I will learn
19127,cordelia,Cordelia
19128,ámsterdam,Amsterdam
19129,asesoramiento,advice
19130,liberty,Liberty
19131,tempestad,storm
19132,cornell,Cornell
19133,conservadores,conservatives
19134,fraser,Fraser
19135,sonora,Sonora
19136,glamour,glamor
19137,cuidaría,would take care
19138,spiderman,Spiderman
19139,ambiciosa,ambitious
19140,fastidies,annoy me
19141,olímpico,Olympic
19142,jp,jp
19143,elfos,elves
19144,hiroshi,Hiroshi
19145,tecnologías,technologies
19146,conquistado,conquered
19147,registradora,cash register
19148,pásala,pass it on
19149,ubicar,locate
19150,llegados,arrived
19151,salones,halls
19152,pre,pre
19153,escapada,escape
19154,fértil,fertile
19155,placentero,pleasant
19156,rechazaron,rejected
19157,faltando,missing
19158,arrecife,reef
19159,group,group
19160,felicitarte,Congratulations!
19161,fundamentales,fundamentals
19162,valium,Valium
19163,destruyan,destroy
19164,charlene,Charlene
19165,sufrieron,suffered
19166,franny,Franny
19167,lagrimas,tears
19168,cancelarlo,cancel it
19169,preñada,pregnant
19170,jameson,Jameson
19171,intrusión,intrusion
19172,querríamos,we would like
19173,macbeth,Macbeth
19174,maddox,Maddox
19175,lienzo,canvas
19176,funciono,It works
19177,cagó,shit
19178,ginecólogo,gynecologist
19179,cometes,you commit
19180,giran,they rotate
19181,recuéstate,lie down
19182,zarpar,set sail
19183,iluminar,glow up
19184,polvos,powder
19185,peros,buts
19186,atrapo,I catch
19187,anjali,anjali
19188,estira,stretch
19189,tiraba,threw
19190,enana,dwarf
19191,influir,influence
19192,talibanes,Taliban
19193,convirtiera,would become
19194,alergias,allergies
19195,gon,go
19196,ipod,iPod
19197,strippers,strippers
19198,colonial,colonial
19199,caminaré,I will walk
19200,tonight,tonight
19201,gobierna,governs
19202,defiendes,you defend
19203,exigencias,demands
19204,desván,loft
19205,darlene,darne
19206,vajilla,crockery
19207,canario,canary
19208,financieras,financial
19209,altercado,altercation
19210,tostadora,toaster
19211,candidatura,candidacy
19212,estela,wake
19213,richardson,Richardson
19214,rescatado,rescued
19215,firmando,signing
19216,marque,mark
19217,estragos,havoc
19218,concursos,contests
19219,pesimista,pessimistic
19220,espaguetis,spaghetti
19221,permaneció,remained
19222,incrementar,increase
19223,ofenda,offend
19224,hermann,Hermann
19225,confort,comfort
19226,pudiésemos,we could
19227,válgame,Good heavens!
19228,encontráramos,we found
19229,profe,teacher
19230,exhala,exhale
19231,face,face
19232,despedimos,we say goodbye
19233,fundó,he founded
19234,revisemos,Let's review
19235,comprara,would buy
19236,repararlo,repair it
19237,aprendemos,we learn
19238,olímpicos,Olympics
19239,toleraré,I will tolerate
19240,conoceros,get to know you
19241,ilse,Ilse
19242,alegrías,joys
19243,inválido,invalid
19244,fíjense,look
19245,enseñamos,we teach
19246,domo,dome
19247,bombardeos,bombings
19248,manipulando,manipulating
19249,sweets,sweets
19250,verifica,check
19251,centauri,Centauri
19252,errónea,erroneous
19253,fire,fire
19254,conservas,preserves
19255,beka,beka
19256,cubano,Cuban
19257,partícula,particle
19258,leona,lioness
19259,im,im
19260,troncos,logs
19261,extremas,extreme
19262,pesan,weigh
19263,festivo,festive
19264,cesto,basket
19265,parecéis,You seem
19266,dique,dam
19267,gras,fat
19268,moralmente,morally
19269,vocal,vocal
19270,utilizo,I use
19271,pulseras,bracelets
19272,secuestrados,kidnapped
19273,golpéalo,hit it
19274,valiosas,valuable
19275,jugoso,juicy
19276,arriesgó,risked
19277,agresivos,aggressive
19278,manifestaciones,demonstrations
19279,fundamento,basis
19280,guarra,slut
19281,espérenme,wait for me
19282,espontáneo,spontaneous
19283,guíe,guide
19284,fulana,tart
19285,golpees,blows
19286,descubriendo,discovering
19287,ramona,Ramona
19288,esqueletos,skeletons
19289,largarte,leave
19290,pudín,pudding
19291,bleep,bleep
19292,hyuk,hyuk
19293,manu,manu
19294,opuesta,opposite
19295,contraste,contrast
19296,graciosas,funny
19297,metano,methane
19298,cocido,cooked
19299,direccion,address
19300,santificado,sanctified
19301,sucesivamente,successively
19302,magda,Magda
19303,matare,I will kill
19304,identificada,identified
19305,abadía,abbey
19306,arterias,arteries
19307,acordó,agreed
19308,entregarse,surrender
19309,marple,marple
19310,foyle,foyle
19311,raines,Raines
19312,detonación,detonation
19313,criaron,raised
19314,saludarte,greeting you
19315,mocos,snot
19316,vigilaré,I will watch
19317,taquicardia,tachycardia
19318,desodorante,deodorant
19319,pagarles,pay them
19320,metiera,put
19321,arreglan,fix
19322,insistiendo,insisting
19323,vikingos,Vikings
19324,relevancia,relevance
19325,cuelgan,hang
19326,gratificante,gratifying
19327,recuperaremos,we will recover
19328,sunset,sunset
19329,stand,stand
19330,fiasco,fiasco
19331,activó,asset
19332,permitirle,allow
19333,humildemente,humbly
19334,ahogarse,drown
19335,defectuoso,defective
19336,ceguera,blindness
19337,permitieron,allowed
19338,señaló,he pointed out
19339,cabecera,head
19340,buscaría,would look
19341,bastidores,backstage
19342,probarme,try me
19343,extendió,extended
19344,procesión,procession
19345,poole,poole
19346,channing,Channing
19347,bradford,Bradford
19348,expulsaron,expelled
19349,estallido,pop
19350,impida,prevent
19351,clínicas,clinics
19352,lestrade,Lestrade
19353,arreglarla,fix it
19354,pesaba,it weighed
19355,persuadir,persuade
19356,mtv,MTV
19357,hendrix,hendrik
19358,levantamiento,lifting
19359,echarnos,throw us out
19360,quedaran,will remain
19361,paladar,palate
19362,ruidosa,noisy
19363,chorro,jet
19364,curiosamente,curiously
19365,tropezó,tripped
19366,ría,estuary
19367,convencerle,convince him
19368,conseguirán,they will get
19369,ephram,ephram
19370,caseta,stand
19371,escaneo,scanning
19372,guillotina,guillotine
19373,woman,woman
19374,deducir,deduct
19375,extraordinarios,extraordinary
19376,envejecido,aged
19377,dispone,has
19378,irónicamente,ironically
19379,registrados,registered
19380,energética,energy
19381,wilbur,wilbur
19382,mejoró,improved
19383,operativos,operations
19384,mirara,look
19385,huyas,flee
19386,viniese,come
19387,terrorífico,terrifying
19388,esenciales,essentials
19389,vandalismo,vandalism
19390,feel,feel
19391,superan,exceed
19392,titulo,qualification
19393,diversas,various
19394,asaltado,assaulted
19395,intencionalmente,intentionally
19396,nebulosa,nebula
19397,hinchazón,swelling
19398,marin,marin
19399,acompañantes,companions
19400,bailado,danced
19401,conveniencia,convenience
19402,derrumbó,collapsed
19403,brandt,brandt
19404,motivado,motivated
19405,pandilleros,gang members
19406,proporciones,proportions
19407,lio,mess
19408,capturó,captured
19409,secar,dry
19410,bombardear,bomb
19411,rj,rj
19412,divertiremos,we will have fun
19413,matarías,would kill
19414,intensamente,intensely
19415,consumiendo,consuming
19416,ninjas,ninjas
19417,mudaste,you moved
19418,ms,ms
19419,peones,laborers
19420,apoyó,support
19421,cirujana,surgeon
19422,privilegiada,privileged
19423,sabine,Sabine
19424,involucrarte,get involved
19425,embustero,liar
19426,infraestructura,infrastructure
19427,insinúa,hints
19428,newark,Newark
19429,patti,Patti
19430,estalla,explodes
19431,apuñalar,stab
19432,giros,turns
19433,debi,I should
19434,almendras,almonds
19435,bucle,loop
19436,eisenhower,Eisenhower
19437,diminuta,tiny
19438,liquidar,liquidate
19439,paranormal,paranormal
19440,agita,agita
19441,afición,hubby
19442,tardo,I take
19443,cambiaba,changed
19444,milagroso,miraculous
19445,discúlpenos,excuse us
19446,colgados,hung
19447,campañas,campaigns
19448,carino,dear
19449,concreta,specifically
19450,ceño,frown
19451,reciban,receive
19452,largaos,get out
19453,fotográfica,photographic
19454,empeorado,worsened
19455,four,four
19456,hiere,hurts
19457,estrangulada,strangled
19458,dunham,Dunham
19459,moveré,I will move
19460,dignos,worthy
19461,very,very
19462,orador,speaker
19463,recuperarte,recover
19464,encontro,found
19465,ferris,ferries
19466,exquisita,exquisite
19467,licores,liquors
19468,milly,Milly
19469,cargados,loaded
19470,sacudida,shake
19471,negativas,negative
19472,avergonzarme,to be ashamed
19473,severamente,severely
19474,palillos,chopsticks
19475,turtle,turtle
19476,swift,swift
19477,impedido,disabled
19478,mátenlo,Kill him
19479,coincidir,coincide
19480,arreglaron,they fixed
19481,estropeó,spoiled
19482,robarlo,steal it
19483,cobras,you collect
19484,ex-marido,ex-husband
19485,bañarme,bathe
19486,revolucionarios,revolutionaries
19487,barlow,Barlow
19488,paradoja,paradox
19489,ampollas,blisters
19490,caseros,homemade
19491,facultades,powers
19492,priscilla,Priscilla
19493,entregara,will deliver
19494,empatados,tied
19495,s.h.i.e.l.d.,s.h.i.e.l.d.
19496,destruidas,destroyed
19497,quitarnos,get rid of us
19498,pétalos,petals
19499,predicción,prediction
19500,manantial,spring
19501,exterminar,exterminate
19502,joyero,jeweler
19503,basándose,based
19504,emborracharme,get drunk
19505,abriera,opened
19506,tranquilizante,tranquilizer
19507,voladora,flying
19508,merecías,you deserved it
19509,escoja,choose
19510,selfridge,Selfridge
19511,xxi,21
19512,a.c.,a.c.
19513,ilustre,illustrious
19514,weber,weber
19515,especializado,specialized
19516,jaffa,Jaffa
19517,atacará,will attack
19518,gráficos,graphics
19519,cincinnati,Cincinnati
19520,maja,nice
19521,ac,ac
19522,frankfurt,frankfurter
19523,entristece,saddens
19524,escapará,will escape
19525,patentes,patents
19526,apaches,Apaches
19527,bayas,berries
19528,mirate,look at yourself
19529,rinoceronte,rhinoceros
19530,enfríe,cool
19531,ruiseñor,nightingale
19532,busto,bust
19533,retiraron,they withdrew
19534,británicas,British
19535,clandestino,clandestine
19536,topanga,Topanga
19537,supéralo,Get over it
19538,wilcox,wilcox
19539,poseída,possessed
19540,parando,stopping
19541,aa,aa
19542,storm,storm
19543,dividimos,we divide
19544,guardes,guards
19545,solemnemente,solemnly
19546,sms,SMS
19547,room,room
19548,salías,you were going out
19549,luchadora,fighter
19550,anticipación,anticipation
19551,jala,pull
19552,movámonos,Let's move
19553,deseé,I wished
19554,cobró,collection
19555,forasteros,strangers
19556,juzgue,judge
19557,metralla,shrapnel
19558,reuben,Reuben
19559,quot,quot
19560,refinado,refined
19561,dibuja,draw
19562,despiértate,wake up
19563,apagadas,turned off
19564,dickens,Dickens
19565,compartimiento,compartment
19566,cabales,complete
19567,cuadrilla,gang
19568,inclinado,inclined
19569,pondrías,would you put
19570,accion,action
19571,ardientes,burning
19572,quejó,complained
19573,derramó,spilled
19574,kiss,kiss
19575,caido,fallen
19576,thelma,Thelma
19577,marla,Marla
19578,quererlo,to want it
19579,deténte,stop
19580,destrozados,devastated
19581,dustin,Dustin
19582,alcoba,bedroom
19583,reteniendo,retaining
19584,babilonia,Babylon
19585,arreglarte,fix yourself
19586,mandarte,send you
19587,acelerando,accelerating
19588,fuésemos,we were
19589,disculpeme,Excuse me
19590,opinion,opinion
19591,respetuoso,respectful
19592,sintieron,they felt
19593,odo,everything
19594,latinos,Latinos
19595,buscándome,looking for me
19596,pija,prick
19597,interrumpas,interrupt
19598,winslow,Winslow
19599,gentileza,gentleness
19600,aumentó,increase
19601,brownies,brownies
19602,relativo,relative
19603,temerario,reckless
19604,interferencias,interference
19605,emplear,use
19606,ajustados,adjusted
19607,electricista,electrician
19608,diseñé,I designed
19609,listillo,smarty pants
19610,indigno,worthless
19611,hundiendo,sinking
19612,aprovechado,taken advantage
19613,philadelphia,Philadelphia
19614,fleischman,Fleischman
19615,sostengo,I maintain
19616,aventurero,adventurous
19617,obsesivo,obsessive
19618,colocando,placing
19619,obsceno,obscene
19620,lograré,I will achieve
19621,maestría,mastery
19622,explotando,exploding
19623,yan,Yan
19624,mantuvieron,they maintained
19625,alcantarillas,sewers
19626,agarran,grab
19627,putita,little whore
19628,pin,pin
19629,compasivo,compassionate
19630,patéticos,pathetic
19631,licencias,licenses
19632,molestaré,I will bother you
19633,llévalos,Take them
19634,asustaba,frightened
19635,abrirme,open me
19636,abrumador,overwhelming
19637,avanzados,advanced
19638,aceleración,acceleration
19639,martinis,martinis
19640,aclare,clarify
19641,escote,neckline
19642,boludo,idiot
19643,eiffel,Eiffel Tower
19644,jugadora,player
19645,cavidad,cavity
19646,avíseme,Let me know
19647,mcqueen,McQueen
19648,haznos,make us
19649,alivia,relieves
19650,repulsivo,repulsive
19651,mátalos,kill them
19652,felíz,happy
19653,sueca,Swedish
19654,sostenlo,hold it
19655,durant,during
19656,normandía,Normandy
19657,penetración,penetration
19658,vendimos,we sold
19659,bancario,banking
19660,decision,decision
19661,palitos,sticks
19662,aseguraremos,we will ensure
19663,sorprendidos,surprised
19664,juzgo,I judge
19665,prescripción,prescription
19666,lastimaría,would hurt
19667,ulises,Ulysses
19668,asfalto,asphalt
19669,asesinas,murderers
19670,revuelto,scrambled
19671,tuvieses,you had
19672,emparedado,sandwich
19673,urgentes,urgent
19674,bartlett,Bartlett
19675,seguías,you were still
19676,heinrich,Heinrich
19677,innumerables,countless
19678,arriesgas,you risk
19679,imparable,unstoppable
19680,collares,necklaces
19681,potro,foal
19682,pudra,rot
19683,snake,snake
19684,especificaciones,specs
19685,armand,Armand
19686,informo,I report
19687,olé,olé
19688,destruimos,we destroy
19689,atendido,attended
19690,flexiones,push-ups
19691,infidelidad,infidelity
19692,temido,feared
19693,recé,I prayed
19694,educativo,educational
19695,ajeno,unaffiliated
19696,contestaré,I will answer
19697,entregues,deliver
19698,guiado,guided
19699,carey,tortoiseshell
19700,moco,booger
19701,aprendieron,they learned
19702,realizada,carried out
19703,asesiné,I murdered
19704,certificados,certificates
19705,asquerosas,disgusting
19706,túnica,tunica
19707,largarse,get
19708,artritis,arthritis
19709,gigantesca,gigantic
19710,cacharro,jalopy
19711,aparentar,pretend
19712,chul,chul
19713,davy,Davy
19714,perdonaría,I would forgive
19715,lanzo,I throw
19716,psiquiatras,psychiatrists
19717,participado,participated
19718,borrosa,blurry
19719,chinatown,Chinatown
19720,trinchera,trench
19721,elogio,praise
19722,elton,Elton
19723,agradaba,liked
19724,tardanza,delay
19725,inundaciones,floods
19726,asesores,advisors
19727,favorece,favors
19728,leila,Leila
19729,deban,they should
19730,aquéllos,those
19731,entraría,would enter
19732,convicciones,convictions
19733,podre,I will be able to
19734,nevando,snowing
19735,xi,xi
19736,yolanda,Yolanda
19737,edo,state
19738,renée,Renée
19739,sentirán,they will feel
19740,practico,practical
19741,hablad,speak
19742,infalible,infallible
19743,marcharé,I will march
19744,démelo,Give it to me
19745,helio,helium
19746,krusty,krusty
19747,lip,lip
19748,muéstrate,show yourself
19749,cómic,comic
19750,pong,put
19751,cantinero,barman
19752,beisbol,baseball
19753,representaba,represented
19754,respetas,respect
19755,investigó,investigated
19756,formalidades,formalities
19757,cosméticos,cosmetics
19758,rouge,red
19759,precipitado,precipitate
19760,expresado,voiced
19761,principiantes,beginners
19762,dentales,dental
19763,puñal,dagger
19764,limones,lemons
19765,dañó,damage
19766,deteniendo,stopping
19767,conversión,conversion
19768,delicados,delicate
19769,entregan,deliver
19770,resistió,resisted
19771,investigadora,researcher
19772,hermosura,loveliness
19773,romperlo,break it
19774,vaginas,vaginas
19775,caverna,cavern
19776,brille,shine
19777,místico,mystical
19778,tentado,tempted
19779,rockefeller,Rockefeller
19780,acompañarla,accompany her
19781,surfear,surfing
19782,esperándolo,waiting for him
19783,acuático,water
19784,retrasa,delays
19785,inexplicable,inexplicable
19786,costello,Costello
19787,inframundo,underworld
19788,deberian,should
19789,ágil,agile
19790,emocionantes,exciting
19791,ching,ching
19792,fideicomiso,trust
19793,confiaría,I would trust
19794,fae,fae
19795,levantarlo,lift it
19796,dotado,gifted
19797,realización,realization
19798,burgess,Burgess
19799,carlson,Carlson
19800,divorciar,divorce
19801,polaca,Polish
19802,desaparezcan,disappear
19803,granito,granite
19804,quark,quark
19805,gallos,roosters
19806,conoceré,I will meet
19807,vinny,Vinny
19808,frecuentes,frequent
19809,cogerle,to take him
19810,ex-mujer,ex-wife
19811,amenazaron,threatened
19812,gramo,gram
19813,arruinaría,would ruin
19814,chupando,sucking
19815,faltaban,were missing
19816,bessie,Bessie
19817,talismán,talisman
19818,devuélvelo,Give it back
19819,antelación,advance
19820,centinela,sentinel
19821,roles,roles
19822,combinado,combined
19823,específicas,specific
19824,observaba,watched
19825,chefs,chefs
19826,proposito,purpose
19827,rechazaste,you rejected
19828,hematoma,hematoma
19829,jugaron,they played
19830,dá,gives
19831,atreva,dare
19832,segmento,segment
19833,embrague,clutch
19834,sim,sim
19835,hell,hell
19836,films,films
19837,preocupé,I was worried
19838,lyla,Lyla
19839,pelado,bare
19840,resentido,resentful
19841,presumido,smug
19842,cerraste,You closed
19843,jugaban,they played
19844,pulg,in.
19845,bernardo,Bernard
19846,meterá,will put
19847,dividida,divided
19848,ciclos,cycles
19849,halo,halo
19850,antaño,yesteryear
19851,seductor,seductive
19852,jaqueca,migraine
19853,concedo,I grant
19854,lanzamos,we launched
19855,diversiones,entertainment
19856,alcanzarlo,to achieve it
19857,revelan,reveal
19858,descubrirás,you will discover
19859,marcianos,Martians
19860,suicidarte,commit suicide
19861,ar,ar
19862,aaah,aaah
19863,quejándose,complaining
19864,renunciaste,you resigned
19865,narcisista,narcissistic
19866,arriesgaría,I would risk it
19867,abuelito,grandfather
19868,escribiera,would write
19869,bev,bev
19870,lidia,fighting
19871,sufrimos,we suffer
19872,spider,spider
19873,flo,flo
19874,frustrada,frustrated
19875,lost,lost
19876,aguantará,will hold
19877,causarle,cause him
19878,arañazos,scratches
19879,partidas,games
19880,celebraremos,we will celebrate
19881,indonesia,Indonesia
19882,idéntica,identical
19883,contrabandista,smuggler
19884,agárrenlo,Grab him
19885,reconciliación,reconciliation
19886,lan,lan
19887,tomados,taken
19888,sentís,you feel
19889,charly,charly
19890,cruise,cruise
19891,cochecito,pram
19892,mellie,Mellie
19893,llamativo,striking
19894,peel,peel
19895,toxina,toxin
19896,pegajosa,sticky
19897,autógrafos,autographs
19898,erich,Erich
19899,desastroso,disastrous
19900,localizarlo,locate it
19901,lamentarás,you will regret it
19902,puñaladas,stabbings
19903,portando,carrying
19904,céntrate,focus
19905,sarpullido,rash
19906,senior,senior
19907,quincy,Quincy
19908,poético,poetic
19909,consumidor,consumer
19910,stars,stars
19911,situado,lying
19912,obteniendo,obtaining
19913,petey,Petey
19914,asique,so
19915,vendidos,sold
19916,nublado,cloudy
19917,biológicos,biological
19918,tobias,Tobias
19919,click,click
19920,trastornado,deranged
19921,soprano,soprano
19922,parecidas,similar
19923,millon,million
19924,rezaré,I will pray
19925,lastimas,pity
19926,bulldog,bulldog
19927,cantemos,Let's sing
19928,cansas,You tire you
19929,doblado,bent
19930,resolviendo,solving
19931,jockey,jockey
19932,tiemblan,tremble
19933,reconocerá,will recognize
19934,subirte,get on
19935,hurtadillas,stealthily
19936,pagarla,pay it
19937,oakland,Oakland
19938,peck,peck
19939,ernst,ernst
19940,dedicó,dedicated
19941,entrarás,you will enter
19942,descubriera,discovered
19943,prision,prison
19944,ares,ares
19945,problemita,little problem
19946,rehacer,redo
19947,asombrado,amazed
19948,kendra,Kendra
19949,mcnamara,McNamara
19950,susurro,whisper
19951,gritarle,yell at him
19952,huy,flee
19953,mezclas,mixtures
19954,amnistía,amnesty
19955,cambiarás,you will change
19956,procesando,processing
19957,hotch,hotch
19958,olvidada,forgotten
19959,ronny,Ronny
19960,dándote,giving you
19961,bucear,diving
19962,tutora,tutor
19963,asaltaron,they robbed
19964,informaciones,information
19965,cartucho,cartridge
19966,lastimarme,hurt me
19967,ataúdes,coffins
19968,connors,Connors
19969,gómez,Gomez
19970,dubai,Dubai
19971,busqueda,search
19972,quererme,love me
19973,ocultan,hide
19974,prohibir,prohibit
19975,gallinero,chicken coop
19976,carnes,meats
19977,honrados,honest
19978,recitar,recite
19979,mantened,maintain
19980,ceros,zeros
19981,negando,denying
19982,cometimos,we committed
19983,formaron,they formed
19984,predijo,predicted
19985,vogel,Vogel
19986,entrarán,they will enter
19987,ideología,ideology
19988,emmet,Emmet
19989,dudé,I hesitated
19990,dublín,Dublin
19991,industriales,industrial
19992,declare,declare
19993,obtuvieron,they obtained
19994,prudencia,prudence
19995,luchaba,fought
19996,franquicia,franchise
19997,complicación,complication
19998,gremio,guild
19999,indicador,indicator
20000,barclay,Barclay
20001,gansos,geese
20002,refieren,they refer
20003,inquietud,concern
20004,atrapadas,trapped
20005,detuviera,stop
20006,infracción,infringement
20007,aclararlo,clarify
20008,abertura,opening
20009,finges,you pretend
20010,perspectivas,perspectives
20011,loto,lotus
20012,expresiones,expressions
20013,corregidos,corrected
20014,problemática,problem
20015,confundiendo,confusing
20016,visuales,visuals
20017,electo,elect
20018,salieras,you went out
20019,observadores,observers
20020,lidera,leads
20021,annalise,annalise
20022,janeway,Janeway
20023,estímulo,stimulus
20024,renal,renal
20025,encontrarlas,find them
20026,navideña,Christmas
20027,añicos,smithereens
20028,rendirnos,surrender
20029,literal,literal
20030,ultrasonido,ultrasound
20031,patton,Patton
20032,llévense,take them
20033,rotura,rip
20034,funk,funk
20035,muéstrales,sample
20036,ráfaga,burst
20037,poned,put
20038,pisando,stepping
20039,recordarán,they will remember
20040,gore,gore
20041,histérico,hysterical
20042,indigente,indigent
20043,apágala,Turn it off
20044,coágulo,clot
20045,joanie,Joanie
20046,espérate,wait
20047,preguntarlo,ask it
20048,interesó,interested
20049,firmeza,firmness
20050,crockett,crockett
20051,craneal,cranial
20052,conducirá,will lead
20053,vicioso,vicious
20054,conquistador,conqueror
20055,cuellos,necks
20056,trump,Trump
20057,troll,troll
20058,rublos,rubles
20059,college,college
20060,abrumado,overwhelmed
20061,detonar,detonate
20062,mckinley,McKinley
20063,port,port
20064,hiroshima,Hiroshima
20065,faros,lighthouses
20066,autorizó,authorized
20067,dióxido,dioxide
20068,explotan,exploit
20069,acuerdan,agree
20070,violadores,rapists
20071,travesura,mischief
20072,quarterback,quarterback
20073,ying,ying
20074,chalecos,vests
20075,teóricamente,in theory
20076,halaga,flatters
20077,castigarme,punish me
20078,camarón,shrimp
20079,krista,Krista
20080,maldecir,curse
20081,mit,mit
20082,epinefrina,epinephrine
20083,chimpancé,chimpanzee
20084,funcionen,work
20085,mareas,tides
20086,pisado,trodden
20087,bautista,baptist
20088,irrespetuoso,disrespectful
20089,diaz,Diaz
20090,idénticas,identical
20091,huang,huang
20092,entenderme,understand me
20093,meyers,Meyers
20094,limpiarte,cleanse
20095,controlamos,we control
20096,preocupando,worrying
20097,banjo,banjo
20098,burlarte,mock
20099,telefonear,call
20100,lavon,lavon
20101,planeada,planned
20102,sabrían,they would know
20103,lubricante,lubricant
20104,echarse,lie
20105,divorcios,divorces
20106,crezcan,grow
20107,arruinados,ruined
20108,pique,pique
20109,desafía,challenges
20110,comodidades,amenities
20111,pretendiente,suitor
20112,soportaba,endured
20113,aseo,restroom
20114,discuten,they argue
20115,corán,Koran
20116,cloaca,sewer
20117,servirme,serve me
20118,gerencia,management
20119,discute,discusses
20120,identifica,identifies
20121,peleaste,you fought
20122,investigan,they investigate
20123,decirselo,tell him
20124,empapada,soaked
20125,caparazón,shell
20126,soñaste,you dreamed
20127,gunther,gunther
20128,nutrientes,nutrients
20129,duplicado,duplicate
20130,menciono,I mention
20131,jimi,Jimi
20132,equivocarse,err
20133,florecer,flourish
20134,protejan,protect
20135,mandarlo,send it
20136,limita,limits
20137,emotivo,emotional
20138,hathaway,hathaway
20139,apago,I turn off
20140,carlisle,Carlisle
20141,bertha,Bertha
20142,peleé,I fought
20143,pisas,you step
20144,planeaste,you planned
20145,cúbranse,cover yourselves
20146,confesarte,confess
20147,parara,parara
20148,voltios,volts
20149,atrocidades,atrocities
20150,esgrima,fencing
20151,halagada,flattered
20152,barricada,barricade
20153,superará,will exceed
20154,suboficial,NCO
20155,estratégica,strategic
20156,península,peninsula
20157,jeb,jeb
20158,revoluciones,revolutions
20159,bajarme,get off
20160,cerrará,will close
20161,estantes,shelves
20162,hagamoslo,Let's do it
20163,tacón,heel
20164,llamáis,you call
20165,diversos,various
20166,connell,Connell
20167,elías,Elias
20168,calva,bald
20169,frágiles,fragile
20170,raoul,Raoul
20171,sudán,Sudan
20172,heredar,inherit
20173,recolectar,gather
20174,ness,ness
20175,follado,fucked
20176,ritz,ritz
20177,túmbate,lie down
20178,interfiriendo,interfering
20179,ofensas,offenses
20180,rentable,profitable
20181,lanzadera,shuttle
20182,atasco,jam
20183,n-no,n-no
20184,baron,baron
20185,gogh,Gogh
20186,enseñarnos,teach us
20187,devuelta,returned
20188,sevilla,Seville
20189,sospechan,suspect
20190,lapicera,pen
20191,óptica,optics
20192,fulano,so-and-so
20193,incursión,incursion
20194,sírvase,Please serve
20195,empleador,employer
20196,obligue,force
20197,mayer,Mayer
20198,popó,poop
20199,beijing,Beijing
20200,hinchada,fans
20201,nombramiento,appointment
20202,arboles,trees
20203,facilitar,ease
20204,cubrirlo,cover it
20205,estética,aesthetics
20206,pío,pious
20207,cc,DC
20208,blackie,Blackie
20209,secuencias,sequences
20210,keep,keep
20211,escaparate,showcase
20212,nt,nt
20213,acusaron,accused
20214,amando,loving
20215,rene,Rene
20216,revoir,revoir
20217,qui,who
20218,chorlito,plover
20219,infieles,unfaithful
20220,elogios,praise
20221,beep,beep
20222,salieran,they came out
20223,comentó,he commented
20224,hacedlo,Do it
20225,despertarlo,wake him up
20226,interceptar,intercept
20227,descafeinado,decaffeinated
20228,colateral,collateral
20229,plagas,pests
20230,antártida,Antarctica
20231,amados,beloved
20232,namaste,namaste
20233,doradas,golden
20234,prótesis,prosthesis
20235,difundir,spread
20236,galáctica,galactic
20237,incondicional,unconditional
20238,entregada,delivered
20239,surgen,arise
20240,porra,club
20241,sanchez,Sanchez
20242,kelsey,Kelsey
20243,llevársela,take it away
20244,estrangulado,strangled
20245,incompetencia,incompetence
20246,adoptada,adopted
20247,orquídeas,orchids
20248,apruebe,approve
20249,desvanece,fades
20250,observé,I observed
20251,agradezcas,thank you
20252,ponlos,put them
20253,excremento,excrement
20254,curará,will cure
20255,alegró,glad
20256,obligatoria,mandatory
20257,haití,Haiti
20258,inspirada,inspired
20259,próximamente,soon
20260,rafe,rafe
20261,conoci,I met
20262,everest,Everest
20263,camila,Camila
20264,enmascarado,masked
20265,cortados,cut
20266,volvio,returned
20267,susana,Susana
20268,recreación,recreation
20269,pekín,Beijing
20270,conectadas,connected
20271,asumimos,we assume
20272,corporales,body
20273,traicioné,I betrayed
20274,fije,fix
20275,mariscos,seafood
20276,desafiante,challenging
20277,descanses,rest
20278,procesamiento,prosecution
20279,rach,rach
20280,rendimos,we surrender
20281,baraja,deck
20282,mantuviera,kept
20283,vinculado,bound
20284,driscoll,driscoll
20285,jong,jong
20286,repítelo,Repeat it
20287,geometría,geometry
20288,pine,pine
20289,tenebroso,dark
20290,ejecutados,executed
20291,indignante,outrageous
20292,prueben,try
20293,mosqueteros,musketeers
20294,cubran,cover
20295,abrirán,will open
20296,hablador,talkative
20297,stokes,Stokes
20298,váter,toilet
20299,regresiva,regressive
20300,escucharán,they will hear
20301,cobrado,charged
20302,recomendaciones,recommendations
20303,comuna,commune
20304,partiendo,starting
20305,mandos,controls
20306,tariq,tariq
20307,ludwig,Ludwig
20308,dejase,let go
20309,cucharas,spoons
20310,pacíficamente,peaceably
20311,encargarnos,take care of it
20312,plazas,squares
20313,continentes,continents
20314,deseen,wish
20315,derramado,spilled
20316,fregar,scrub
20317,provincias,provinces
20318,vallas,fences
20319,mcbride,mcbride
20320,mezclan,mix
20321,cancelaron,they cancelled
20322,patrañas,lies
20323,oscurezca,get dark
20324,generosos,generous
20325,matilda,Matilda
20326,vancouver,Vancouver
20327,cableado,cabling
20328,distrae,distracts
20329,colapsó,collapse
20330,vendaje,bandage
20331,oregón,Oregon
20332,computación,computing
20333,pyo,pyo
20334,denso,dense
20335,pruebo,I try
20336,halagador,flattering
20337,muchedumbre,crowd
20338,cadaver,corpse
20339,larkin,larkin
20340,falsificar,falsify
20341,continuaré,I will continue
20342,rubí,ruby
20343,patrona,patroness
20344,tardando,taking
20345,recorriendo,touring
20346,equivocaba,was wrong
20347,sybil,Sybil
20348,monarca,monarch
20349,derrumbe,collapse
20350,guárdate,save yourself
20351,parrish,parrish
20352,misteriosamente,mysteriously
20353,fascinación,fascination
20354,tranquiliza,calms
20355,finley,finley
20356,cantará,will sing
20357,dottie,dottie
20358,rain,rain
20359,nado,swimming
20360,protestantes,Protestants
20361,johanna,Johanna
20362,forzando,forcing
20363,aguantado,endured
20364,falle,fail
20365,empresarial,business
20366,keaton,Keaton
20367,indígenas,indigenous people
20368,samir,Samir
20369,romperte,break
20370,caffrey,Caffrey
20371,oirlo,hear it
20372,leanne,Leanne
20373,imaginamos,we imagine
20374,orleáns,Orleans
20375,yuan,yuan
20376,welles,Welles
20377,poniéndose,getting
20378,estacion,season
20379,ups,oops
20380,frascos,jars
20381,peligrosamente,dangerously
20382,explícate,Explain yourself
20383,neptuno,Neptune
20384,frentes,fronts
20385,terminarán,will end
20386,dañados,damaged
20387,vámos,come on
20388,pasase,pass
20389,wi-fi,Wi-Fi
20390,wonder,wonder
20391,traerás,you will bring
20392,convenciones,conventions
20393,agáchense,duck
20394,mujercita,little woman
20395,cargue,load
20396,testosterona,testosterone
20397,engañados,deceived
20398,hampton,Hampton
20399,mea,mea
20400,configuración,configuration
20401,espesa,thick
20402,melbourne,Melbourne
20403,mccall,McCall
20404,tel,tel
20405,asiente,nods
20406,touchdown,touchdown
20407,ató,tied
20408,formaba,formed
20409,supermán,Superman
20410,democrático,democratic
20411,protectores,protectors
20412,insuficiencia,insufficiency
20413,zeta,zeta
20414,muriese,die
20415,acostumbrando,getting used to
20416,enchufe,plug
20417,aburres,You bore me
20418,vestidor,dressing room
20419,becas,scholarships
20420,dibujado,drawn
20421,tasas,rates
20422,ahórrate,save yourself
20423,moses,Moses
20424,consta,it consists
20425,estafadores,scammers
20426,curiosos,curious
20427,cerilla,match
20428,relajar,relax
20429,odiarte,I hate you
20430,tod,all
20431,relucir,shine
20432,brazaletes,bracelets
20433,quesos,cheeses
20434,meando,peeing
20435,tucson,Tucson
20436,enciclopedia,encyclopedia
20437,jose,José
20438,hooper,hooper
20439,magic,magic
20440,serif,serif
20441,necesitaras,you will need
20442,renunciaré,I will resign
20443,percibir,perceive
20444,púas,spikes
20445,guardarropa,wardrobe
20446,corriste,You ran
20447,aguardiente,schnapps
20448,sobreviviré,I will survive
20449,sucedieron,happened
20450,sacrificó,sacrificed
20451,alitas,wings
20452,bolton,Bolton
20453,equivale,equivalent
20454,atlas,atlas
20455,apretando,squeezing
20456,coreanos,Koreans
20457,bajaba,was going down
20458,sellados,sealed
20459,schultz,Schultz
20460,instaló,installed
20461,break,break
20462,proyector,projector
20463,canso,tired
20464,almuerzos,lunches
20465,reformas,reforms
20466,camarógrafo,cameraman
20467,stones,stones
20468,guiño,wink
20469,despiden,fire
20470,subiremos,we will go up
20471,zac,zac
20472,viajas,travel
20473,sureste,southeast
20474,nacimos,we were born
20475,inflación,inflation
20476,ren,ren
20477,visado,visa
20478,soplando,blowing
20479,agustín,augustine
20480,compatibles,compatible
20481,resulto,it turned out
20482,curly,curly
20483,avecina,neighbor
20484,stephens,Stephens
20485,pen,pen
20486,contados,counted
20487,colosal,colossal
20488,arman,arm
20489,masculinos,male
20490,conceder,grant
20491,insultante,insulting
20492,afilada,sharp
20493,guitarras,guitars
20494,laila,Laila
20495,largado,released
20496,pink,pink
20497,quitármelo,take it off
20498,yin,yin
20499,fausto,splendor
20500,debidamente,duly
20501,neuronas,neurons
20502,sabrosa,tasty
20503,jurada,sworn
20504,insisten,they insist
20505,discutieron,they argued
20506,verían,they would see
20507,emisiones,emissions
20508,meditar,meditate
20509,castigando,punishing
20510,reporta,reports
20511,kristina,Kristina
20512,absuelto,acquitted
20513,something,something
20514,olvidados,forgotten
20515,demostrarte,prove to yourself
20516,pasea,stroll
20517,crepúsculo,twilight
20518,comandantes,commanders
20519,repollo,cabbage
20520,destroza,destroys
20521,universos,universes
20522,merienda,snack
20523,aceptarla,accept it
20524,paisajes,landscapes
20525,derrocar,topple
20526,irrita,irrita
20527,rescató,rescued
20528,lancelot,Lancelot
20529,marcharon,marched
20530,caprichos,whims
20531,distribuir,distribute
20532,diseñados,designed
20533,aferrarse,hang on
20534,correrá,will run
20535,introdujo,introduced
20536,resultaba,it turned out
20537,convertirnos,become
20538,bellísima,beautiful
20539,nathalie,Nathalie
20540,ru,ru
20541,verificación,verification
20542,corrida,run
20543,incomodo,uncomfortable
20544,ecuaciones,equations
20545,cúbrete,cover yourself
20546,maniático,maniac
20547,titanes,titans
20548,escojo,I choose
20549,nba,NBA
20550,encontrarías,you would find
20551,equivocarme,to be wrong
20552,entrena,train
20553,album,album
20554,comisaria,police station
20555,apoyaré,I will support
20556,ejecuciones,executions
20557,ora,now
20558,soon,soon
20559,prof.,prof.
20560,lucie,Lucie
20561,retiramos,we withdraw
20562,escéptico,skeptical
20563,tech,tech
20564,violaste,you violated
20565,psicóloga,psychologist
20566,entendimos,we understood
20567,absolución,absolution
20568,gastan,spend
20569,prior,prior
20570,lowell,Lowell
20571,reliquias,relics
20572,aorta,aorta
20573,aumentan,increase
20574,chantajeando,blackmailing
20575,caídas,falls
20576,esforzado,hardworking
20577,recortar,trim
20578,acostumbrarás,you will get used to it
20579,hackers,hackers
20580,party,party
20581,zurich,Zurich
20582,descubiertos,discovered
20583,cojamos,let's take
20584,huyo,I flee
20585,bajaremos,we will go down
20586,moody,moody
20587,muchísimos,many
20588,conmovedora,moving
20589,suplicar,supplicate
20590,cher,cher
20591,fingía,pretended
20592,aturdido,stunned
20593,ramírez,Ramirez
20594,japonesas,Japanese
20595,maldigo,I curse
20596,sinvergüenzas,scoundrels
20597,prestados,borrowed
20598,kali,Kali
20599,hurley,Hurley
20600,escriban,write
20601,mocosos,brats
20602,ursula,Ursula
20603,tijera,scissors
20604,perjudicial,harmful
20605,autodestrucción,self-destruction
20606,aya,governess
20607,platón,Plato
20608,compartes,share
20609,admirado,admired
20610,fusibles,fuses
20611,omaha,Omaha
20612,nacionalidad,nationality
20613,lancaster,Lancaster
20614,desconfianza,distrust
20615,armó,armed
20616,marisol,Marisol
20617,rivalidad,rivalry
20618,tranquilizantes,tranquilizers
20619,aterriza,lands
20620,dirigirá,will direct
20621,poseía,possessed
20622,friki,geek
20623,historiador,historian
20624,noona,noona
20625,willoughby,willoughby
20626,digerir,digest
20627,condominio,condominium
20628,cadetes,cadets
20629,tibio,warm
20630,proctor,proctor
20631,fumadores,smokers
20632,estantería,rack
20633,asegure,make sure
20634,asistió,attended
20635,interfiera,interfere
20636,pediatra,pediatrician
20637,barrotes,bars
20638,tanga,thong
20639,alcanzaré,I will reach
20640,provee,provides
20641,estirado,stretched
20642,amaste,you loved
20643,acordaba,agreed
20644,layla,Layla
20645,limbo,limbo
20646,formamos,we form
20647,hester,hester
20648,pretencioso,pretentious
20649,baekje,baekje
20650,vengador,avenger
20651,indirecta,hint
20652,sirvan,serve
20653,diplomáticos,diplomats
20654,accesible,accessible
20655,creces,you grow
20656,ryo,ryo
20657,abramos,Let's open
20658,desembarco,landing
20659,interesar,interest
20660,olvidéis,forget
20661,turístico,tourist
20662,fijamos,we set
20663,cebra,zebra
20664,ibm,IBM
20665,holgazán,idle
20666,gob,go
20667,variedades,varieties
20668,saldar,pay off
20669,lacayo,footman
20670,bebimos,we drank
20671,levantaré,I will lift
20672,velocidades,speeds
20673,mercadería,commodity
20674,delincuencia,delinquency
20675,castilla,Castile
20676,unánime,unanimous
20677,discretos,discreet
20678,garret,Garrett
20679,exótica,exotic
20680,nachos,nachos
20681,elijas,choose
20682,tendieron,they tended
20683,asesinando,murdering
20684,muévelo,move it
20685,cds,CDs
20686,blasfemia,blasphemy
20687,anticipado,early
20688,ventura,fortune
20689,quagmire,quagmire
20690,discapacidad,disability
20691,tania,Tania
20692,abominación,abomination
20693,elmer,Elmer
20694,worth,worth
20695,elle,she
20696,cascabel,bell
20697,búfalos,buffalo
20698,asociada,associate
20699,probaremos,we'll try
20700,derramamiento,shedding
20701,devastado,devastated
20702,mueble,furniture
20703,fascismo,fascism
20704,confidenciales,confidential
20705,tocaría,would play
20706,proyectil,projectile
20707,eliminarlo,delete it
20708,exagerada,exaggerated
20709,starbucks,Starbucks
20710,melones,melons
20711,free,free
20712,compton,Compton
20713,plutonio,plutonium
20714,tardas,you take
20715,regala,give away
20716,alcanzando,reaching
20717,alpes,Alps
20718,avería,fault
20719,observatorio,observatory
20720,avisaron,they warned
20721,calmantes,calming agents
20722,ad,ad
20723,roxanne,Roxanne
20724,hard,hard
20725,destruirlos,destroy them
20726,echarla,throw it
20727,comparada,compared
20728,peregrino,pilgrim
20729,sharma,sharma
20730,abbie,Abbie
20731,calabazas,pumpkins
20732,breves,brief
20733,compartida,shared
20734,deep,deep
20735,paradise,paradise
20736,muhammad,Muhammad
20737,horizontal,horizontal
20738,alineación,alignment
20739,relajarnos,relax
20740,celebran,celebrate
20741,cabronazo,bastard
20742,notarlo,notice it
20743,alcanzará,will reach
20744,hagen,Hagen
20745,tapón,plug
20746,dejándome,leaving me
20747,disneylandia,Disneyland
20748,sacarse,to take out
20749,comprometerse,commit
20750,three,three
20751,encierren,lock up
20752,cancele,cancel
20753,enfrento,I face
20754,lavanda,lavender
20755,escapara,escape
20756,administrativo,administrative
20757,asustarla,scare her
20758,aprecian,appreciate
20759,bañado,bathed
20760,causaría,would cause
20761,again,again
20762,tijuana,Tijuana
20763,bren,Bren
20764,convertirán,will convert
20765,acosar,harass
20766,travers,travers
20767,amazing,amazing
20768,congela,freezes
20769,posicion,position
20770,estelle,Estelle
20771,chloé,Chloe
20772,constructores,builders
20773,monarquía,monarchy
20774,cacao,cocoa
20775,coopera,cooperate
20776,instrumental,instrumental
20777,rabbit,rabbit
20778,arquero,goalkeeper
20779,demostrando,demonstrating
20780,salirme,leave
20781,complicidad,complicity
20782,lloriquear,whimper
20783,cullen,Cullen
20784,extraordinariamente,extraordinarily
20785,muelas,grinders
20786,ecografía,ultrasound
20787,ori,ori
20788,cupón,coupon
20789,ofenderte,offend you
20790,controversia,controversy
20791,trailer,trailer
20792,kylie,Kylie
20793,senti,I felt
20794,descubrirán,they will discover
20795,talk,talk
20796,detesta,detests
20797,miau,meow
20798,fnmicrosoft,fnmicrosoft
20799,derribó,knocked down
20800,limites,boundaries
20801,repartiendo,distributing
20802,rebeca,cardigan
20803,quitate,take it off
20804,mangos,mangoes
20805,griff,griff
20806,infecciones,infections
20807,gwang,Gwang
20808,papelera,bin
20809,volaremos,we will fly
20810,pizzería,pizzeria
20811,hacérselo,do it
20812,admiten,they admit
20813,payson,payson
20814,captado,captured
20815,envíos,shipments
20816,really,really
20817,déficit,deficit
20818,oírlos,hear them
20819,aha,aha
20820,porvenir,future
20821,franky,Franky
20822,atienda,attend
20823,sembrar,sow
20824,manojo,bunch
20825,respirador,respirator
20826,brass,brass
20827,mackey,Mackey
20828,yul,Yul
20829,besan,kiss
20830,tj,tj
20831,brasileño,Brazilian
20832,ab,ab
20833,darth,Darth
20834,campesina,peasant woman
20835,doctrina,doctrine
20836,fijó,fixed
20837,referías,you were referring to
20838,viajé,journey
20839,columpio,swing
20840,kingsley,Kingsley
20841,volvo,Volvo
20842,avergüences,be ashamed
20843,wilhelm,Wilhelm
20844,tonterias,foolishness
20845,asignaron,assigned
20846,pensaran,they thought
20847,poni,pony
20848,jodes,You're annoying.
20849,osborne,Osborne
20850,senil,senile
20851,viceversa,vice versa
20852,despertamos,we woke up
20853,viviste,you lived
20854,liberarse,free
20855,renegado,renegade
20856,porte,bearing
20857,bhai,bhai
20858,cojín,cushion
20859,miki,miki
20860,difamación,defamation
20861,válvulas,valves
20862,extrañaría,I would miss it
20863,seducción,seduction
20864,despacito,slowly
20865,veterinaria,vet
20866,milwaukee,Milwaukee
20867,melancolía,melancholia
20868,comprarse,buy
20869,lew,lew
20870,descargas,downloads
20871,providencia,providence
20872,moriarty,moriarty
20873,picó,beak
20874,potable,potable
20875,humillarme,humiliate me
20876,naufragio,shipwreck
20877,apetezca,I feel like it
20878,sta.,Sta.
20879,damian,Damian
20880,mohammed,Mohammed
20881,alegraría,would be glad
20882,calambres,cramps
20883,moros,Moors
20884,liviano,light
20885,liberarlo,free him
20886,desenterrar,unearth
20887,retirados,retired
20888,levantaba,lifted
20889,cortejo,courtship
20890,mora,blackberry
20891,doncellas,maidens
20892,desayunado,breakfast
20893,sobrinos,nephews
20894,valeria,Valeria
20895,distingue,distinguishes
20896,engañaba,deceived
20897,pagaban,they paid
20898,aparezcan,appear
20899,hattie,Hattie
20900,coreana,Korean
20901,testaruda,stubborn
20902,olivier,Olivier
20903,antidepresivos,antidepressants
20904,fascinantes,fascinating
20905,sioux,Sioux
20906,cese,cessation
20907,dormirme,fall asleep
20908,moira,Moira
20909,clem,clem
20910,marcie,Marcie
20911,guineas,guineas
20912,retrospectiva,retrospective
20913,asistido,assisted
20914,pinchado,punctured
20915,brand,brand
20916,informantes,informants
20917,duraría,would last
20918,britta,britta
20919,alquilé,I rented
20920,tap,tap
20921,markham,Markham
20922,influyente,influential
20923,recibirlo,receive it
20924,mánager,manager
20925,donnelly,donnelly
20926,burros,donkeys
20927,chusma,rabble
20928,laurence,Laurence
20929,nuño,nuño
20930,gill,gill
20931,plateada,silver
20932,segun,according to
20933,estéreo,stereo
20934,mareos,dizziness
20935,huela,smell
20936,scooby,Scooby
20937,defiendo,I defend
20938,sorteo,lottery
20939,ocasional,occasional
20940,arcos,arches
20941,reproducir,reproduce
20942,casquillos,shells
20943,aparenta,appears
20944,avanzan,advance
20945,carteras,wallets
20946,ichi,ichi
20947,arrepentirá,will regret
20948,verificado,verified
20949,conectando,connecting
20950,aceptarán,will accept
20951,siguiéndome,following me
20952,demorar,delay
20953,descendencia,offspring
20954,viese,I saw
20955,entrenada,trained
20956,resistirme,resist
20957,cansó,tired
20958,ocupaba,occupied
20959,ro,ro
20960,bloody,bloody
20961,estrellado,starry
20962,windsor,Windsor
20963,proximidad,proximity
20964,burger,burger
20965,aguanten,hang in there
20966,palizas,beatings
20967,semanales,weekly
20968,tirarla,throw it away
20969,coles,cabbages
20970,shorts,shorts
20971,escoceses,Scots
20972,feeny,feeny
20973,toxicológico,toxicological
20974,enfadas,you get angry
20975,materna,maternal
20976,predicar,preach
20977,patricio,patrician
20978,latin,Latin
20979,shep,Shep
20980,clavó,nail
20981,hindúes,Hindus
20982,aspirantes,applicants
20983,crazy,crazy
20984,chop,chop
20985,hap,hap
20986,ultimas,latest
20987,definido,definite
20988,hari,hari
20989,pensad,think
20990,inofensiva,harmless
20991,agota,exhausts
20992,ruben,Ruben
20993,agrega,add
20994,apagan,turn off
20995,cachonda,horny
20996,barricadas,barricades
20997,lunares,moles
20998,plantea,raises
20999,liberando,freeing
21000,advertencias,warnings
21001,mount,mount
21002,soltarlo,let it go
21003,patearé,I'll kick
21004,luminoso,bright
21005,conmueve,It moves
21006,filippo,Filippo
21007,roben,steal
21008,preséntese,introduce yourself
21009,promotor,promoter
21010,seguidor,follower
21011,saltamontes,grasshopper
21012,castellano,Castilian
21013,juzgarme,judge me
21014,arsénico,arsenic
21015,law,law
21016,trenzas,braids
21017,buscarlas,look for them
21018,operan,operate
21019,sabríamos,we would know
21020,partiré,I will leave
21021,jonny,jonny
21022,hazañas,feats
21023,hu,hu
21024,manejamos,we handle
21025,empacando,packing
21026,family,family
21027,gozo,joy
21028,monet,money
21029,intencional,intentional
21030,penicilina,penicillin
21031,obrera,worker
21032,dirigí,I directed
21033,informarme,inform me
21034,oyentes,listeners
21035,empeñado,pawned
21036,sociable,sociable
21037,sintieras,you felt
21038,pasaras,you will pass
21039,llegase,arrived
21040,consideraré,I will consider
21041,cachemira,cashmere
21042,herederos,heirs
21043,giró,turn
21044,encerrarme,lock myself up
21045,disfrutaste,enjoyed
21046,ministra,minister
21047,money,money
21048,próspero,prosperous
21049,históricos,historical
21050,alarmante,frightening
21051,contratistas,contractors
21052,detectores,detectors
21053,cabalgando,riding
21054,trasbordador,ferry
21055,sentadas,seated
21056,pandillero,gangster
21057,garland,Garland
21058,palabrotas,swear words
21059,estad,state
21060,escáneres,scanners
21061,empeoró,worsened
21062,rascacielos,skyscraper
21063,devolviste,you returned
21064,plazos,deadlines
21065,disputas,disputes
21066,armería,armory
21067,inc,Inc.
21068,igualar,match
21069,contrabandistas,smugglers
21070,comenzara,would begin
21071,ripley,Ripley
21072,delatar,betray
21073,visité,I visited
21074,cetro,scepter
21075,palermo,Palermo
21076,spears,spears
21077,hornear,bake
21078,callejeros,street people
21079,momentito,just a moment
21080,bucky,Bucky
21081,llendo,going
21082,jocelyn,jocelyn
21083,shadow,shadow
21084,tráele,bring him
21085,ubicado,located
21086,arriesgo,I risk
21087,marché,I left
21088,jets,jets
21089,bb,bb
21090,jobs,jobs
21091,apagaron,They turned off
21092,norfolk,Norfolk
21093,postes,posts
21094,lamentos,regrets
21095,cesárea,Caesarean section
21096,batear,bat
21097,desapareces,you disappear
21098,colecta,collection
21099,rufián,ruffian
21100,engordar,fatten
21101,muriéndose,dying
21102,indicación,indication
21103,prometas,promise
21104,electrones,electrons
21105,prejuicio,prejudice
21106,respete,respect
21107,contagiosa,contagious
21108,patriotismo,patriotism
21109,rambo,Rambo
21110,instantáneo,instant
21111,madden,Madden
21112,dimitir,resign
21113,subtitles,subtitles
21114,mística,mysticism
21115,alistair,Alistair
21116,reembolso,refund
21117,jerarquía,hierarchy
21118,abandonarlo,abandon it
21119,especia,spice
21120,colette,Colette
21121,solicitamos,we request
21122,hemisferio,hemisphere
21123,utilizaron,they used
21124,superficiales,superficial
21125,jordania,Jordan
21126,rudolph,Rudolph
21127,dispararles,shoot them
21128,macy,Macy
21129,esperándonos,waiting for us
21130,variables,variables
21131,recordáis,Do you remember?
21132,subterránea,underground
21133,cuadrada,square
21134,ladrando,barking
21135,indulgente,indulgent
21136,castidad,chastity
21137,residuo,residue
21138,jfk,jfk
21139,coherente,consistent
21140,insolencia,insolence
21141,glaciar,glacier
21142,esforzarse,strive
21143,oleada,wave
21144,acuso,I accuse
21145,ensaladas,salads
21146,arreste,arrest
21147,polígrafo,polygraph
21148,helene,Helene
21149,divierta,have fun
21150,visitaba,visited
21151,bañador,swimsuit
21152,adorado,adored
21153,lgual,equal
21154,abandonamos,we abandoned
21155,disfrutamos,we enjoyed
21156,oporto,port
21157,pelucas,wigs
21158,dae,dae
21159,belgrado,Belgrade
21160,impedirá,will prevent
21161,tumores,tumors
21162,determina,determines
21163,mascara,mask
21164,caño,spout
21165,gossip,gossip
21166,letales,lethal
21167,kono,kono
21168,topé,stop
21169,fascina,fascina
21170,spring,spring
21171,podras,you will be able to
21172,vigilarlo,watch it
21173,vous,you
21174,calambre,electric shock
21175,better,better
21176,culata,butt
21177,cuarteto,quartet
21178,wen,wen
21179,grabados,engravings
21180,cógeme,grab me
21181,abandonarme,abandon me
21182,expectativa,expectation
21183,bobos,fools
21184,carisma,charisma
21185,alteración,disturbance
21186,liberaron,they released
21187,preventiva,preventive
21188,soltaron,they released
21189,lázaro,Lazarus
21190,amiguitos,little friends
21191,loft,loft
21192,olvidara,forget
21193,apasionante,thrilling
21194,separando,separating
21195,volcanes,volcanoes
21196,colado,strained
21197,proteges,you protect
21198,linden,linden
21199,gastes,spend
21200,recámara,bedroom
21201,bash,bash
21202,impaciencia,impatience
21203,soho,Soho
21204,lavé,I washed
21205,citando,quoting
21206,rapidamente,quickly
21207,descuidada,careless
21208,enciendo,I turn on
21209,anticuada,outdated
21210,carmine,carmine
21211,renunciando,resigning
21212,ofrezca,offer
21213,kessler,kessler
21214,singer,singer
21215,examine,examine
21216,wilkins,wilkins
21217,destruiría,would destroy
21218,enseñes,teach
21219,mováis,move
21220,arranco,I start
21221,loquero,madam
21222,rizado,curly
21223,golpeen,hit
21224,celebremos,Let's celebrate
21225,alegremente,happily
21226,lavadero,laundry
21227,debia,I owed
21228,destruí,I destroyed
21229,envíes,send
21230,sólidos,solids
21231,venderlos,sell them
21232,veintidós,twenty-two
21233,ae,ae
21234,rahl,Rahl
21235,preguntarán,they will ask
21236,sonreir,smile
21237,milagrosa,miraculous
21238,disfrazada,disguised
21239,denis,denis
21240,monopolio,monopoly
21241,odiaban,hated
21242,cabellera,hair
21243,hemingway,Hemingway
21244,positivamente,positively
21245,librarnos,free ourselves
21246,ebay,eBay
21247,invitarlo,invite him
21248,anotó,he scored
21249,estupendas,great
21250,reversa,reverse
21251,peaje,toll
21252,facilmente,easily
21253,consumidores,consumers
21254,vds.,you.
21255,representado,represented
21256,jimbo,Jimbo
21257,reclutado,recruited
21258,dominación,domination
21259,mataras,you will kill
21260,micky,Micky
21261,flanders,Flanders
21262,capuchino,cappuccino
21263,creia,I believed
21264,niko,Niko
21265,erótica,erotica
21266,climático,climatic
21267,ham,ham
21268,horrendo,horrific
21269,munch,Munch
21270,traiciona,betrays
21271,científicas,scientists
21272,ordenaste,you ordered
21273,permanecido,remained
21274,safari,safari
21275,distritos,districts
21276,bruta,gross
21277,sucedio,happened
21278,valles,valleys
21279,ensuciar,mess
21280,caricias,petting
21281,volaba,flew
21282,orgasmos,orgasms
21283,alejamiento,remoteness
21284,kaplan,Kaplan
21285,rogó,begged
21286,démonos,Let's give ourselves
21287,lugareños,locals
21288,lucio,pike
21289,fugitiva,fugitive
21290,fallon,fallon
21291,despida,fire
21292,waldorf,Waldorf
21293,oírnos,hear us
21294,orión,Orion
21295,logrando,achieving
21296,adoptivo,adoptive
21297,cines,cinemas
21298,pretty,pretty
21299,patrullando,patrolling
21300,escondiéndose,hiding
21301,procedan,proceed
21302,é,and
21303,incómodos,uncomfortable
21304,volvían,they were returning
21305,matador,matador
21306,productivo,productive
21307,espéreme,wait for me
21308,didn,didn
21309,cilindro,cylinder
21310,extrañe,I missed it
21311,nooo,nooo
21312,brendon,Brendon
21313,paraste,paraste
21314,atraparte,to catch you
21315,embrujado,haunted
21316,dispararan,they will shoot
21317,gastaste,you spent
21318,quitara,remove
21319,nicholson,Nicholson
21320,comodoro,commodore
21321,concursante,contestant
21322,transcripción,transcription
21323,estuche,case
21324,nominación,nomination
21325,chick,chick
21326,cipri,cipri
21327,envejeciendo,aging
21328,aéreos,air
21329,ignóralo,Ignore it
21330,horton,Horton
21331,hailey,Hailey
21332,confio,I trust
21333,evitó,avoided
21334,sujetando,holding
21335,sharp,sharp
21336,murph,murph
21337,thing,thing
21338,donner,donner
21339,disfrutaba,I enjoyed it
21340,halle,find
21341,desearías,would you wish
21342,astutos,cunning
21343,embajadora,ambassador
21344,cedric,Cedric
21345,pulsar,press
21346,inusuales,unusual
21347,devuelven,return
21348,álbumes,albums
21349,tratarla,treat her
21350,clóset,closet
21351,borden,border
21352,avanzamos,we are moving forward
21353,sufres,you suffer
21354,pecera,fish tank
21355,echara,would throw
21356,navío,ship
21357,previos,previous
21358,acompañada,accompanied
21359,sanjana,ditch
21360,salten,jump
21361,improvisación,improvisation
21362,absorbe,absorbs
21363,goldberg,Goldberg
21364,modificaciones,modifications
21365,pops,pops
21366,dudando,doubting
21367,consultado,consulted
21368,oírle,hear him
21369,pasaran,they will pass
21370,cornudo,cuckold
21371,link,link
21372,prestan,lend
21373,indigentes,homeless
21374,hartley,Hartley
21375,apriete,tighten
21376,devolución,return
21377,sansón,Samson
21378,descansado,rested
21379,vítores,cheers
21380,cunningham,Cunningham
21381,infinitamente,infinitely
21382,christa,Christa
21383,aspen,aspen
21384,resucitado,resurrected
21385,heh,heh
21386,cy,cy
21387,sanitario,sanitary
21388,tobías,Tobias
21389,deshice,I undid
21390,manitas,little hands
21391,ramen,ramen
21392,oponentes,opponents
21393,jodie,Jodie
21394,protejo,I protect
21395,necesitaríamos,we would need
21396,perspicaz,perceptive
21397,ciro,Cyrus
21398,verificarlo,verify it
21399,metiéndose,getting in
21400,temblores,tremors
21401,concuerdo,I agree
21402,nightingale,nightingale
21403,dudarlo,doubt it
21404,plus,plus
21405,brenner,Brenner
21406,hallaremos,we will find
21407,debates,debates
21408,exageración,exaggeration
21409,contratando,hiring
21410,rebanada,slice
21411,myrtle,myrtle
21412,volveríamos,we would return
21413,comiences,begin
21414,shorty,shorty
21415,sandoval,Sandoval
21416,samson,Samson
21417,andante,walking
21418,corcho,cork
21419,contratada,hired
21420,sostenerlo,hold it
21421,comprendió,understood
21422,boli,pen
21423,acueste,lie down
21424,codigo,code
21425,marguerite,Marguerite
21426,demandando,demanding
21427,liquidación,settlement
21428,leary,Leary
21429,escondas,hide
21430,ayudaras,you will help
21431,bypass,bypass
21432,morgana,Morgana
21433,énfasis,emphasis
21434,tau,tau
21435,eyes,eyes
21436,usb,USB
21437,peppino,cucumber
21438,practicas,practices
21439,recorte,cutout
21440,dispararán,they will shoot
21441,haberos,to have
21442,aplaudir,applaud
21443,tardaría,it would take
21444,inspirar,inspire
21445,sureño,southern
21446,navid,Christmas
21447,march,march
21448,cuddy,Cuddy
21449,resumiendo,in summary
21450,aplican,apply
21451,despiadada,ruthless
21452,tensiones,tensions
21453,recuperarás,you will recover
21454,apretó,pressed
21455,conecte,connect
21456,ladrar,bark
21457,dudoso,doubtful
21458,maris,maris
21459,fluir,flow
21460,kumar,kumar
21461,gozar,enjoy
21462,grover,Grover
21463,tómense,take
21464,tiny,tiny
21465,imaginó,imagined
21466,teller,teller
21467,rastreamos,we track
21468,cavernas,caverns
21469,permitirán,will allow
21470,basil,basil
21471,lba,lba
21472,dramas,dramas
21473,rochelle,Rochelle
21474,indulto,pardon
21475,orientales,orientals
21476,cargadas,loaded
21477,prohibidos,prohibited
21478,derrotados,defeated
21479,apariciones,appearances
21480,lau,lau
21481,azucar,sugar
21482,humillada,humiliated
21483,inconvenientes,disadvantages
21484,regan,water
21485,manualmente,manually
21486,yankee,Yankee
21487,sanguijuelas,leeches
21488,escucharás,you will hear
21489,llanta,tire
21490,asa,handle
21491,ultimátum,ultimatum
21492,traseras,rear
21493,concebido,conceived
21494,escaso,scarce
21495,aburriendo,boring
21496,estimación,estimate
21497,traduce,translate
21498,rema,row
21499,sor,Sister
21500,shen,shen
21501,crash,crash
21502,impotencia,impotence
21503,keating,keating
21504,hernán,Hernán
21505,participante,participant
21506,primitivos,primitives
21507,conseguirnos,get us
21508,jem,jem
21509,cuco,cuckoo
21510,húngaro,Hungarian
21511,murmullo,murmur
21512,goliat,Goliath
21513,mill,mill
21514,peña,grief
21515,carpenter,carpenter
21516,acompañan,accompany
21517,señalado,indicated
21518,recordara,will remember
21519,compostura,composure
21520,resultaría,it would result
21521,tratarán,they will try
21522,antibalas,bulletproof
21523,castigos,punishments
21524,bug,bug
21525,sospechamos,we suspect
21526,pavel,pavel
21527,shell,shell
21528,brotes,outbreaks
21529,batida,raid
21530,difunde,spread
21531,ordenanza,ordinance
21532,hwang,hwang
21533,agotados,sold out
21534,trabajaría,would work
21535,bajada,descent
21536,gradas,stands
21537,comedias,comedies
21538,annabelle,Annabelle
21539,manuales,manuals
21540,pelearse,fight
21541,forge,forge
21542,palomo,pigeon
21543,vómitos,vomiting
21544,trajeras,you would bring
21545,superiora,superior
21546,sacarás,you will get
21547,quitarán,they will remove
21548,trizas,shreds
21549,mantuviste,you maintained
21550,llamándote,calling you
21551,wilde,wilde
21552,vern,vern
21553,dedican,dedicate
21554,agrícola,agricultural
21555,escapen,escape
21556,resista,resist
21557,imaginaria,imaginary
21558,aliada,ally
21559,carretilla,forklift truck
21560,pinos,pine trees
21561,neelix,neelix
21562,peluda,hairy
21563,gastas,you spend
21564,cajita,small box
21565,escúpelo,spit it out
21566,exigen,they demand
21567,recompensado,rewarded
21568,alejas,you move away
21569,farmer,farmer
21570,jerri,jerri
21571,miraron,they looked
21572,gaviota,seagull
21573,frambuesa,raspberry
21574,secret,secret
21575,divorciaron,They divorced
21576,bancarios,bankers
21577,utilizaba,used
21578,despertarás,you will awaken
21579,ortografía,spelling
21580,cagaste,You screwed up
21581,prefiera,prefer
21582,ídolos,idols
21583,conectamos,we connect
21584,rendiré,I will surrender
21585,iqué,Ike
21586,kalinda,Kalinda
21587,preocupara,worried
21588,madurado,matured
21589,idealista,idealistic
21590,eficacia,effectiveness
21591,carmichael,Carmichael
21592,instantes,moments
21593,rodeando,surrounding
21594,ciudadanía,citizenship
21595,encierra,encloses
21596,densa,dense
21597,represión,repression
21598,orquídea,orchid
21599,llámale,call him
21600,pudieses,could
21601,refugiado,refugee
21602,madriguera,burrow
21603,devolviendo,returning
21604,mamón,mammon
21605,insistente,insistent
21606,controlados,controlled
21607,obvias,obvious
21608,instagram,Instagram
21609,olvidarla,forget her
21610,pateado,kicked
21611,leñador,woodcutter
21612,sitúa,places
21613,ámbito,scope
21614,ritos,rites
21615,violinista,violinist
21616,perversa,perverse
21617,moretti,Moretti
21618,cubrirme,cover me
21619,ejecuta,executes
21620,bip,beep
21621,townsend,townsend
21622,strip,strip
21623,platillos,dishes
21624,vomito,vomit
21625,sueldos,salaries
21626,respondía,responded
21627,daddy,daddy
21628,preguntándose,wondering
21629,recuperes,recover
21630,inventos,inventions
21631,bajarlo,lower it
21632,recuperarme,recover
21633,ilimitado,unlimited
21634,quo,quo
21635,votaron,they voted
21636,tipa,type
21637,calmarnos,calm down
21638,raju,raju
21639,adivinas,guess
21640,mayas,Mayans
21641,acostúmbrate,get used to it
21642,franja,fringe
21643,elmo,Elmo
21644,equivocaron,They were wrong.
21645,escalas,scales
21646,rellena,filler
21647,rechazas,you reject
21648,producida,produced
21649,aseguran,they assure
21650,sisko,sisko
21651,sócrates,Socrates
21652,cuéntenos,Tell us
21653,siniestra,sinister
21654,ibais,you were going
21655,suspense,suspense
21656,bizcochos,sponge cakes
21657,azotes,whippings
21658,goldie,Goldie
21659,eagle,eagle
21660,cráneos,skulls
21661,envuelve,wraps
21662,déjese,leave
21663,yorkshire,Yorkshire
21664,sumas,sums
21665,nauseas,nausea
21666,emborracharse,get drunk
21667,entenderte,understanding you
21668,confiada,confident
21669,diese,diese
21670,retirando,withdrawing
21671,rizos,curls
21672,dedicaba,dedicated
21673,dover,Dover
21674,progresar,progress
21675,propulsores,propulsion systems
21676,concesiones,concessions
21677,inevitablemente,inevitably
21678,tememos,we fear
21679,focas,seals
21680,felicitar,congratulate
21681,tragedias,tragedies
21682,utilicé,I used
21683,primario,primary
21684,venderemos,we will sell
21685,motocicletas,motorcycles
21686,voltaje,voltage
21687,capacitado,trained
21688,abrirte,open yourself
21689,obligarte,force you
21690,preferible,preferable
21691,misionero,missionary
21692,quirúrgico,surgical
21693,skywalker,skywalker
21694,pararemos,we will stop
21695,vu,vu
21696,confundidos,confused
21697,quiéres,want
21698,colchones,mattresses
21699,imponente,imposing
21700,debatir,discuss
21701,simbólico,symbolic
21702,necesitarlo,need it
21703,ignacio,Ignatius
21704,pit,pit
21705,viga,beam
21706,subirlo,upload it
21707,diferenciar,differentiate
21708,reviso,I review
21709,bailen,dance
21710,audacia,audacity
21711,porrista,cheerleader
21712,cede,yields
21713,oskar,Oskar
21714,económicas,economic
21715,muela,molar
21716,juanita,Juanita
21717,hurto,theft
21718,boomer,boomer
21719,tsunami,tsunami
21720,reportando,reporting
21721,rencores,grudges
21722,tejer,weave
21723,adoración,worship
21724,residencial,residential
21725,boxear,box
21726,monumentos,sights
21727,borrón,blot
21728,halcones,falcons
21729,luche,fight
21730,tampa,Tampa
21731,misha,misha
21732,coñazo,pain in the ass
21733,engañada,deceived
21734,señalando,pointing
21735,formato,format
21736,científicamente,scientifically
21737,pelearé,I will fight
21738,inventamos,we invented
21739,dejadle,leave him
21740,intimidante,intimidating
21741,desechable,disposable
21742,centeno,rye
21743,rowan,Rowan
21744,catéter,catheter
21745,cuestionando,questioning
21746,blackjack,blackjack
21747,vaginal,vaginal
21748,interpretando,interpreting
21749,directas,direct
21750,trinity,Trinity
21751,obligué,I forced
21752,quemarlo,burn it
21753,sabíais,did you know
21754,glass,glass
21755,limpiamos,We clean
21756,regionales,regional
21757,coreografía,choreography
21758,confundí,I confused
21759,adaptado,adapted
21760,enrico,Enrico
21761,putada,damn
21762,eliminando,eliminating
21763,gaviotas,seagulls
21764,aseguradora,insurance
21765,shalom,Shalom
21766,status,status
21767,sueñan,they dream
21768,cautela,caution
21769,pearce,Pearce
21770,debieras,You should
21771,prosiga,continue
21772,tiroteos,shootings
21773,invadiendo,invading
21774,rohit,rohit
21775,samba,samba
21776,voté,I voted
21777,adoptó,adopted
21778,anoté,I wrote
21779,tamabin,tamabin
21780,genuina,genuine
21781,detallada,detailed
21782,practicamente,practically
21783,esperarlo,wait for it
21784,gustavo,Gustavo
21785,concluyente,conclusive
21786,patología,pathology
21787,veer,see
21788,bondadoso,kind
21789,sentíamos,we felt
21790,sobriedad,sobriety
21791,liberará,will release
21792,osama,osama
21793,encantaban,I loved them
21794,consultas,queries
21795,interminables,endless
21796,french,French
21797,repercusiones,repercussions
21798,prohibidas,prohibited
21799,chuleta,chop
21800,galerías,galleries
21801,besarse,kissing
21802,enviadas,sent
21803,culito,little butt
21804,estrangular,strangle
21805,yay,yay
21806,disfrazados,disguised
21807,pistoleros,gunmen
21808,tapado,covered
21809,rapidito,quick
21810,juramos,we swore
21811,asistenta,assistant
21812,anteayer,day before yesterday
21813,hernia,hernia
21814,larvas,larvae
21815,mi6,mi6
21816,atormentado,tormented
21817,kowalski,kowalski
21818,branch,branch
21819,crown,Crown
21820,discográfica,record label
21821,quejar,complain
21822,encerrarlo,lock him up
21823,recomendaría,I would recommend
21824,castigarte,punish you
21825,maestras,teachers
21826,enciéndelo,Turn it on
21827,discapacitados,disabled
21828,fusible,fuse
21829,aeródromo,aerodrome
21830,abono,pass
21831,justificación,justification
21832,ocean,ocean
21833,retro,retro
21834,delicadas,delicate
21835,quemaste,you burned
21836,retrasando,delaying
21837,school,school
21838,asegurando,ensuring
21839,rinda,surrender
21840,chakotay,chakotay
21841,arrojaron,they threw
21842,tajada,chop
21843,reptil,reptile
21844,caligrafía,calligraphy
21845,brandi,brandy
21846,académica,academic
21847,presentaste,you presented
21848,husmear,sniff
21849,kiev,kyiv
21850,crezcas,grow
21851,pionero,pioneer
21852,mann,man
21853,obtendré,I will get
21854,lupin,lupin
21855,arrasar,raze
21856,invitarnos,invite us
21857,anarquista,anarchist
21858,zorros,foxes
21859,sectores,sectors
21860,implicada,involved
21861,arriesgamos,we risk
21862,construiremos,we will build
21863,gral.,general
21864,aletas,fins
21865,tercios,thirds
21866,condecorado,decorated
21867,oirte,hear you
21868,livia,livia
21869,díme,tell me
21870,comportarme,behave
21871,evadir,evade
21872,bosnia,Bosnia
21873,rudi,Rudi
21874,astronomía,astronomy
21875,picantes,spicy
21876,acude,attend
21877,hachís,hashish
21878,mástil,mast
21879,lejía,bleach
21880,fugas,leaks
21881,aplastada,crushed
21882,sintonía,tuning
21883,protegerle,protect him
21884,desi,desi
21885,engañarnos,deceive us
21886,detección,detection
21887,dijisteis,you said
21888,cepa,strain
21889,hornos,ovens
21890,nothing,nothing
21891,musulmana,Muslim
21892,bali,Bali
21893,lame,lick
21894,jolly,jolly
21895,mechero,lighter
21896,sácale,take it out
21897,cañerías,pipes
21898,curarme,heal me
21899,sentaremos,we will sit
21900,socialismo,socialism
21901,iraní,Iranian
21902,barbería,barbershop
21903,tru,tru
21904,ganarán,they will win
21905,cineasta,filmmaker
21906,legendaria,legendary
21907,deseabas,you wanted
21908,pruebes,try
21909,cómica,comic
21910,chamán,shaman
21911,comprobamos,we checked
21912,circunstancial,circumstantial
21913,comunicador,communicator
21914,panfletos,pamphlets
21915,estâ,this
21916,agrade,thank you
21917,naina,naina
21918,moviéndote,moving
21919,impensable,unthinkable
21920,empezo,it began
21921,serbios,Serbs
21922,sostenía,maintained
21923,nemo,Nemo
21924,extradición,extradition
21925,agradecértelo,Thank you.
21926,enamorar,to fall in love
21927,volvieran,return
21928,fortalecer,strengthen
21929,biberón,feeding bottle
21930,admita,admit
21931,imitando,imitating
21932,progresado,progressed
21933,cuneta,ditch
21934,comprendemos,we understand
21935,sácalos,take them out
21936,saldrías,You would go out
21937,disminuido,diminished
21938,malloy,Malloy
21939,proporcionado,provided
21940,conjeturas,conjectures
21941,bautizado,baptized
21942,civilizados,civilized
21943,rechazando,rejecting
21944,alimentaria,food
21945,anécdota,anecdote
21946,encenderlo,turn it on
21947,tecnológico,technological
21948,pidamos,Let's ask
21949,cómetelo,Eat it
21950,around,around
21951,continúo,continuous
21952,jd,jd
21953,rasgo,feature
21954,refrán,saying
21955,carnegie,Carnegie
21956,rinden,yield
21957,fumador,smoker
21958,diestro,right
21959,pilares,pillars
21960,janis,Janis
21961,obligaste,you forced
21962,fijación,fixation
21963,q.,q.
21964,relax,relax
21965,devolverla,return it
21966,despiertan,wake up
21967,chicles,chewing gum
21968,arrancarle,tear it off
21969,intimidación,intimidation
21970,mojadas,wet
21971,quitarlo,remove it
21972,arrastrándose,crawling
21973,dependerá,It will depend
21974,levantaron,they lifted
21975,compensa,compensates
21976,revisaron,they reviewed
21977,lamar,Lamar
21978,pedal,pedal
21979,contratan,hire
21980,santana,Santana
21981,fingí,I pretended
21982,fielding,fielding
21983,escobar,Escobar
21984,gang,gang
21985,diálisis,dialysis
21986,bellamy,Bellamy
21987,enviarlos,send them
21988,lré,I will
21989,delaware,Delaware
21990,trabajito,little job
21991,creativos,creatives
21992,recibida,received
21993,envio,shipment
21994,giulio,Giulio
21995,hook,hook
21996,vibrador,vibrator
21997,recorre,tour
21998,aziz,aziz
21999,aretes,earrings
22000,talyn,talyn
22001,lukas,lukas
22002,nerviosas,nervous
22003,simultáneamente,simultaneously
22004,evite,avoid
22005,juveniles,youth
22006,sketch,sketch
22007,graduarme,graduate
22008,institutriz,governess
22009,volverían,would return
22010,abc,abc
22011,visibilidad,visibility
22012,llévelo,Take it
22013,destiny,destiny
22014,co2,CO2
22015,henrietta,Henrietta
22016,quemamos,we burn
22017,uss,uss
22018,reabrir,reopen
22019,papilla,porridge
22020,boogie,boogie
22021,ruthie,Ruthie
22022,apostarlo,bet it
22023,jock,jock
22024,trampolín,trampoline
22025,complejidad,complexity
22026,considerablemente,considerably
22027,erróneo,wrong
22028,aerosol,aerosol
22029,filtró,filter
22030,titanio,titanium
22031,supuso,it meant
22032,gate,gate
22033,cajera,cashier
22034,encubiertos,undercover
22035,pelar,peel
22036,watkins,Watkins
22037,traerles,bring them
22038,ceja,eyebrow
22039,mellizos,twins
22040,cruceros,cruises
22041,llámalos,call them
22042,diseñadora,designer
22043,escucharía,I would listen
22044,albedrío,will
22045,ever,ever
22046,diluvio,flood
22047,rosalie,Rosalie
22048,oxigeno,oxygen
22049,aterra,terrifying
22050,agresividad,aggressiveness
22051,loki,Loki
22052,gráfica,graph
22053,solterona,spinster
22054,tú-,you-
22055,emery,Emery
22056,errado,wrong
22057,fanfarrón,braggart
22058,hazmerreír,laughing stock
22059,tráiganme,bring me
22060,chic,chic
22061,heroísmo,heroism
22062,eslogan,slogan
22063,circulando,circulating
22064,retenerlo,retain it
22065,optimus,Optimus
22066,paño,cloth
22067,enoje,anger
22068,delirante,delirious
22069,compartirla,share it
22070,pensarían,they would think
22071,canyon,canyon
22072,obligando,forcing
22073,inapropiada,inappropriate
22074,patel,patel
22075,lastimarla,hurt her
22076,envueltos,wrapped
22077,bradshaw,Bradshaw
22078,ignición,ignition
22079,ingresado,joined
22080,puzzle,puzzle
22081,compensaré,I will compensate
22082,reducida,reduced
22083,fda,FDA
22084,emisario,emissary
22085,vuelas,you fly
22086,amish,Amish
22087,aparezco,I appear
22088,rieron,They laughed
22089,causaron,caused
22090,anulado,canceled
22091,enamorarte,fall in love
22092,alcoholismo,alcoholism
22093,hélice,propeller
22094,descargando,downloading
22095,captain,captain
22096,apodos,nicknames
22097,presagio,omen
22098,sparky,sparky
22099,alteró,altered
22100,zo,zo
22101,saludando,greeting
22102,colton,Colton
22103,langston,Langston
22104,reían,They laughed
22105,vencerlo,defeat him
22106,perfumes,perfumes
22107,mirarle,look at him
22108,tinte,dye
22109,enamoramos,we fell in love
22110,respetuosamente,respectfully
22111,registraron,registered
22112,galileo,Galileo
22113,cannabis,cannabis
22114,amistosos,friendly matches
22115,hye,hye
22116,estropearlo,spoil it
22117,tyr,tyr
22118,camp,camp
22119,yeti,yeti
22120,protegió,protected
22121,simpáticos,friendly
22122,leyera,read
22123,tímidos,shy
22124,ajena,someone else
22125,caín,Cain
22126,maduros,mature
22127,vomité,I vomited
22128,escasos,scarce
22129,carnal,carnal
22130,investigacion,investigation
22131,tablón,plank
22132,dei,dei
22133,inglesas,English
22134,cerrarlo,close it
22135,arrestando,arresting
22136,dedicarme,dedicate myself
22137,bastaba,that was enough
22138,coeficiente,coefficient
22139,víveres,food supplies
22140,registrarse,register
22141,quejado,complained
22142,sentimentales,sentimental
22143,solicité,I requested
22144,escocesa,Scottish
22145,herbie,Herbie
22146,claxon,horn
22147,still,still
22148,teatros,theaters
22149,atletismo,athletics
22150,scottie,Scottie
22151,mandaba,commanded
22152,siervos,servants
22153,tropezar,encounter
22154,despertaba,waking up
22155,asombrosas,amazing
22156,versalles,Versailles
22157,vasija,vessel
22158,pagano,pagan
22159,conservación,conservation
22160,johns,johns
22161,fabulosos,fabulous
22162,consuela,consoles
22163,goteo,drip
22164,canté,I sang
22165,chupitos,shots
22166,rochester,Rochester
22167,provocan,cause
22168,giulia,Giulia
22169,vasta,vast
22170,llegarías,you would arrive
22171,walton,Walton
22172,empezad,begin
22173,indestructible,indestructible
22174,cubículo,cubicle
22175,cojonudo,awesome
22176,staten,staten
22177,adelantó,advancement
22178,muller,Muller
22179,alegato,allegation
22180,pidiéndole,asking him
22181,bronson,Bronson
22182,ejemplares,specimens
22183,aspira,aspires
22184,aleatorio,random
22185,rue,rue
22186,interrumpimos,we interrupt
22187,relatos,stories
22188,cumplimos,We fulfilled
22189,teman,fear
22190,dimelo,Tell me
22191,marcello,Marcello
22192,imita,imita
22193,juraste,you swore
22194,lego,Lego
22195,rescatarme,rescue me
22196,sands,sands
22197,clavícula,clavicle
22198,abandonará,will abandon
22199,condenaron,condemned
22200,prendido,turned on
22201,ponlas,put them
22202,decírnoslo,tell us
22203,persa,Persian
22204,joss,joss
22205,apostamos,we bet
22206,partidarios,supporters
22207,must,must
22208,ancianas,elderly women
22209,vietnamita,Vietnamese
22210,al-qaeda,al-qaeda
22211,recargar,recharge
22212,than,than
22213,agricultor,farmer
22214,vegetación,vegetation
22215,producciones,productions
22216,dogs,dogs
22217,neural,neural
22218,hámster,hamster
22219,graduados,graduates
22220,carbohidratos,carbohydrates
22221,comparando,comparing
22222,mesita,small table
22223,brócoli,broccoli
22224,correas,straps
22225,traeme,bring me
22226,espacio-tiempo,spacetime
22227,baylor,Baylor
22228,afirmó,he stated
22229,trasto,junk
22230,frida,Frida
22231,adi,adi
22232,teclas,keys
22233,destruirnos,destroy us
22234,ocultarme,hide
22235,terrícolas,Earthlings
22236,muerden,They bite
22237,rocket,rocket
22238,todoterreno,off-road vehicle
22239,gorrión,sparrow
22240,lujos,luxuries
22241,considerarse,to be considered
22242,mios,mine
22243,asumido,taken
22244,lavas,lavas
22245,escoges,you choose
22246,maldiciones,curses
22247,sali,I left
22248,implicados,involved
22249,rapto,rapture
22250,lastre,ballast
22251,ardor,burning
22252,nombro,I name
22253,abusó,abuse
22254,clérigo,cleric
22255,chucho,mutt
22256,arqueólogos,archaeologists
22257,anguila,eel
22258,uau,wow
22259,martine,martine
22260,dream,dream
22261,diseñadores,designers
22262,respondieron,they responded
22263,cómodamente,comfortably
22264,heller,heller
22265,enredado,tangled
22266,burnett,Burnett
22267,acierto,success
22268,comun,common
22269,primordial,primordial
22270,manipulador,manipulator
22271,lamb,lamb
22272,trasladó,transfer
22273,períodos,periods
22274,ocurrio,occurred
22275,embarcar,embark
22276,benefactor,benefactor
22277,embarcación,vessel
22278,cabrona,bitch
22279,disparara,shoot
22280,participa,participate
22281,lisbeth,Lisbeth
22282,lanzada,launched
22283,calmará,will calm
22284,dormiremos,we will sleep
22285,susurros,whispers
22286,bipolar,bipolar
22287,travesti,transvestite
22288,blade,blade
22289,dolar,dollar
22290,convenza,convince
22291,andabas,you were walking
22292,restringido,restricted
22293,limitar,limit
22294,motors,motors
22295,romperme,break me
22296,prentiss,prentiss
22297,atrevió,dared
22298,antimateria,antimatter
22299,cilindros,cylinders
22300,efectivos,effective
22301,horóscopo,horoscope
22302,lavaré,I will wash
22303,matrículas,registrations
22304,sanjay,sanjay
22305,robaría,would steal
22306,verja,gate
22307,activación,activation
22308,patrullar,patrol
22309,sheffield,Sheffield
22310,budín,pudding
22311,relaje,relax
22312,cháchara,chatter
22313,espectaculares,spectacular
22314,entusiasma,enthusiastic
22315,maquinas,machines
22316,lave,wash
22317,acordes,chords
22318,trompetas,trumpets
22319,atacaste,you attacked
22320,elsie,elsie
22321,perseguidos,persecuted
22322,desilusión,disappointment
22323,niegues,deny
22324,legislación,legislation
22325,silbar,whistle
22326,resultando,resulting
22327,fallido,failed
22328,om,om
22329,edimburgo,Edinburgh
22330,apagando,turning off
22331,fisk,Fisk
22332,democrática,democratic
22333,daña,damages
22334,devastada,devastated
22335,automovilístico,motoring
22336,caerme,fall
22337,sepáis,know
22338,apostó,bet
22339,rejilla,rack
22340,orificio,orifice
22341,temeroso,fearful
22342,afrontarlo,face it
22343,moví,I moved
22344,legiones,legions
22345,naipes,playing cards
22346,insultes,insults
22347,insulta,insults
22348,párpados,eyelids
22349,consiguiente,consequent
22350,límpiate,clean yourself
22351,derretido,melted
22352,abominable,abominable
22353,tráenos,bring us
22354,brinda,provides
22355,recobrar,recover
22356,trazar,draw
22357,capturamos,we captured
22358,porciones,portions
22359,silba,whistles
22360,acostumbraba,used to
22361,cortez,cortez
22362,escapas,escapes
22363,anduvo,walked
22364,analogía,analogy
22365,vasco,Basque
22366,pillamos,we caught
22367,apareamiento,mating
22368,almacenar,store
22369,juntarnos,get together
22370,perdonamos,we forgive
22371,wanna,wanna
22372,forrester,forrester
22373,ingrato,ungrateful
22374,temí,I was afraid
22375,esperarán,they will wait
22376,queríais,you wanted
22377,retrasó,delay
22378,dempsey,Dempsey
22379,adoptivos,adoptive
22380,éter,ether
22381,hermes,Hermes
22382,llevarían,they would carry
22383,preciada,precious
22384,escuadrones,squadrons
22385,cuéntales,tell them
22386,revuelo,commotion
22387,fertilizante,fertilizer
22388,estilista,stylist
22389,novelista,novelist
22390,fair,fair
22391,involucre,involve
22392,fortunas,fortunes
22393,paparazzi,paparazzi
22394,gluten,gluten
22395,o.j.,o.j.
22396,nigeria,Nigeria
22397,deducción,deduction
22398,astillero,shipyard
22399,y.,and.
22400,convocar,convene
22401,oooh,oooh
22402,separarme,separate
22403,oigamos,Let's hear
22404,faciales,facials
22405,otorga,grants
22406,comenzarán,will begin
22407,gritaré,I will scream
22408,érase,once upon a time
22409,recemos,Let us pray
22410,mahoma,Muhammad
22411,dependía,it depended
22412,gobernadora,governor
22413,trastos,junk
22414,dra,Dr.
22415,raina,quena
22416,altavoces,speakers
22417,ping-pong,ping-pong
22418,plural,plural
22419,television,television
22420,tristan,Tristan
22421,provenza,Provence
22422,viéramos,we would see
22423,inservible,useless
22424,mega,mega
22425,z.,z.
22426,pd,P.S
22427,panecillo,roll
22428,atf,atf
22429,planchar,iron
22430,critica,criticism
22431,amará,will love
22432,whit,with
22433,congeladas,frozen
22434,restablecer,restore
22435,óyeme,Listen to me
22436,sunshine,sunshine
22437,mamadas,blowjobs
22438,rainbow,rainbow
22439,termitas,termites
22440,impenetrable,impenetrable
22441,sirvieron,they served
22442,concluye,concludes
22443,meteoro,meteor
22444,gramática,grammar
22445,pastos,pastures
22446,corbett,Corbett
22447,apoderó,seized
22448,enfocado,focused
22449,involucró,involved
22450,quietas,still
22451,olvidarán,they will forget
22452,conciente,conscious
22453,fluyendo,flowing
22454,sari,sari
22455,hambruna,famine
22456,tampones,tampons
22457,comentado,commented
22458,chivato,snitch
22459,clarice,Clarice
22460,colaboradores,collaborators
22461,humos,smokes
22462,expande,expands
22463,rumania,Romania
22464,locomotora,locomotive
22465,camionetas,pickup trucks
22466,volviese,returned
22467,thorpe,Thorpe
22468,robertson,Robertson
22469,god,God
22470,rezamos,we pray
22471,gregor,Gregor
22472,escurridizo,elusive
22473,hallazgos,findings
22474,abanico,fan
22475,lexie,Lexie
22476,destacar,stand out
22477,jeffries,Jeffries
22478,pascuas,Easter
22479,bonaparte,Bonaparte
22480,investigaré,I will investigate
22481,sostenido,sustained
22482,brutales,brutal
22483,malvaviscos,marshmallows
22484,encajo,lace
22485,hipócritas,hypocrites
22486,pimientos,peppers
22487,recordemos,Let us remember
22488,wentworth,Wentworth
22489,evitará,will avoid
22490,descansaré,I will rest
22491,tripulantes,crew members
22492,masterson,Masterson
22493,kenzi,Kenzi
22494,mossad,Mossad
22495,c.oper,c.oper
22496,proverbio,proverb
22497,saltaste,you jumped
22498,heredé,I inherited
22499,cruzo,I cross
22500,firmen,sign
22501,cualificado,skilled
22502,afeitarme,shave
22503,sacad,take out
22504,desolado,bleak
22505,javi,Javi
22506,lucro,profit
22507,domésticos,domestic
22508,hipódromo,racecourse
22509,relacionarse,be related
22510,griten,shout
22511,estropea,spoils
22512,valentino,Valentino
22513,centinelas,sentinels
22514,aloha,aloha
22515,corrieron,they ran
22516,básquetbol,basketball
22517,trufas,truffles
22518,meticuloso,meticulous
22519,acariciar,stroke
22520,incierto,uncertain
22521,albuquerque,Albuquerque
22522,françoise,Françoise
22523,portar,carry
22524,desátame,untie me
22525,suponemos,we assume
22526,torturando,torturing
22527,anuales,annual
22528,acompañó,accompanied
22529,rapero,rapper
22530,inhalador,inhaler
22531,hero,hero
22532,prevención,prevention
22533,abrazando,embracing
22534,suda,sweats
22535,introducido,inserted
22536,ostra,oyster
22537,atendió,attended
22538,quijote,Quixote
22539,calcula,calculate
22540,nassau,Nassau
22541,steel,steel
22542,voltea,turn over
22543,arriesgué,I risked
22544,holandeses,Dutch
22545,insensato,senseless
22546,votan,vote
22547,caravanas,caravans
22548,hendricks,hendricks
22549,criadas,maids
22550,encantaria,I would love to
22551,informarles,inform them
22552,gonorrea,gonorrhea
22553,quedémonos,Let's stay
22554,perjudicar,harm
22555,saldo,balance
22556,pal,pal
22557,gastarlo,spend it
22558,patearte,kick you
22559,finjo,I pretend
22560,traigamos,Let's bring
22561,garcia,Garcia
22562,pritchard,Pritchard
22563,variación,variation
22564,pidiéndome,asking me
22565,destruirán,will destroy
22566,mm.,mm.
22567,álgebra,algebra
22568,justificado,justified
22569,lloraste,You cried
22570,stock,stock
22571,escogieron,they chose
22572,maw,maw
22573,gánster,gangster
22574,lechero,dairy
22575,waffles,waffles
22576,espartaco,Spartacus
22577,sgto,sergeant
22578,acantilados,cliffs
22579,cambiarle,change it
22580,adelanta,ahead
22581,apurada,hurried
22582,argh,argh
22583,paralizada,paralyzed
22584,establecida,established
22585,suzette,Suzette
22586,seguirlos,follow them
22587,chocado,crashed
22588,fitch,Fitch
22589,galactica,galactic
22590,huya,run away
22591,presuntuoso,presumptuous
22592,mirándolo,looking at him
22593,ámame,love me
22594,desagradecido,ungrateful
22595,wook,wook
22596,tiendo,I tend
22597,soltarme,let go
22598,condenadamente,damned
22599,culpan,blame
22600,besarnos,kissing
22601,aplazamiento,postponement
22602,nadador,swimmer
22603,apures,hurry
22604,medina,Medina
22605,aclaremos,Let's clarify
22606,repugnantes,disgusting
22607,averiado,broken
22608,restante,remaining
22609,intimidado,intimidated
22610,usher,usher
22611,exitosos,successful
22612,geum,geom
22613,ton,ton
22614,salina,saline
22615,leopold,Leopold
22616,vayanse,go away
22617,cloro,chlorine
22618,agh,agh
22619,disturbio,riot
22620,municipio,municipality
22621,infinitas,infinite
22622,padece,suffers
22623,louvre,Louvre
22624,amanezca,dawn
22625,líquida,liquid
22626,lutz,Lutz
22627,apetecía,I wanted it
22628,bajarse,get off
22629,hallada,found
22630,daneses,Danes
22631,kyoto,Kyoto
22632,impone,imposes
22633,huey,Huey
22634,colorido,colorful
22635,seleccionar,select
22636,acusarlo,accuse him
22637,álvarez,Álvarez
22638,shyam,shyam
22639,indignación,indignation
22640,cazan,hunt
22641,escarlata,scarlet
22642,ansia,craving
22643,averigüen,find out
22644,egoista,selfish
22645,faltaría,would be missing
22646,akira,Akira
22647,rhode,Rhode
22648,bastar,be enough
22649,atracar,dock
22650,cbs,CBS
22651,grandiosos,magnificent
22652,gaza,loop
22653,sésamo,sesame
22654,limpiaba,cleaned
22655,radiología,radiology
22656,tolero,I tolerate
22657,probada,tested
22658,masturbación,masturbation
22659,descubramos,Let's discover
22660,aptitud,fitness
22661,murallas,walls
22662,pareciendo,seeming
22663,moverla,move it
22664,expresarse,express
22665,adoptiva,adoptive
22666,libia,Libya
22667,asaltante,raider
22668,reclamación,claim
22669,russel,Russell
22670,osado,daring
22671,lafayette,Lafayette
22672,vergonzosa,shameful
22673,imploro,I implore
22674,oak,oak
22675,greenwich,Greenwich
22676,utilizas,you use
22677,jardin,garden
22678,asombrosos,amazing
22679,tino,Tino
22680,meteremos,we'll put
22681,escarabajos,beetles
22682,seguirnos,follow us
22683,emborrachó,got drunk
22684,fury,fury
22685,pickles,pickles
22686,smitty,smitty
22687,arrastrarme,drag me
22688,apoyas,support
22689,incompleto,incomplete
22690,cotidiana,daily
22691,escapes,escapes
22692,champiñones,mushrooms
22693,albany,Albany
22694,bohannon,Bohannon
22695,atacarnos,attack us
22696,zapatero,shoemaker
22697,pasha,pasha
22698,ganarlo,win it
22699,demuéstralo,Prove it
22700,expensas,expenses
22701,aprenderán,they will learn
22702,publicaciones,publications
22703,animarte,cheer up
22704,desactivado,deactivated
22705,compuesta,composed
22706,gritaban,they were shouting
22707,ocúpese,take care of it
22708,acordeón,accordion
22709,retiran,withdraw
22710,asustarlo,scare him
22711,inundado,awash
22712,codificado,encoded
22713,hubieramos,we would have
22714,hallarlo,find it
22715,cargarlo,load it
22716,bocetos,sketches
22717,estratégico,strategic
22718,follón,mess
22719,asher,Asher
22720,ciegamente,blindly
22721,actualizar,update
22722,uniré,I will join
22723,beat,beat
22724,schneider,Schneider
22725,recordaste,did you remember
22726,helga,Helga
22727,avestruz,ostrich
22728,púbico,pubic
22729,meterás,you will put
22730,estuviesen,were
22731,camion,truck
22732,aspiraciones,aspirations
22733,negociador,negotiator
22734,cumplan,comply
22735,rosquilla,bagel
22736,embajadores,ambassadors
22737,cop,cop
22738,descubriré,I will discover
22739,lowe,lowe
22740,entretanto,meantime
22741,hardware,hardware
22742,derrumba,collapses
22743,destruirte,destroy you
22744,lassiter,lassiter
22745,jakob,Jakob
22746,descendiendo,descending
22747,parachoques,bumper
22748,arreglármelas,manage
22749,sentaría,would sit
22750,lncluso,even
22751,cuéntaselo,tell him
22752,primarias,primary
22753,kill,kill
22754,misty,misty
22755,robyn,Robyn
22756,sumar,add
22757,doreen,Doreen
22758,sobreviviste,You survived
22759,beberemos,we will drink
22760,elka,elka
22761,avisas,you notify
22762,asedio,siege
22763,insultarme,insult me
22764,insistido,insisted
22765,percibe,perceives
22766,secretaría,secretariat
22767,oirás,you will hear
22768,willa,willa
22769,equivoques,make mistakes
22770,ebrios,drunks
22771,ramsay,Ramsay
22772,visón,mink
22773,spot,spot
22774,intocable,untouchable
22775,macarthur,MacArthur
22776,sexi,sexy
22777,culturales,cultural
22778,fingido,pretended
22779,uniformados,uniformed
22780,joaquín,Joaquín
22781,kwon,kwon
22782,brother,brother
22783,bizarro,gallant
22784,concubina,concubine
22785,centenares,hundreds
22786,soportaría,would withstand
22787,kovac,Kovac
22788,afilados,sharpened
22789,impune,unpunished
22790,alphonse,Alphonse
22791,through,through
22792,aplasta,crushes
22793,volvere,I will return
22794,waldo,Waldo
22795,recogen,collect
22796,desaparecerán,will disappear
22797,desprecia,despises
22798,mets,mets
22799,estatuto,statute
22800,solucionaremos,we will solve
22801,ciruela,plum
22802,gimiendo,moaning
22803,valencia,Valencia
22804,repisa,shelf
22805,kelvin,Kelvin
22806,calculadora,calculator
22807,prestarle,lend him
22808,autopsias,autopsies
22809,retiraré,I will withdraw
22810,reúnanse,meet
22811,bache,bump
22812,bolivia,Bolivia
22813,licorería,liquor store
22814,berg,berg
22815,nirvana,nirvana
22816,k9,k9
22817,asimilar,assimilate
22818,inhala,inhale
22819,ateo,atheist
22820,inseparables,inseparable
22821,organizados,organized
22822,presentada,presented
22823,costosa,expensive
22824,sudoeste,southwest
22825,camden,Camden
22826,tortolitos,lovebirds
22827,esconda,hide
22828,callarme,to shut up
22829,desearia,I would like
22830,recoges,you pick up
22831,posteriores,later
22832,tratabas,you were trying
22833,ocaso,sunset
22834,belfast,Belfast
22835,constituye,constitutes
22836,talia,Talia
22837,sentirnos,feel
22838,corderos,lambs
22839,rogamos,we beg
22840,especular,speculate
22841,TRUE,TRUE
22842,permanentes,permanent
22843,abrazó,hug
22844,mantel,tablecloth
22845,oval,oval
22846,chalado,crazy
22847,redujo,reduced
22848,despertarla,wake her up
22849,numerito,little number
22850,atrapemos,Let's catch
22851,lunáticos,lunatics
22852,ayudemos,Let's help
22853,doblando,folding
22854,cisnes,swans
22855,plásticos,plastics
22856,oruga,caterpillar
22857,maleza,undergrowth
22858,find,find
22859,rudos,rough
22860,superaremos,we will overcome
22861,stevenson,Stevenson
22862,fabrican,manufacture
22863,cuestionario,questionnaire
22864,miralo,look at it
22865,monedero,purse
22866,holloway,Holloway
22867,desafiando,challenging
22868,metete,get in
22869,excesivamente,excessively
22870,burrows,burrows
22871,kings,kings
22872,compartiremos,we will share
22873,loomis,Loomis
22874,esmalte,enamel
22875,firmamos,we signed
22876,harrington,Harrington
22877,obtendremos,we will obtain
22878,insultando,insulting
22879,primicia,scoop
22880,migraña,migraine
22881,izzie,Izzie
22882,tallo,stem
22883,llamaran,they will call
22884,reúnan,gather
22885,caricatura,cartoon
22886,peleaban,they were fighting
22887,pelotudo,idiot
22888,exámen,exam
22889,andate,go away
22890,odin,Odin
22891,inseguridad,insecurity
22892,retiré,I withdrew
22893,amparo,protection
22894,amarás,you will love
22895,atacarme,attack me
22896,meera,meera
22897,fugó,escaped
22898,avanzadas,advanced
22899,derramada,spilled
22900,impulsa,drives
22901,mandará,will send
22902,diabólica,diabolical
22903,imperativo,imperative
22904,voltear,flip
22905,plataformas,platforms
22906,suela,sole
22907,pilotar,pilot
22908,mártires,martyrs
22909,himmler,Himmler
22910,conocería,would know
22911,enfrentará,will face
22912,callejones,alleyways
22913,conductora,driver
22914,nicotina,nicotine
22915,pedestal,pedestal
22916,imprescindible,essential
22917,soltando,letting go
22918,cogía,grabbed
22919,sameer,sameer
22920,giovanna,Giovanna
22921,yugoslavia,Yugoslavia
22922,óscar,Oscar
22923,tóxica,toxic
22924,aja,aha
22925,goodwin,goodwin
22926,alocado,crazy
22927,enamoran,fall in love
22928,dispararía,would shoot
22929,tarzan,Tarzan
22930,clarissa,Clarissa
22931,dirigirme,address
22932,resueltos,resolved
22933,grandulón,big guy
22934,clanes,clans
22935,opcion,option
22936,cubrimos,we cover
22937,echarás,you will throw
22938,controlaba,controlled
22939,prometidos,engaged
22940,literario,literary
22941,kapoor,Kapoor
22942,caerás,you will fall
22943,baches,potholes
22944,spaghetti,spaghetti
22945,damasco,Damascus
22946,primogénito,firstborn
22947,lastimarlo,hurt him
22948,confundas,confuse
22949,filmó,filmed
22950,golpiza,beating
22951,identificaron,identified
22952,robusto,robust
22953,hera,Hera
22954,receptores,receptors
22955,iréis,you will go
22956,pónganlo,put it on
22957,cuidé,I took care
22958,terminarla,finish it
22959,fergus,Fergus
22960,alexei,Alexei
22961,eludir,avoid
22962,arriesgada,risky
22963,cantos,songs
22964,dicta,dicta
22965,jez,jez
22966,despedirlo,fire him
22967,víboras,vipers
22968,consentido,spoiled
22969,desilusionado,disappointed
22970,ade,ade
22971,declararon,they declared
22972,aang,Aang
22973,fuck,fuck
22974,oirán,they will hear
22975,médium,medium
22976,caucho,rubber
22977,páralo,stop it
22978,detendría,would stop
22979,kilometros,kilometers
22980,morirte,die
22981,llovía,It was raining
22982,groot,Groot
22983,esperaras,you will wait
22984,activistas,activists
22985,compadezco,I pity
22986,mordedura,bite
22987,creedme,Believe me
22988,gamberro,thug
22989,arpa,harp
22990,fósil,fossil
22991,dureza,hardness
22992,coyotes,coyotes
22993,proyectiles,projectiles
22994,mojados,wet
22995,calmante,soothing
22996,eliminó,eliminated
22997,herí,I hurt
22998,drogados,drugged
22999,fémur,femur
23000,cuántico,quantum
23001,bolera,bowling alley
23002,lockwood,Lockwood
23003,acostumbrarte,get used to it
23004,mentimos,We lied
23005,reventado,burst
23006,torcida,crooked
23007,conviertan,convert
23008,pincel,brush
23009,bajara,will go down
23010,importarte,important
23011,planificar,plan
23012,cavanaugh,Cavanaugh
23013,alejé,I moved away
23014,camboya,Cambodia
23015,dásela,Give it to her
23016,gubernamentales,governmental
23017,cid,cid
23018,acostarnos,go to bed
23019,tenlo,have it
23020,trámites,formalities
23021,híbridos,hybrids
23022,contestan,they answer
23023,rasguños,scratches
23024,publicarlo,publish it
23025,distintivo,distinctive
23026,odín,Odin
23027,fei,fe
23028,pasajera,passenger
23029,identificados,identified
23030,ignoras,you ignore
23031,sancho,sancho
23032,gibbons,Gibbons
23033,barkley,barkley
23034,politica,policy
23035,maduras,ripe
23036,mantendrás,you will maintain
23037,suecos,Swedes
23038,rezado,prayed
23039,holandesa,Dutch
23040,luchen,fight
23041,cabecita,little head
23042,transportado,transported
23043,arlene,Arlene
23044,picadura,sting
23045,oremos,Let us pray
23046,resplandeciente,resplendent
23047,desearte,wishing you
23048,jugará,will play
23049,títeres,puppetry
23050,quemen,burn
23051,ayúdalo,help him
23052,acorralado,cornered
23053,escuadra,squad
23054,decidiendo,deciding
23055,innecesaria,unnecessary
23056,tong,tong
23057,recogieron,they collected
23058,saigón,Saigon
23059,avisaste,you warned
23060,sencillos,simple
23061,jugabas,you played
23062,dela,of the
23063,arrepentirse,regret
23064,insaciable,insatiable
23065,laser,laser
23066,muletas,crutches
23067,fong,fong
23068,annabel,Annabel
23069,pasadizo,passage
23070,interesará,will be of interest
23071,put,put
23072,destruirme,destroy me
23073,nulo,
23074,estrechar,narrow
23075,florece,bloom
23076,marcadores,markers
23077,reciclaje,recycling
23078,esculturas,sculptures
23079,presentarnos,introduce ourselves
23080,irma,Irma
23081,arriesgarte,take the risk
23082,karina,Karina
23083,empezarás,you will begin
23084,mezclada,mixed
23085,duval,Duval
23086,telegramas,telegrams
23087,coqueteo,flirtation
23088,cabañas,cabins
23089,browning,browning
23090,documentales,documentaries
23091,penitenciaría,penitentiary
23092,renacer,be reborn
23093,registramos,we recorded
23094,akallabeth,akallabeth
23095,merecían,they deserved
23096,respiratorio,respiratory
23097,despertaré,I will wake up
23098,colocamos,we placed
23099,pack,pack
23100,nidos,nests
23101,retirarnos,withdraw
23102,divorció,divorce
23103,néctar,nectar
23104,amenazarme,threaten me
23105,hubble,Hubble
23106,culpe,blame
23107,comparta,share
23108,today,today
23109,ashton,Ashton
23110,odette,Odette
23111,memorizar,memorize
23112,abrirle,open it
23113,glóbulos,blood cells
23114,payne,payne
23115,escroto,scrotum
23116,incomparable,incomparable
23117,dpto.,dept.
23118,viñedo,vineyard
23119,observamos,we observe
23120,ventricular,ventricular
23121,materias,subjects
23122,salude,greetings
23123,cuadernos,notebooks
23124,enseñaremos,we will teach
23125,largate,get out
23126,adorada,beloved
23127,detecta,detects
23128,evolucionar,evolve
23129,ojitos,little eyes
23130,juice,juice
23131,recupero,recovery
23132,tiraría,I would throw
23133,pepsi,Pepsi
23134,made,made
23135,egan,egan
23136,cuidarnos,taking care of ourselves
23137,describen,describe
23138,goles,goals
23139,biff,biff
23140,quirúrgica,surgical
23141,be1,be1
23142,reclusos,inmates
23143,gachas,gruel
23144,oops,oops
23145,alertar,alert
23146,detergente,detergent
23147,probará,will try
23148,andado,walked
23149,malasia,Malaysia
23150,annika,Annika
23151,proponiendo,proposing
23152,votamos,we voted
23153,ahumado,smoked
23154,filtrado,filtered
23155,jodí,I fucked up
23156,tomaban,they were taking
23157,france,France
23158,hold,hold
23159,aviador,aviator
23160,rosita,Rosita
23161,perturbada,disturbed
23162,entrenó,trained
23163,inclínate,bend down
23164,pícaro,rogue
23165,apio,celery
23166,lucinda,Lucinda
23167,arrepienta,repent
23168,secador,dryer
23169,suspende,suspends
23170,decídete,make up your mind
23171,fricción,friction
23172,emblema,emblem
23173,sres,Mr
23174,malla,mesh
23175,alquitrán,tar
23176,cruzas,crosses
23177,suman,add up
23178,monólogo,monologue
23179,infante,infant
23180,quemadas,burns
23181,ku,ku
23182,distantes,distant
23183,sparks,sparks
23184,canada,Canada
23185,insinuaciones,advances
23186,confinamiento,lockdown
23187,estafar,cheat
23188,melodías,melodies
23189,cordial,cordial
23190,bisexual,bisexual
23191,mojo,mojo
23192,cambiada,changed
23193,batidos,smoothies
23194,visteis,you saw
23195,suplemento,supplement
23196,contestando,answering
23197,gasa,chiffon
23198,rían,laugh
23199,inimaginable,unimaginable
23200,persuasión,persuasion
23201,traumas,traumas
23202,quedáis,you remain
23203,mind,mind
23204,invitarle,invite him
23205,quedare,I will stay
23206,cj,cj
23207,divorciando,divorcing
23208,subestimado,underrated
23209,intrigado,intrigued
23210,avispas,wasps
23211,procedente,originating
23212,quejes,complaints
23213,tomalo,take it
23214,complejas,complex
23215,síguelo,follow him
23216,sórdido,sordid
23217,feroces,ferocious
23218,anochezca,night falls
23219,dulcemente,sweetly
23220,skype,Skype
23221,mátenlos,kill them
23222,qaeda,qaeda
23223,desatar,untie
23224,patito,duckling
23225,renato,Renato
23226,llanura,plain
23227,esforzarte,strive
23228,agárrala,grab it
23229,aprietas,You squeeze
23230,óvulos,eggs
23231,podra,will be able to
23232,aseguramos,We assure
23233,ayudándome,helping me
23234,noruego,Norwegian
23235,pidio,he asked
23236,pleito,lawsuit
23237,maligna,maligna
23238,listado,list
23239,bitcoin,bitcoin
23240,agradezca,thank you
23241,herirme,hurt me
23242,mansfield,Mansfield
23243,hilarante,hilarious
23244,llanuras,plains
23245,vikingo,viking
23246,trompa,trunk
23247,prestamista,lender
23248,contradicción,contradiction
23249,idol,idol
23250,latigazos,whippings
23251,ue,EU
23252,importación,import
23253,unirán,will unite
23254,always,always
23255,patólogo,pathologist
23256,contraer,contract
23257,separen,separate
23258,transmitido,transmitted
23259,nottingham,Nottingham
23260,blanquito,little white boy
23261,epilepsia,epilepsy
23262,olido,smelled
23263,compensarte,compensate you
23264,giacomo,Giacomo
23265,guillaume,Guillaume
23266,lirios,lilies
23267,culpó,blamed
23268,conan,Conan
23269,convirtiéndose,becoming
23270,cômo,as
23271,continuidad,continuity
23272,mg,mg
23273,llamarían,they would call
23274,conservado,conserved
23275,hui,I fled
23276,jeanette,Jeanette
23277,ghetto,ghetto
23278,vigas,beams
23279,presionas,you press
23280,gunn,gunn
23281,pegaré,I will stick
23282,psicológicamente,psychologically
23283,boliche,jack
23284,convertirla,convert it
23285,yoda,Yoda
23286,every,every
23287,resume,summary
23288,probarte,try it
23289,salvos,safe
23290,generosamente,generously
23291,graduarse,graduate
23292,copita,glass
23293,anden,platform
23294,shah,shah
23295,thad,thad
23296,constelación,constellation
23297,basadas,based
23298,auge,boom
23299,desarmar,disarm
23300,convertible,convertible
23301,faja,wad of bills
23302,lexington,Lexington
23303,musculoso,muscular
23304,enséñeme,teach me
23305,devolvemos,we return
23306,afloja,loosens
23307,siéntase,sit down
23308,surgieron,emerged
23309,sulu,sulu
23310,postor,bidder
23311,hipopótamo,hippo
23312,sabado,Saturday
23313,silueta,silhouette
23314,sandro,Sandro
23315,afro,afro
23316,waterloo,waterloo
23317,quilates,carats
23318,dara,will give
23319,vigilo,I watch
23320,combustión,combustion
23321,derrotó,defeated
23322,avergonzando,embarrassing
23323,suzuki,Suzuki
23324,arlo,arlo
23325,lagartos,lizards
23326,sacudió,shook
23327,caníbales,cannibals
23328,pídeme,ask me
23329,solista,soloist
23330,corrupta,corrupt
23331,chamberlain,chamberlain
23332,jumbo,jumbo
23333,controlarla,control it
23334,meado,pee
23335,secuaces,henchmen
23336,almorzando,having lunch
23337,devolvieron,they returned
23338,tak,tak
23339,ipad,iPad
23340,neela,Neela
23341,beirut,Beirut
23342,tolerante,tolerant
23343,repuestos,spare parts
23344,háblanos,talk to us
23345,acertijos,riddles
23346,soñó,dreamed
23347,clarkson,Clarkson
23348,devolvérselo,return it
23349,ronca,snores
23350,desperdicies,waste
23351,caterina,Caterina
23352,risotto,risotto
23353,raf,Raf
23354,volviéndose,turning
23355,terrance,Terrance
23356,mi5,e5
23357,requerido,requested
23358,peras,pears
23359,constitucional,constitutional
23360,suertes,good luck
23361,involucres,involve
23362,goteando,dripping
23363,uganda,Uganda
23364,manejó,management
23365,channel,channel
23366,ortiz,Ortiz
23367,llevémoslo,Let's take it
23368,dorsal,dorsal
23369,calder,boiler
23370,preparaste,you prepared
23371,tráelos,bring them
23372,estruendo,noise
23373,adelaide,Adelaide
23374,fume,smoke
23375,comendador,commander
23376,encrucijada,crossroads
23377,adoras,you adore
23378,llámanos,Call us
23379,mataban,they killed
23380,protegía,protected
23381,brando,Brando
23382,cahill,Cahill
23383,delgadas,thin
23384,caían,they were falling
23385,colgarán,they will hang
23386,vendremos,we will come
23387,caeré,I will fall
23388,nerón,Nero
23389,pitando,whistling
23390,contaremos,we will tell
23391,ampliamente,widely
23392,ampolla,blister
23393,twist,twist
23394,colgaron,they hung up
23395,despediste,you said goodbye
23396,termómetro,thermometer
23397,esparcir,spread
23398,cold,cold
23399,gema,gem
23400,ml,ml
23401,discapacitado,disabled
23402,aisha,Aisha
23403,sospechosas,suspicious
23404,someterse,undergo
23405,peabody,Peabody
23406,repertorio,repertoire
23407,lleváoslo,Take it away
23408,polilla,moth
23409,escribirá,will write
23410,anticristo,Antichrist
23411,agradaría,would like
23412,inadmisible,inadmissible
23413,genevieve,Genevieve
23414,klara,Klara
23415,afeminado,effeminate
23416,grilletes,shackles
23417,interfaz,interface
23418,deposito,deposit
23419,tandy,tandy
23420,dinámico,dynamic
23421,honolulu,Honolulu
23422,aerolíneas,airlines
23423,mestizo,mestizo
23424,montas,mounts
23425,soles,suns
23426,johannes,Johannes
23427,otorgado,granted
23428,conservatorio,conservatory
23429,agotamiento,exhaustion
23430,dormirte,fall asleep
23431,golpeamos,we hit
23432,sabiamente,wisely
23433,pasarnos,pass us
23434,mercader,merchant
23435,leemos,we read
23436,aston,aston
23437,justas,fairs
23438,plantilla,template
23439,hernández,Hernandez
23440,dése,give
23441,chal,shawl
23442,entrevistado,interviewee
23443,respiras,you breathe
23444,testificó,testified
23445,diálogos,dialogues
23446,caben,fit
23447,supergirl,Supergirl
23448,insultó,insult
23449,disfrutó,enjoyed
23450,divirtiéndose,having fun
23451,hallo,Hello
23452,chávez,Chávez
23453,socialistas,socialists
23454,pulir,polish
23455,resistas,resist
23456,dialecto,dialect
23457,guardacostas,coastguard
23458,lacrosse,lacrosse
23459,cáliz,chalice
23460,lavaplatos,dishwasher
23461,pulsa,press
23462,enjambre,swarm
23463,robara,would steal
23464,apoderado,proxy
23465,venida,coming
23466,credito,credit
23467,mandaremos,we will send
23468,sintiéndome,feeling
23469,profecías,prophecies
23470,clancy,Clancy
23471,emilia,Emilia
23472,adrede,deliberate
23473,deshonrado,dishonor
23474,recesión,recession
23475,malísimo,lousy
23476,chapa,sheet
23477,formada,formed
23478,treta,ruse
23479,arruino,ruin
23480,arregles,arrangements
23481,torero,bullfighter
23482,boceto,sketch
23483,rarito,weirdo
23484,carcelero,jailer
23485,entiéndelo,Understand it
23486,jacobo,Jacob
23487,eufemismo,euphemism
23488,curando,healing
23489,posees,you possess
23490,registren,register
23491,psicológicos,psychological
23492,rally,rally
23493,fijaos,look
23494,estimular,stimulate
23495,consideren,consider
23496,burdeos,Bordeaux
23497,cerebrito,brainiac
23498,resta,subtraction
23499,judio,Jew
23500,cortará,will cut
23501,alijo,stash
23502,renata,Renata
23503,sexista,sexist
23504,lucrezia,Lucrezia
23505,ela,she
23506,caminemos,Let's walk
23507,estropees,spoil
23508,atraparla,catch her
23509,burlado,mocked
23510,despeja,clear
23511,custodio,custodian
23512,schiller,Schiller
23513,tyrone,Tyrone
23514,medicinal,medicinal
23515,pelé,Pelé
23516,moderación,moderation
23517,colocaron,they placed
23518,pj,pj
23519,starr,starr
23520,bañar,bathe
23521,telaraña,web
23522,balazos,gunshots
23523,presionó,pressed
23524,manuela,Manuela
23525,desarrollan,develop
23526,nato,born
23527,causaste,you caused
23528,oponerse,object
23529,lléveselo,Take it away
23530,montura,mount
23531,anfetaminas,amphetamines
23532,cooperando,cooperating
23533,remitente,sender
23534,bajaste,you went down
23535,firmarlo,sign it
23536,acosado,harassed
23537,informen,report
23538,moverá,will move
23539,quitaría,would remove
23540,diminutos,tiny
23541,planearon,they planned
23542,dodd,dodd
23543,casablanca,Casablanca
23544,pásate,come by
23545,heladas,frosts
23546,pilates,pilates
23547,shik,shik
23548,juárez,Juárez
23549,cappie,cappie
23550,cumplía,fulfilled
23551,gear,gear
23552,hutch,Hutch
23553,avisen,notify
23554,moras,blackberries
23555,llavero,key ring
23556,enseñara,would teach
23557,teo,theo
23558,supuestos,assumptions
23559,riesgoso,risky
23560,dejala,Leave her alone
23561,bertram,bertram
23562,insuficiente,insufficient
23563,tocaban,they were playing
23564,transcurso,course
23565,pican,they sting
23566,cisterna,tank
23567,mirará,will look
23568,déjalas,leave them
23569,llámelo,Call him
23570,coincido,I agree
23571,laborales,work
23572,contribuciones,contributions
23573,ciruelas,plums
23574,predicciones,predictions
23575,gaga,gaga
23576,apuñalada,stabbed
23577,ignoró,ignored
23578,escondemos,we hide
23579,ridley,Ridley
23580,herald,herald
23581,deletrea,spell
23582,georgetown,Georgetown
23583,editar,edit
23584,acudido,attended
23585,tírate,jump
23586,bicarbonato,baking soda
23587,luisiana,Louisiana
23588,verifiqué,I checked
23589,hawthorne,Hawthorne
23590,hardison,Hardison
23591,combatiendo,fighting
23592,sato,sato
23593,factible,feasible
23594,mormones,Mormons
23595,honorables,honorable
23596,frazier,frazier
23597,jessi,Jessi
23598,volváis,come back
23599,envoltorio,wrapper
23600,literaria,literary
23601,conspirando,conspiring
23602,conyugal,conjugal
23603,centrarse,focus
23604,chrissy,Chrissy
23605,poniéndome,putting me
23606,denunciarlo,report it
23607,dependencia,dependence
23608,muramos,Let us die
23609,harias,would you
23610,podridos,rotten
23611,compresión,compression
23612,mundialmente,worldwide
23613,encuéntrala,find it
23614,guardaste,you saved
23615,chopin,Chopin
23616,palacios,palaces
23617,torpes,clumsy
23618,guapísimo,very handsome
23619,ómnibus,bus
23620,regalaron,they gave away
23621,interestatal,interstate
23622,asentamiento,settlement
23623,amarrado,tied up
23624,odessa,Odessa
23625,sien,temple
23626,marko,Marko
23627,fastidiando,annoying
23628,lister,Lister
23629,limpian,clean
23630,intervalo,interval
23631,disimular,hide
23632,cuadrilátero,ring
23633,necesitando,needing
23634,secado,drying
23635,rie,laughs
23636,cogerá,will take
23637,sufrimientos,sufferings
23638,mural,mural
23639,acumulado,accumulated
23640,esperadme,wait for me
23641,lise,lise
23642,cuatrocientos,four hundred
23643,electromagnético,electromagnetic
23644,janeiro,Janeiro
23645,extremistas,extremists
23646,enfocar,focus
23647,repleta,full
23648,expliques,explain
23649,delilah,Delilah
23650,guthrie,Guthrie
23651,giselle,Giselle
23652,argumentar,argue
23653,heaven,heaven
23654,descompuesto,decomposed
23655,aflicción,affliction
23656,resolví,I resolved
23657,maqueta,model
23658,agitando,waving
23659,apuñalaron,stabbed
23660,shankar,shankar
23661,five,five
23662,snyder,snyder
23663,desobedecer,disobey
23664,oslo,Oslo
23665,cornelius,Cornelius
23666,ladera,hillside
23667,falto,short
23668,metabolismo,metabolism
23669,identificamos,we identify
23670,roderick,Roderick
23671,impresionados,impressed
23672,quedártelo,keep it
23673,dethklok,dethklok
23674,cantes,sing
23675,sospeché,I suspected
23676,ellison,ellison
23677,ganchos,hooks
23678,philly,Philly
23679,significas,you mean
23680,intercambiamos,we exchange
23681,encierran,enclose
23682,académicos,academics
23683,checa,Czech
23684,punjab,Punjab
23685,jacinta,Jacinta
23686,mika,Mika
23687,ignoraba,I didn't know
23688,curt,curt
23689,shaggy,shaggy
23690,vigílalo,keep an eye on it
23691,amargada,bitter
23692,gentuza,scum
23693,pediatría,pediatrics
23694,any,any
23695,dándoles,giving them
23696,negociable,negotiable
23697,cantor,singer
23698,apesto,I stink
23699,buy,buy
23700,ocupé,I occupied
23701,reluciente,shimmering
23702,dispérsense,disperse
23703,dedicamos,we dedicate
23704,engordado,fattened
23705,revelaciones,revelations
23706,créelo,Believe it
23707,sha,sha
23708,averígualo,find out
23709,cuenco,bowl
23710,lejanas,distant
23711,santiamén,trice
23712,myung,Myung
23713,estaran,they will be
23714,ábrete,open up
23715,pasional,passional
23716,hojalata,tin
23717,arce,maple
23718,confunden,confuse
23719,eliminamos,we eliminated
23720,arrebatado,taken
23721,distraerme,distract me
23722,cubrirte,cover yourself
23723,gregg,gregg
23724,permitiremos,we will allow
23725,penthouse,penthouse
23726,starling,starling
23727,fases,phases
23728,autorizados,authorized
23729,rizzo,rizzo
23730,clemente,gracious
23731,asustarnos,scare us
23732,sírveme,serve me
23733,temiendo,fearing
23734,kimono,kimono
23735,velatorio,wake
23736,vengaré,I will avenge
23737,extracto,extract
23738,molestara,would bother
23739,mónaco,Monaco
23740,biológicas,biological
23741,suizos,Swiss
23742,rolls,rolls
23743,heck,heck
23744,atroces,atrocious
23745,kemp,Kemp
23746,activando,activating
23747,torácica,thoracic
23748,maui,Maui
23749,aceptaba,accepted
23750,sólidas,solid
23751,riña,fight
23752,intromisión,meddling
23753,ligeros,lightweight
23754,grotesco,grotesque
23755,carburador,carburetor
23756,desembarcar,land
23757,bow,bow
23758,flack,flak
23759,prosperar,thrive
23760,braddock,Braddock
23761,kenia,Kenya
23762,foa,foa
23763,rafa,Rafa
23764,regresaras,you will return
23765,alentador,encouraging
23766,tráiler,trailer
23767,cerco,siege
23768,tracey,Tracey
23769,coronado,crowned
23770,interrupciones,interruptions
23771,coloqué,I placed
23772,calidez,warmth
23773,asignada,assigned
23774,escalando,climbing
23775,upper,upper
23776,moño,bun
23777,casaras,Casaras
23778,alcaldía,town hall
23779,consenso,consensus
23780,dependiera,depended
23781,mathias,Mathias
23782,interfiere,interferes
23783,levantaos,stand up
23784,vendan,sell
23785,ermitaño,hermit
23786,even,even
23787,desconcertado,embarrassed
23788,aloja,hosts
23789,after,after
23790,gérard,Gerard
23791,acumulando,accumulating
23792,llevarles,take them
23793,dispuestas,ready
23794,tarifas,rates
23795,hechicera,sorceress
23796,regulaciones,regulations
23797,paterna,paternal
23798,pertenecían,belonged
23799,drummond,drummond
23800,ratos,moments
23801,ejecutando,running
23802,rece,rece
23803,apresurarnos,hurry
23804,firmaron,signed
23805,vomita,vomits
23806,torturaron,tortured
23807,forzaron,they forced
23808,apunté,note
23809,individualmente,individually
23810,constantine,Constantine
23811,mode,mode
23812,forest,forest
23813,incomprensible,incomprehensible
23814,suplicando,begging
23815,compartió,shared
23816,espárragos,asparagus
23817,mochilas,backpacks
23818,tender,tend
23819,guatemala,Guatemala
23820,estorbo,hindrance
23821,ayudarse,help each other
23822,rugido,roar
23823,delphine,Delphine
23824,obstinada,obstinate
23825,ándale,go ahead
23826,mitsuko,Mitsuko
23827,chalet,chalet
23828,jehová,Jehovah
23829,satisfactoria,satisfactory
23830,key,key
23831,hierve,boils
23832,conoceremos,we will know
23833,minera,mining
23834,andi,andi
23835,enciendes,you turn on
23836,ábreme,open me
23837,convivir,live together
23838,wolfgang,Wolfgang
23839,ahorcó,hanged
23840,continuas,continuous
23841,cauteloso,cautious
23842,partirá,will leave
23843,convencionales,conventional
23844,movieron,they moved
23845,wee,wee
23846,res,beef
23847,raphael,Raphael
23848,registran,register
23849,atlético,athletic
23850,domiciliario,domiciliary
23851,completada,completed
23852,victorioso,victorious
23853,limitados,limited
23854,quemarse,burn
23855,corramos,Let's run
23856,force,force
23857,entreno,training
23858,inadecuado,inappropriate
23859,aterrice,land
23860,fisura,fissure
23861,resolveré,I will resolve
23862,story,story
23863,nasales,nasal
23864,inicie,start
23865,sonreía,she smiled
23866,pileta,sink
23867,reconocida,recognized
23868,encenderé,I will turn on
23869,terrenal,earthly
23870,conformo,I agree
23871,colaborador,collaborator
23872,espadachín,swordsman
23873,malhumorado,moody
23874,defraudado,disappointed
23875,arroje,throw
23876,knock,knock
23877,focos,spotlights
23878,diafragma,diaphragm
23879,tomarlas,take them
23880,sita,place
23881,continuaba,continued
23882,filtros,filters
23883,knicks,Knicks
23884,el-,he-
23885,silenciador,muffler
23886,riverside,riverside
23887,vilma,Vilma
23888,reí,I laughed
23889,aviv,aviv
23890,palmada,slap
23891,odiosa,hateful
23892,alejan,move away
23893,interactuar,interact
23894,deseable,desirable
23895,healy,Heally
23896,económicamente,economically
23897,active,active
23898,leerá,will read
23899,gonzález,Gonzalez
23900,carótida,carotid
23901,hágale,do it
23902,salvaría,would save
23903,bojack,Bojack
23904,myka,Myka
23905,gayle,gayle
23906,encontrarían,would find
23907,armónica,harmonica
23908,advertirles,warn them
23909,arrepiente,repent
23910,mako,mako
23911,durazno,peach
23912,abusando,abusing
23913,hallan,find
23914,acomodar,accommodate
23915,averigües,find out
23916,valorar,appreciate
23917,detestable,detestable
23918,calderas,boilers
23919,falcon,falcon
23920,enfriando,cooling
23921,carrusel,carousel
23922,libero,I free
23923,florista,florist
23924,respetamos,we respect
23925,vogue,Vogue
23926,dolan,Dolan
23927,camareras,waitresses
23928,dementes,demented
23929,elaborar,elaborate
23930,tratarte,treat you
23931,malignos,malignant
23932,dion,dion
23933,soluciona,solves
23934,proyecciones,projections
23935,encargando,commissioning
23936,milhouse,Milhouse
23937,súbelo,Turn it up
23938,forajidos,outlaws
23939,dormirse,fall asleep
23940,fresno,ash
23941,lácteos,dairy
23942,televisores,televisions
23943,kincaid,kincaid
23944,golpeados,beaten
23945,resolvamos,Let's solve it
23946,repetiré,I will repeat
23947,repasando,reviewing
23948,folla,fuck
23949,capto,I capture
23950,embarcadero,pier
23951,blunt,blunt
23952,patrullero,patrolman
23953,carr,carr
23954,pelearemos,we will fight
23955,fria,cold
23956,polares,polar
23957,chillando,screaming
23958,peleemos,Let's fight
23959,moray,Moray
23960,dent,dent
23961,confundes,You confuse
23962,rimmer,rimmer
23963,medía,average
23964,odisea,Odyssey
23965,mantendrán,will maintain
23966,bernstein,Bernstein
23967,sayid,sayid
23968,acecha,lurks
23969,fosas,graves
23970,tropicales,tropical
23971,estaciona,park
23972,mother,mother
23973,termínala,finish it
23974,panthers,panthers
23975,reginald,Reginald
23976,fastidiarme,annoy me
23977,heterosexuales,heterosexuals
23978,autora,author
23979,jeanie,Jeanie
23980,huimos,we fled
23981,acompañarlo,accompany him
23982,camioneros,truck drivers
23983,encajaba,fit
23984,tamaños,sizes
23985,murmurando,murmuring
23986,permitiera,would allow
23987,pedi,I asked
23988,presumo,I presume
23989,deterioro,deterioration
23990,caracteres,characters
23991,clandestina,clandestine
23992,farley,farley
23993,corneta,cornet
23994,anormales,abnormal
23995,sobran,there are too many
23996,escucharemos,we will listen
23997,migajas,crumbs
23998,alcántara,Alcántara
23999,disminuyendo,decreasing
24000,verbo,verb
24001,dedicarse,dedicate
24002,perdernos,get lost
24003,manejaré,I will drive
24004,cómodas,comfortable
24005,cariñito,sweetheart
24006,impactó,impact
24007,raqueta,racket
24008,ayúdale,help him
24009,categorías,categories
24010,georgina,Georgina
24011,tests,tests
24012,ocupen,occupy
24013,cagas,you shit
24014,galante,gallant
24015,rygel,rygel
24016,egipcia,Egyptian
24017,notre,notre
24018,conseguirlos,get them
24019,revisaremos,we will review
24020,fusilamiento,shooting
24021,vació,empty
24022,hostal,hostel
24023,mandarín,Mandarin
24024,met,met
24025,imprudencia,imprudence
24026,cuidarás,you will take care
24027,fuman,They smoke
24028,copos,flakes
24029,tardaron,they took
24030,mostrara,would show
24031,traicionaría,would betray
24032,casillas,boxes
24033,gone,gone
24034,contemplando,contemplating
24035,salim,Salim
24036,bosco,woods
24037,medidor,meter
24038,desarrollaron,developed
24039,llevándose,taking
24040,navarro,Navarrese
24041,iphone,iPhone
24042,crucen,cross
24043,rolex,Rolex
24044,combinaciones,combinations
24045,vector,vector
24046,estudie,study
24047,subastas,auctions
24048,irritado,irritated
24049,integración,integration
24050,nudista,nudist
24051,enojas,you get angry
24052,f.b.i.,f.b.i.
24053,búsquedas,searches
24054,dib,drawing
24055,cuestiona,questions
24056,pajaritos,little birds
24057,ascensión,ascension
24058,sumergido,submerged
24059,addic7ed,addic7ed
24060,realizan,they perform
24061,estimulación,stimulation
24062,antenas,antennas
24063,barcaza,barge
24064,weir,weir
24065,emprender,undertake
24066,view,view
24067,atormenta,torments
24068,into,into
24069,cometidos,tasks
24070,empeños,pawnshops
24071,ritmos,rhythms
24072,mediano,medium
24073,lancen,launch
24074,desertores,deserters
24075,tatuado,tattooed
24076,cortaba,cut
24077,bedford,Bedford
24078,estampida,stampede
24079,sasuke,sasuke
24080,averiguando,finding out
24081,resistentes,resistant
24082,jonás,Jonah
24083,mean,mean
24084,dividiremos,we will divide
24085,querian,they wanted
24086,cabalga,rides
24087,paté,pâté
24088,preguntarnos,ask us
24089,innovación,innovation
24090,astrónomos,astronomers
24091,epoca,time
24092,toga,toga
24093,sen,sen
24094,desnudez,nakedness
24095,inconcebible,inconceivable
24096,recolección,harvest
24097,uh-uh,uh-uh
24098,invade,invade
24099,devota,devotee
24100,alvarez,Alvarez
24101,deshace,undoes
24102,motociclistas,motorcyclists
24103,sedantes,sedatives
24104,lucrativo,lucrative
24105,hyungnim,hyungnim
24106,comían,They ate
24107,corrimos,we ran
24108,tocadiscos,turntable
24109,deambulando,wandering
24110,suprimir,delete
24111,yvette,Yvette
24112,turbulencia,turbulence
24113,mudaré,I will move
24114,conejita,bunny
24115,cuestion,question
24116,coartadas,alibis
24117,entusiasmados,enthusiastic
24118,billings,billings
24119,basándonos,based on
24120,desmayar,faint
24121,esfuerza,strive
24122,comisiones,commissions
24123,grupal,group
24124,kruger,Kruger
24125,orgánicos,organic
24126,atascó,jam
24127,ayúdennos,help us
24128,apresurado,hurried
24129,macdonald,McDonald's
24130,defensivas,defensive
24131,hawkeye,Hawkeye
24132,ce,EC
24133,calmo,calm
24134,cerrarla,close it
24135,notaba,I noticed
24136,rescatarte,rescue you
24137,ladridos,barking
24138,alden,alden
24139,entrené,I trained
24140,picadillo,hash
24141,trastornos,disorders
24142,compromete,commits
24143,nochevieja,New Year's Eve
24144,incompleta,incomplete
24145,envíalo,send it
24146,mckenzie,McKenzie
24147,paxton,Paxton
24148,raso,satin
24149,separarlos,separate them
24150,forro,lining
24151,monster,monster
24152,facciones,factions
24153,parciales,partials
24154,beige,beige
24155,fusiles,rifles
24156,respiratoria,respiratory
24157,hauser,houser
24158,quejaba,complained
24159,escaparás,you will escape
24160,taggart,taggart
24161,bibliotecario,librarian
24162,ain,ain
24163,azote,scourge
24164,defienda,defend
24165,oculares,eyepieces
24166,ferrocarriles,railways
24167,farrow,Farrow
24168,únanse,join
24169,debilita,weakens
24170,comprarlos,buy them
24171,orgullosamente,proudly
24172,futbolista,footballer
24173,ballesta,crossbow
24174,disfrutad,Enjoy
24175,llevaros,take you
24176,prematura,early
24177,cabelludo,scalp
24178,camaleón,chameleon
24179,entendiera,understood
24180,externos,external
24181,baboso,slimy
24182,kaiser,Kaiser
24183,moby,Moby
24184,ultravioleta,ultraviolet
24185,muerda,bite
24186,raptado,kidnapped
24187,caerte,fall
24188,exagera,exaggerates
24189,rareza,rarity
24190,bordado,embroidery
24191,transformarse,turn
24192,extendiendo,extending
24193,cogida,caught
24194,habláramos,we talked
24195,arnés,harness
24196,britt,britt
24197,velero,sailboat
24198,esposito,esposito
24199,pe,pe
24200,perseguimos,we pursue
24201,mazel,Mazel
24202,sugeriría,I would suggest
24203,cosechar,harvest
24204,investigo,I investigate
24205,crowe,Crowe
24206,capo,hood
24207,implicaciones,implications
24208,lucious,lucious
24209,mouth,mouth
24210,sacada,taken
24211,presentara,will present
24212,camilo,Camilo
24213,corresponden,correspond
24214,exterminador,exterminator
24215,atkins,Atkins
24216,matutino,morning
24217,cocinaré,I will cook
24218,lucius,Lucius
24219,domino,domino
24220,dalo,give it
24221,recaída,relapse
24222,days,days
24223,conocerán,they will know
24224,albañil,construction worker
24225,enviarnos,send us
24226,sosa,soda
24227,gangster,gangster
24228,ruidosos,noisy
24229,subsidio,subsidy
24230,oceano,ocean
24231,cocine,cook
24232,fotógrafa,photographer
24233,dejadnos,leave us
24234,gustamos,we like
24235,familiarizada,familiar
24236,ofrecía,offered
24237,thank,Thank you
24238,crucemos,Let's cross
24239,tirantes,braces
24240,sostienen,they maintain
24241,mezclando,mixing
24242,barbas,beards
24243,aver,let's see
24244,sedujo,seduced
24245,toxicología,toxicology
24246,rebekah,Rebekah
24247,bateo,batting
24248,enséñamelo,Show it to me
24249,diabético,diabetic
24250,sostienes,you maintain
24251,manipuló,manipulated
24252,milagrosamente,miraculously
24253,enfadarme,get angry
24254,sound,sound
24255,manchada,stained
24256,aconseja,advises
24257,externas,external
24258,vomitado,vomited
24259,enid,Enid
24260,venenosas,poisonous
24261,conservadora,conservative
24262,cortarse,cut
24263,iraquí,Iraqi
24264,crawley,crawley
24265,evasivas,evasions
24266,roque,Roque
24267,conquistas,conquests
24268,divididos,divided
24269,fracasados,failed
24270,picas,spades
24271,sentia,I felt
24272,involucradas,involved
24273,superando,overcoming
24274,echaran,they will throw
24275,galope,gallop
24276,aprovechan,take advantage
24277,venderlas,sell them
24278,disculpó,apologized
24279,decepciona,disappoints
24280,bíblico,biblical
24281,urss,USSR
24282,esperarse,be expected
24283,marítimo,maritime
24284,scofield,Scofield
24285,limpiamente,cleanly
24286,dodgers,Dodgers
24287,variaciones,variations
24288,ofrecimiento,offering
24289,jodi,jodi
24290,romanticismo,romanticism
24291,dã,dã
24292,cardassianos,Cardassians
24293,arreglemos,Let's fix it
24294,acuda,attend
24295,carlitos,Carlitos
24296,versus,versus
24297,necesitada,needy
24298,elixir,elixir
24299,decorados,decorations
24300,anfitriones,hosts
24301,bebedor,drinker
24302,distorsión,distortion
24303,seinfeld,seinfeld
24304,amigables,friendly
24305,interrumpe,interrupts
24306,decidiera,decided
24307,conservarlo,preserve it
24308,psíquicos,psychics
24309,cummings,Cummings
24310,guardian,guardian
24311,identifique,identify
24312,kobe,Kobe
24313,buzo,coverall
24314,thunder,thunder
24315,estrangulador,throttle
24316,casen,casen
24317,actuaste,you acted
24318,adolfo,Adolfo
24319,fitzpatrick,Fitzpatrick
24320,declarando,declaring
24321,tentáculos,tentacles
24322,rebajas,sales
24323,lavó,washed
24324,talle,waist
24325,castañas,chestnuts
24326,rompiera,broke
24327,labores,tasks
24328,pasadena,Pasadena
24329,anime,anime
24330,consideres,consider
24331,malvadas,evil
24332,mahoney,Mahoney
24333,ponerles,put them
24334,avergonzar,embarrass
24335,demandaré,I will sue
24336,rourke,Rourke
24337,jazmín,jasmine
24338,markus,Markus
24339,huerta,vegetable garden
24340,comprenderás,you will understand
24341,meca,Mecca
24342,sofisticados,sophisticated
24343,nfl,NFL
24344,trasladaron,they moved
24345,positivas,positive
24346,elevación,elevation
24347,practicamos,we practice
24348,grata,pleasant
24349,tomaran,they will take
24350,págame,pay me
24351,verificando,verifying
24352,manejaste,you drove
24353,pondrían,they would put
24354,cdc,CDC
24355,bandejas,trays
24356,miraría,I would look
24357,lyman,Lyman
24358,malherido,badly wounded
24359,consultarlo,consult it
24360,asesora,advisor
24361,dejaros,leave you
24362,donut,donut
24363,mechón,lock
24364,comunicarte,communicate
24365,escasa,scarce
24366,aquelarre,witches' sabbath
24367,disparad,shoot
24368,descapotable,convertible
24369,manila,Manila
24370,confines,borders
24371,innecesariamente,needlessly
24372,rutinario,routine
24373,pelee,fight
24374,concretamente,specifically
24375,gravitacional,gravitational
24376,drogó,drugged
24377,vulnerabilidad,vulnerability
24378,rajiv,Rajiv
24379,centra,center
24380,chantajear,blackmail
24381,hawking,Hawking
24382,piñata,piñata
24383,leches,milks
24384,levantarnos,get up
24385,confiables,reliable
24386,casquillo,bushing
24387,klingons,Klingons
24388,saltes,jumps
24389,atrapará,will catch
24390,absurdas,absurd
24391,cao,cao
24392,dunbar,dunbar
24393,fracasa,fails
24394,recogerlos,pick them up
24395,salpicaduras,splashes
24396,frotar,rub
24397,roce,touch
24398,hindi,Hindi
24399,ready,ready
24400,animando,cheering
24401,saltaré,I will jump
24402,seque,dry
24403,acompañara,will accompany
24404,retrovisor,rearview
24405,causé,I caused
24406,destructivo,destructive
24407,afligido,afflicted
24408,acusas,accuse
24409,suicidar,to commit suicide
24410,gustarían,would like
24411,asustarse,panic
24412,elocuente,eloquent
24413,samuels,Samuels
24414,shu,shu
24415,persigues,you pursue
24416,térmica,thermal
24417,hablare,I will speak
24418,pretendientes,suitors
24419,myeong,myeong
24420,testifique,testify
24421,coney,coney
24422,coños,cunts
24423,aplastó,crushed
24424,divertidísimo,hilarious
24425,sage,sage
24426,bañarte,bathe
24427,debida,due
24428,obligas,you force
24429,cubría,covered
24430,bastaría,that would suffice
24431,invocar,invoke
24432,bluebell,Bluebell
24433,excepcionales,exceptional
24434,golpeara,hit
24435,sientese,sit down
24436,meadows,meadows
24437,kosher,kosher
24438,cabezón,pigheaded
24439,juntarse,join
24440,moose,moose
24441,pollito,chick
24442,chicken,chicken
24443,llévenme,Take me away
24444,duplicar,double
24445,cojines,cushions
24446,fármacos,drugs
24447,c-4,c-4
24448,escribirte,to write to you
24449,agárrense,Hold on
24450,apagué,I turned off
24451,deportivas,sports
24452,yamamoto,Yamamoto
24453,competitiva,competitive
24454,escribirás,you will write
24455,muerdo,I bite
24456,perderlos,lose them
24457,largues,long
24458,jugos,juices
24459,desviación,deviation
24460,manifiesta,manifests
24461,guió,guided
24462,esforzando,striving
24463,realice,perform
24464,qúe,that
24465,quedase,stay
24466,atenderé,I will attend
24467,parches,patches
24468,trébol,clover
24469,prometerte,promise you
24470,cortocircuito,short circuit
24471,celebraciones,celebrations
24472,adrien,Adrien
24473,cerremos,Let's close
24474,compulsivo,compulsive
24475,aprecias,appreciate
24476,persuasivo,persuasive
24477,beses,kisses
24478,acercaos,come closer
24479,xvi,xvi
24480,before,before
24481,disfrutemos,Let's enjoy
24482,ciérrala,close it
24483,asiste,attends
24484,construyo,I build
24485,talco,talc
24486,metálica,metal
24487,uniste,unite
24488,en-,in-
24489,arcoiris,rainbow
24490,centrada,focused
24491,angustiada,distressed
24492,magníficas,magnificent
24493,deena,deena
24494,queenie,queenie
24495,cochino,pig
24496,automáticas,automatic
24497,preparad,prepare
24498,burgués,bourgeois
24499,cobraré,I will charge
24500,llené,I filled
24501,ansío,I long for
24502,parir,give birth
24503,pulitzer,Pulitzer Prize
24504,admisiones,admissions
24505,desplazamiento,displacement
24506,decidirse,decide
24507,impresionarme,impress me
24508,ayúdala,help her
24509,contactaré,I will contact you
24510,acababan,they were finishing
24511,mallas,tights
24512,venceremos,We will win
24513,luciendo,looking
24514,empujaste,you pushed
24515,falles,failures
24516,mordiendo,biting
24517,extensa,extensive
24518,grillos,irons
24519,rechazan,reject
24520,termínalo,finish it
24521,pecas,freckles
24522,perdieras,you lost
24523,podio,podium
24524,lagartija,lizard
24525,remolino,swirl
24526,desmayaste,You fainted
24527,saquear,plunder
24528,describiría,would describe
24529,birdie,birdie
24530,octavio,Octavio
24531,jens,Jens
24532,adivinarlo,guess it
24533,contrate,hire
24534,auricular,handset
24535,dibujé,I drew
24536,hadley,Hadley
24537,bieber,Bieber
24538,visionario,visionary
24539,maltrato,abuse
24540,volvera,will return
24541,mentiré,I will lie
24542,orinando,urinating
24543,vittorio,Vittorio
24544,quisiese,I would like
24545,basan,they are based
24546,lopez,Lopez
24547,chimeneas,chimneys
24548,telepatía,telepathy
24549,nicaragua,Nicaragua
24550,verdura,vegetable
24551,turba,peat
24552,ff8000,ff8000
24553,indigestión,indigestion
24554,mirarlos,look at them
24555,adrián,Adrian
24556,comprometió,committed
24557,perdónanos,forgive us
24558,ejem,Ahem
24559,filma,films
24560,dejabas,you left
24561,bobbie,Bobbie
24562,clítoris,clitoris
24563,brownie,brownie
24564,lot,lot
24565,autopistas,highways
24566,presioné,I pressed
24567,similitudes,similarities
24568,block,block
24569,subiera,climbed
24570,arruinarme,ruin me
24571,simboliza,symbolizes
24572,vórtice,vortex
24573,consentir,consent
24574,giren,turn
24575,recogimos,we collected
24576,intentábamos,we were trying
24577,callos,calluses
24578,kern,kern
24579,richter,Richter
24580,guardada,saved
24581,australianos,Australians
24582,atacas,you attack
24583,ignoran,ignore
24584,shake,shake
24585,coordinar,coordinate
24586,improviso,improvise
24587,disculparnos,apologize
24588,cheung,Cheung
24589,mace,mace
24590,arruinan,ruin
24591,hermanastro,stepbrother
24592,ordenaré,I will order
24593,conectan,connect
24594,quê,that
24595,tuvisteis,you had
24596,hereje,heretic
24597,extenso,extensive
24598,romances,romances
24599,resumir,resume
24600,sampson,Sampson
24601,escribiría,I would write
24602,conocieran,knew
24603,vulgares,vulgar
24604,destruiremos,we will destroy
24605,oyera,listen
24606,horizontes,horizons
24607,bajarte,get off
24608,horripilante,horrifying
24609,bajor,bajor
24610,rog,rog
24611,llevármelo,take it with me
24612,reanimación,revival
24613,meterán,they will put
24614,1er,1st
24615,farnsworth,Farnsworth
24616,ogden,ogden
24617,decapitado,decapitated
24618,lenore,Lenore
24619,mimado,spoiled
24620,entrevistando,interviewing
24621,vivís,you live
24622,rodó,rolled
24623,katia,Katia
24624,icono,icon
24625,sobreviviremos,We will survive
24626,turbio,cloudy
24627,celine,Celine
24628,abrumadora,overwhelming
24629,usos,uses
24630,mortero,mortar
24631,interrogó,questioned
24632,vigilia,vigil
24633,abandonaría,would abandon
24634,petrolera,oil company
24635,agradecerá,will appreciate
24636,fairfax,Fairfax
24637,escríbelo,Write it down
24638,serian,would
24639,colocas,you place
24640,traerías,would you bring
24641,parecieron,they seemed
24642,maia,Maia
24643,pobrecilla,poor thing
24644,domésticas,domestic
24645,wil,will
24646,popeye,Popeye
24647,presunto,alleged
24648,jer,jer
24649,haran,will
24650,puntillas,lace-ups
24651,lograría,would achieve
24652,enfrenté,opposite
24653,vendra,will come
24654,pantuflas,slippers
24655,clímax,climax
24656,peralta,Peralta
24657,siéndolo,being so
24658,cristóbal,Christopher
24659,conmocionado,shocked
24660,repasemos,Let's review
24661,pasquale,Pasquale
24662,niágara,Niagara
24663,marcelo,Marcelo
24664,okinawa,Okinawa
24665,pasivo,passive
24666,errol,errol
24667,arrebato,rapture
24668,cumpliste,You fulfilled
24669,recibiría,would receive
24670,atenea,Athena
24671,acogedora,welcoming
24672,hundirse,sink
24673,descansas,rest
24674,violetas,violets
24675,bergman,Bergman
24676,morían,they were dying
24677,wesen,wesen
24678,revele,reveal
24679,quemarropa,point-blank
24680,ollas,pans
24681,rompemos,we break
24682,colaterales,collateral
24683,quebrada,ravine
24684,palmeras,palm trees
24685,recogiste,you picked up
24686,hospicio,hospice
24687,desharé,I will undo
24688,sarampión,measles
24689,taiwán,Taiwan
24690,pool,pool
24691,embriaguez,drunkenness
24692,correcciones,corrections
24693,austen,Austen
24694,esperáis,you expect
24695,grasas,fats
24696,franks,franks
24697,negaba,denied
24698,ayuno,fast
24699,habladurías,gossip
24700,shinji,Shinji
24701,masivas,massive
24702,podias,you could
24703,llevase,take
24704,relámpagos,lightning
24705,capturada,captured
24706,curarlo,cure it
24707,venderte,sell you
24708,cogiera,would take
24709,cautiverio,captivity
24710,help,help
24711,parlante,talking
24712,abner,Abner
24713,samaritano,Samaritan
24714,matemáticos,mathematicians
24715,tumbada,lying down
24716,solitarias,solitary
24717,portó,carried
24718,reduciendo,reducing
24719,intactos,intact
24720,reservados,reserved
24721,almeja,clam
24722,faena,task
24723,terra,terra
24724,prefieras,prefer
24725,interesas,you are interested
24726,diagnosticado,diagnosed
24727,tardarás,you will take
24728,nativa,native
24729,imitaciones,imitations
24730,respetaba,respected
24731,caber,fit
24732,rodear,surround
24733,consíguete,get yourself
24734,matrix,matrix
24735,líbano,Lebanon
24736,reiniciar,reboot
24737,impacientes,impatient
24738,huía,fled
24739,holling,holling
24740,cã,AC
24741,tatiana,Tatiana
24742,malicia,malice
24743,páseme,pass me
24744,pá,pa
24745,auténticas,authentic
24746,pay,pay
24747,servidumbre,servitude
24748,maltratado,mistreated
24749,gilipollez,nonsense
24750,acertar,hit
24751,silicona,silicone
24752,autenticidad,authenticity
24753,binoculares,binoculars
24754,paisano,countryman
24755,separaremos,we will separate
24756,pelis,movies
24757,firmará,will sign
24758,reemplazarlo,replace it
24759,oyente,listener
24760,congelación,freezing
24761,huyamos,Let's run away
24762,resistiendo,resisting
24763,chequera,checkbook
24764,páncreas,pancreas
24765,morro,nose
24766,international,international
24767,jacky,Jacky
24768,hamaca,hammock
24769,suavizar,soften
24770,compresiones,compressions
24771,cirie,cirie
24772,skipper,Skipper
24773,fallecida,deceased
24774,voight,Voight
24775,cancelación,cancellation
24776,adversarios,adversaries
24777,phelps,phelps
24778,dichoso,happy
24779,cruzaremos,we will cross
24780,invitaría,would invite
24781,expone,explains
24782,frannie,Frannie
24783,encías,gums
24784,conservo,I keep
24785,explícamelo,Explain it to me
24786,dalia,dahlia
24787,sanguíneos,blood
24788,bora,Bora
24789,selena,Selena
24790,asustaron,frightened
24791,caricaturas,cartoons
24792,wiley,Wiley
24793,jana,jana
24794,cu,cu
24795,laird,laird
24796,paletas,popsicles
24797,aprecie,appreciate
24798,anemia,anemia
24799,tristán,Tristan
24800,pastelero,baker
24801,inconscientes,unconscious
24802,arado,plow
24803,suk,suk
24804,accedí,I agreed
24805,anexo,exhibit
24806,cronómetro,chronometer
24807,adama,adama
24808,emilie,Emilie
24809,poneros,put
24810,sigilosamente,stealthily
24811,mezclarse,mingle
24812,tower,tower
24813,fundada,founded
24814,descalzo,barefoot
24815,enviaran,they will send
24816,desorientado,disorientated
24817,piénsenlo,Think about it
24818,increiblemente,incredibly
24819,musgo,moss
24820,motiva,motivates
24821,neutralizar,neutralize
24822,angélica,angelica
24823,leyeron,they read
24824,hipotecas,mortgages
24825,arrogantes,arrogant
24826,barracas,barracks
24827,fundamentos,fundamentals
24828,reservaciones,reservations
24829,mandela,Mandela
24830,rehusó,refused
24831,abuelas,grandmothers
24832,comunícame,contact me
24833,rani,rani
24834,represente,represent
24835,seven,seven
24836,incontrolable,uncontrollable
24837,prometemos,we promise
24838,santas,saints
24839,taburete,stool
24840,pisó,floor
24841,sobrenaturales,supernatural
24842,panes,breads
24843,complicar,complicate
24844,creed,creed
24845,cannon,cannon
24846,permitiste,you allowed
24847,pelees,fight
24848,salon,lounge
24849,indicó,Indian
24850,divertía,amused
24851,quemaré,I will burn
24852,injerto,graft
24853,deprime,depresses
24854,nacerá,will be born
24855,clooney,Clooney
24856,ahogarme,drown
24857,resisten,resist
24858,spice,Spice
24859,colgué,I hung up
24860,bourne,Bourne
24861,darrell,Darrell
24862,seña,sign
24863,glucosa,glucose
24864,uniera,union
24865,tramposos,cheaters
24866,stafford,stafford
24867,mikhail,Mikhail
24868,ortodoxo,orthodox
24869,deduzco,I deduce
24870,veia,I saw
24871,aeronave,aircraft
24872,encendiendo,turning on
24873,range,range
24874,prácticos,practical
24875,apuntaba,pointed
24876,cortaría,would cut
24877,salaam,Salaam
24878,war,war
24879,hiperespacio,hyperspace
24880,intervenido,intervened
24881,comprendas,understand
24882,arqueología,archeology
24883,dooley,Dooley
24884,sospechado,suspected
24885,asciende,ascends
24886,apestaba,It stank
24887,clavada,nailed
24888,wichita,Wichita
24889,huracanes,hurricanes
24890,mencionaron,they mentioned
24891,como-,as-
24892,apacible,gentle
24893,parecerte,seem
24894,cuestas,slopes
24895,excluido,excluded
24896,cylons,Cylons
24897,sustancial,substantial
24898,tobin,Tobin
24899,sorry,sorry
24900,rufianes,ruffians
24901,scanlon,scanlon
24902,turca,Turkish
24903,megatron,Megatron
24904,publicitario,advertising
24905,name,yam
24906,alegrar,gladden
24907,zhao,zhao
24908,inversionistas,investors
24909,sintética,synthetic
24910,regar,water
24911,indígena,indigenous
24912,forestal,forest
24913,tentaciones,temptations
24914,anotaciones,notes
24915,vitalidad,vitality
24916,rellenos,fillings
24917,cerro,hill
24918,compuestos,compounds
24919,desnudista,stripper
24920,tomarías,would you take
24921,costes,costs
24922,bowen,bowen
24923,visito,I visit
24924,t.k.,t.k.
24925,tapones,plugs
24926,shan,Shan
24927,adversidad,adversity
24928,maple,maple
24929,debilucho,weakling
24930,conspiraciones,conspiracies
24931,horrorosa,horrible
24932,improvisado,improvised
24933,ahmad,Ahmad
24934,preferiblemente,preferably
24935,yéndose,leaving
24936,resbaladizo,slippery
24937,ahjumma,ahjumma
24938,insubordinación,insubordination
24939,fraile,friar
24940,cómprame,buy me
24941,pásamelo,pass it to me
24942,gourmet,gourmet
24943,killian,killian
24944,caímos,we fell
24945,crucificado,crucified
24946,obedezco,I obey
24947,oponen,oppose
24948,encienden,turn on
24949,euforia,euphoria
24950,defenderlo,defend it
24951,crucigrama,crossword
24952,riviera,Riviera
24953,extensiones,extensions
24954,besándose,kissing
24955,ew,ew
24956,someter,submit
24957,recordármelo,remind me
24958,momo,momo
24959,candelabro,candelabra
24960,alexandre,Alexandre
24961,envejece,ages
24962,dedicados,dedicated
24963,inoportuno,inopportune
24964,lotte,Lotte
24965,diagrama,diagram
24966,sook,sook
24967,suegros,in-laws
24968,fetiche,fetish
24969,benéfico,beneficial
24970,colecciona,collect
24971,geisha,geisha
24972,creadores,creators
24973,interrumpió,interrupted
24974,convenientemente,conveniently
24975,barandilla,railing
24976,planetario,planetary
24977,califica,rate
24978,toki,toki
24979,goebbels,Goebbels
24980,aditya,Aditya
24981,avisarles,to notify them
24982,intentarás,you will try
24983,comestible,edible
24984,ros,ros
24985,wickham,Wickham
24986,rastrea,track
24987,glándulas,glands
24988,comunican,communicate
24989,escapaba,escaped
24990,mobiliario,furniture
24991,acertada,accurate
24992,debil,weak
24993,salvadora,savior
24994,obsesionados,obsessed
24995,acordáis,do you agree
24996,goguryeo,goguryeo
24997,reaccionan,react
24998,bendecir,bless
24999,predecesor,predecessor
25000,destrozaron,destroyed
25001,parkinson,Parkinson's
25002,soso,bland
25003,dármelo,give it to me
25004,imprevisto,unexpected
25005,inutil,useless
25006,bulgaria,Bulgaria
25007,guerrilla,guerrilla
25008,bailaré,I will dance
25009,aprovecho,I take advantage
25010,alejen,move away
25011,quemará,will burn
25012,pepinillo,gherkin
25013,descubras,discover
25014,negligente,negligent
25015,encerrarte,lock yourself up
25016,envíale,send him
25017,mirándonos,looking at us
25018,croft,Croft
25019,culparlo,blame him
25020,volvernos,return
25021,provenía,came
25022,lung,long
25023,space,space
25024,orando,praying
25025,serbio,Serbian
25026,millar,thousand
25027,angustiado,anguished
25028,grabaste,you recorded
25029,publicaron,published
25030,venenos,poisons
25031,asegurarlo,secure it
25032,pintadas,graffiti
25033,colgarlo,hang it
25034,kingston,Kingston
25035,supernova,supernova
25036,articulaciones,joints
25037,desconozco,I don't know
25038,alexa,Alexa
25039,heriste,hurt
25040,patrice,Patrice
25041,sujétense,hold on
25042,milk,milk
25043,esperaron,they waited
25044,danvers,danvers
25045,presion,pressure
25046,vietnamitas,Vietnamese
25047,fielmente,faithfully
25048,asignó,assigned
25049,acompañes,accompany
25050,desistir,desist
25051,llovió,It rained
25052,dormían,They were sleeping
25053,bolitas,little balls
25054,wick,wick
25055,informativo,informative
25056,donnell,Donnell
25057,describiendo,describing
25058,jennie,Jennie
25059,gruñendo,growling
25060,comunicó,communicated
25061,ocultaba,hid
25062,gorman,Gorman
25063,demostrará,will demonstrate
25064,mandados,errands
25065,tieso,stiff
25066,abrumada,overwhelmed
25067,incurable,incurable
25068,faltará,will be missing
25069,yacía,lay
25070,tank,tank
25071,ci,ci
25072,done,done
25073,zola,zola
25074,innovador,innovative
25075,díos,God
25076,desfiles,parades
25077,digale,tell him
25078,colocados,placed
25079,mecanismos,mechanisms
25080,pereza,laziness
25081,léalo,read it
25082,apostador,gambler
25083,empujo,I push
25084,sostuvo,held
25085,erradicar,eradicate
25086,colocan,place
25087,schwartz,Schwartz
25088,abortos,abortions
25089,yerba,herb
25090,utilizarla,use it
25091,goya,Goya
25092,desempacar,unpack
25093,tejados,roofs
25094,lamentarlo,regret it
25095,tobogán,slide
25096,demostrarles,show them
25097,salvara,save
25098,skate,skateboard
25099,canas,white hair
25100,cannes,Cannes
25101,compinche,sidekick
25102,observó,noticed
25103,recuperaste,you recovered
25104,cegado,blind
25105,debiéramos,we should
25106,decepcionas,You disappoint
25107,prominente,prominent
25108,consecutivos,consecutive
25109,dámelas,Give them to me
25110,estereotipo,stereotype
25111,acercara,approach
25112,atraídos,attracted
25113,espinacas,spinach
25114,anakin,Anakin
25115,peleador,fighter
25116,descarta,rule out
25117,velma,Velma
25118,congeló,froze
25119,alcanzaremos,we will reach
25120,iraquíes,Iraqis
25121,bel,bel
25122,arkady,arkady
25123,previas,previews
25124,liar,roll
25125,kieran,Kieran
25126,acordaste,you agreed
25127,enamoras,you fall in love
25128,escucharle,listen to him
25129,afirmaciones,claims
25130,lodge,lodge
25131,qing,qing
25132,luches,fights
25133,apenada,saddened
25134,criaste,raised
25135,encubriendo,covering up
25136,representas,you represent
25137,largue,long
25138,despertaron,they woke up
25139,licenciatura,degree
25140,aumente,increase
25141,habiamos,we had
25142,avergonzados,ashamed
25143,desata,unleashes
25144,open,open
25145,hebilla,buckle
25146,apropiados,appropriate
25147,maxim,maxim
25148,desvaneció,vanished
25149,placenta,placenta
25150,traba,lock
25151,jonesy,Jonesy
25152,repaso,review
25153,hematomas,bruises
25154,quedándose,staying
25155,asegurará,will ensure
25156,intermitente,intermittent
25157,decididos,determined
25158,cubriremos,we will cover
25159,latimer,latimer
25160,rechazarlo,reject it
25161,interceptado,intercepted
25162,cardiaca,cardiac
25163,alfileres,pins
25164,alcanzaron,they reached
25165,pídale,ask him
25166,desinfectante,disinfectant
25167,smithers,smithers
25168,supere,overcome
25169,merrill,Merrill
25170,cajuela,trunk
25171,mandamiento,commandment
25172,pudieramos,we could
25173,colarse,sneak in
25174,realidades,realities
25175,retroceso,recoil
25176,apresúrense,hurry
25177,amenazante,threatening
25178,ajustada,adjusted
25179,capri,capri
25180,crocker,Crocker
25181,arrestarán,will arrest
25182,repites,you repeat
25183,aquã,here
25184,vision,vision
25185,chae,chae
25186,quitaba,removed
25187,viper,viper
25188,neutrones,neutrons
25189,alabanzas,praise
25190,encendí,I turned on
25191,despediré,I will say goodbye
25192,escucharnos,listen to us
25193,traicionando,betraying
25194,talleres,workshops
25195,déjenlos,leave them be
25196,tocada,touched
25197,arriesgaste,you risked
25198,causo,cause
25199,pinté,I painted
25200,estàs,are
25201,bosch,Bosch
25202,estadísticamente,statistically
25203,sedán,sedan
25204,arándano,blueberry
25205,mcgill,McGill
25206,topado,bumped
25207,desafió,challenge
25208,llegáramos,we arrived
25209,glaseado,glazed
25210,pompeyo,Pompey
25211,quitarles,take them away
25212,pueblito,village
25213,atómico,atomic
25214,hablándome,talking to me
25215,frau,frau
25216,garantizada,guaranteed
25217,vendían,they sold
25218,topher,Topher
25219,creerían,would believe
25220,impulsiva,impulsive
25221,génova,Genoa
25222,dunas,dunes
25223,interes,interest
25224,riego,irrigation
25225,lastimará,will hurt
25226,asaltó,assault
25227,estomacal,stomach
25228,lujosa,luxurious
25229,lapso,lapse
25230,álamo,poplar
25231,resbalé,I slipped
25232,gladiadores,gladiators
25233,eloise,Eloise
25234,contempla,consider
25235,avispa,wasp
25236,greendale,Greendale
25237,preguntártelo,ask yourself
25238,mitin,rally
25239,cubrirse,cover
25240,animarme,cheer me up
25241,excavando,digging
25242,requisito,requirement
25243,empujaron,they pushed
25244,cortesana,courtesan
25245,tenedores,forks
25246,preguntaban,they were asking
25247,superpoderes,superpowers
25248,invitadas,guests
25249,supersticiones,superstitions
25250,arrastrarte,crawl
25251,manchar,stain
25252,prometen,promise
25253,madge,Madge
25254,metanfetaminas,methamphetamines
25255,heroica,heroic
25256,presenciado,witnessed
25257,aleta,fin
25258,existan,exist
25259,variable,variable
25260,comiera,would eat
25261,softball,softball
25262,friends,friends
25263,libreto,libretto
25264,manejé,I drove
25265,cardenales,cardinals
25266,organizamos,we organize
25267,saltaron,jumped
25268,rezos,prayers
25269,rutledge,Rutledge
25270,crio,child
25271,visitamos,we visited
25272,emitiendo,emitting
25273,vigilados,monitored
25274,subordinados,subordinates
25275,perezosa,lazy
25276,sanguijuela,leech
25277,muchachita,little girl
25278,apendicitis,appendicitis
25279,puñetera,damn
25280,kato,kato
25281,desterrado,exiled
25282,avisaremos,we will notify
25283,ingle,groin
25284,buzos,divers
25285,concedió,granted
25286,quedármelo,keep it
25287,preguntale,ask him
25288,preguntarás,you will ask
25289,ocultarte,hide
25290,toser,cough
25291,secuela,sequel
25292,alteres,alters
25293,surfista,surfer
25294,despega,takes off
25295,callum,callum
25296,devuélvemela,Give it back to me
25297,tropezado,stumbled
25298,acampada,camping
25299,celebro,I celebrate
25300,sakura,Sakura
25301,chorizo,sausage
25302,mormón,Mormon
25303,toyota,Toyota
25304,gordita,chubby
25305,piggy,piggy
25306,alegar,plead
25307,traicionero,treacherous
25308,soñamos,we dream
25309,arqueros,archers
25310,pinchar,puncture
25311,sufras,suffer
25312,conejillo,guinea pig
25313,atila,Attila
25314,joker,Joker
25315,deportistas,athletes
25316,leave,leave
25317,mclaren,McLaren
25318,funcionaron,they worked
25319,monstruosa,monstrous
25320,stress,stress
25321,leerle,read to him
25322,hawks,hawks
25323,prevista,expected
25324,cortarla,cut it
25325,meteorológico,meteorological
25326,pu,pu
25327,bertrand,Bertrand
25328,inmunológico,Immune system
25329,nim,nim
25330,resfrío,cold
25331,republicana,republican
25332,desconoce,does not know
25333,julianne,Julianne
25334,mili,milli
25335,anula,cancels
25336,ratoncito,little mouse
25337,enmendar,amend
25338,rehúsa,refuses
25339,delicias,delicacies
25340,fobia,phobia
25341,entrenamientos,training
25342,quitárselo,take it off
25343,caruso,Caruso
25344,olvidate,forget it
25345,amplificador,amplifier
25346,seong,song
25347,liberaré,I will release
25348,amenazaba,threatened
25349,moi,moi
25350,decidiremos,we will decide
25351,apellidos,surnames
25352,asesinan,murder
25353,escríbeme,write to me
25354,arquitectos,architects
25355,responderme,answer me
25356,sirope,syrup
25357,estafado,cheated
25358,alzar,raise
25359,entierra,bury
25360,escupió,spat
25361,indulgencia,indulgence
25362,malcriado,spoiled
25363,calamidad,calamity
25364,asã,handle
25365,jagger,Jagger
25366,anastasia,Anastasia
25367,tónica,tonic
25368,tulipanes,tulips
25369,saltador,jumper
25370,frodo,Frodo
25371,tuttle,tuttle
25372,dejada,left
25373,sobrenombre,sobriquet
25374,rhea,rhea
25375,incluía,included
25376,friedrich,Friedrich
25377,springer,springer
25378,marcan,mark
25379,presumiendo,presuming
25380,korra,Korra
25381,arrugado,wrinkled
25382,confirmaron,confirmed
25383,calleigh,calleigh
25384,conversamos,we talked
25385,pille,pille
25386,lumbar,lumbar
25387,cuelgo,I hang up
25388,estrictos,strict
25389,prometedora,promising
25390,advierte,warns
25391,limosina,limousine
25392,wilhelmina,Wilhelmina
25393,adoramos,we adore
25394,paleto,hick
25395,aterroriza,terrifies
25396,géminis,Gemini
25397,o-,either-
25398,estuviésemos,we were
25399,donado,donated
25400,hablándole,talking to him
25401,diagnosticaron,diagnosed
25402,descabellado,wild
25403,cogedle,grab him
25404,waverly,waverly
25405,desordenada,messy
25406,enferman,get sick
25407,grabadas,recorded
25408,goku,Goku
25409,comprometerme,commit
25410,hiedra,ivy
25411,imaginaste,you imagined
25412,xviii,xviii
25413,marga,loam
25414,delenn,denn
25415,húmedos,wet
25416,mirándola,looking at her
25417,quítamelo,Take it off
25418,premonición,premonition
25419,boxeadores,boxers
25420,salvaremos,we will save
25421,dag,dag
25422,carole,Carole
25423,contras,cons
25424,aterrizamos,we landed
25425,mastica,chew
25426,moveremos,we will move
25427,pagaran,they will pay
25428,espectaculo,show
25429,retrasos,delays
25430,saludas,greetings
25431,estudian,study
25432,participando,participating
25433,divinidad,divinity
25434,seductora,seductive
25435,leningrado,Leningrad
25436,engranajes,gears
25437,escudero,squire
25438,evitamos,we avoid
25439,anubis,Anubis
25440,causadas,caused
25441,mamma,mamma
25442,elder,elder
25443,body,body
25444,ciclista,cyclist
25445,celebrado,celebrated
25446,adivinando,guessing
25447,elevados,high
25448,jenn,Jenn
25449,hubieron,there were
25450,coordinador,coordinator
25451,repetido,repeated
25452,disparaba,was shooting
25453,estuvisteis,you were
25454,ibrahim,Ibrahim
25455,asta,pole
25456,respeten,respect
25457,cepillos,brushes
25458,especulaciones,speculations
25459,faulkner,faulkner
25460,polos,poles
25461,desecho,disposal
25462,contracción,contraction
25463,cedió,gave way
25464,sh,sh
25465,oidos,ears
25466,defendí,I defended
25467,cucharada,tablespoon
25468,cosette,Cosette
25469,contaras,you will tell
25470,quedarían,would remain
25471,mardi,Mardi
25472,compremos,Let's buy
25473,notan,notice
25474,contratados,hired
25475,cerraba,closed
25476,perturbar,disturb
25477,alquilamos,We rent
25478,sombrilla,parasol
25479,alcanzamos,we reached
25480,resolvemos,we solve
25481,acuestes,lie down
25482,creyeras,you would believe
25483,bucal,oral
25484,ahn,Ahn
25485,amenazaste,you threatened
25486,brasileña,Brazilian
25487,bloqueados,blocked
25488,chimpancés,chimpanzees
25489,informarte,inform yourself
25490,tricia,Tricia
25491,twain,Twain
25492,enamoro,I fall in love
25493,flamenco,flamenco
25494,petrov,petrol
25495,fundamentalmente,fundamentally
25496,recuperada,recovered
25497,confinado,confined
25498,postraumático,post-traumatic
25499,leblanc,Leblanc
25500,pavimento,pavement
25501,alardeando,boasting
25502,publicitaria,advertising
25503,enredo,tangle
25504,pintan,they paint
25505,bolo,bolus
25506,silo,silo
25507,aarón,Aaron
25508,libérame,set me free
25509,informará,will report
25510,fallecimiento,death
25511,camaras,cameras
25512,cómicos,comedians
25513,things,things
25514,averiguo,I find out
25515,trace,trace
25516,pierrot,Pierrot
25517,branson,Branson
25518,bibliotecaria,librarian
25519,baliza,beacon
25520,hewes,hewes
25521,conocerlas,meet them
25522,comuníqueme,contact me
25523,saludarlo,greet him
25524,abrazarme,hug me
25525,utilizados,used
25526,dolorido,sore
25527,pride,pride
25528,tocarle,to touch him
25529,acorazado,battleship
25530,tully,tully
25531,rosada,pink
25532,perdonan,forgive
25533,aconsejó,advised
25534,contratarte,hire you
25535,intolerante,intolerant
25536,electro,electro
25537,recae,falls
25538,acreedores,creditors
25539,córtala,cut it
25540,sindical,union
25541,capitales,capital
25542,brigitte,Brigitte
25543,cuídala,Take care of her
25544,marchara,march
25545,severas,severe
25546,cogería,would take
25547,rotundamente,roundly
25548,represa,dam
25549,xiii,xiii
25550,perseguían,they were chasing
25551,escribirme,write me
25552,fugarse,escape
25553,ocio,leisure
25554,discutió,argued
25555,potentes,powerful
25556,fauna,fauna
25557,tabú,taboo
25558,ataco,I attack
25559,supervisora,supervisor
25560,teórico,theorist
25561,abstracto,abstract
25562,sinagoga,synagogue
25563,purga,purge
25564,curriculum,resume
25565,gargantas,throats
25566,akbar,Akbar
25567,trágicamente,tragically
25568,agradeceré,I would appreciate it
25569,alyssa,Alyssa
25570,prenupcial,prenuptial
25571,nero,nero
25572,devil,devil
25573,precinto,seal
25574,mariano,Mariano
25575,benditos,blessed
25576,rainer,rainer
25577,originó,originated
25578,llegaríamos,we would arrive
25579,compartiré,I will share
25580,falsificaciones,counterfeits
25581,imagenes,images
25582,copian,copy
25583,seguirías,would you continue
25584,filósofos,philosophers
25585,movilidad,mobility
25586,robótica,robotics
25587,tentativa,attempt
25588,woodrow,woodrow
25589,lingotes,ingots
25590,embolia,embolism
25591,derrama,spills
25592,acumulación,accumulation
25593,mcguire,McGuire
25594,pines,pine trees
25595,renuncies,resignations
25596,westminster,Westminster
25597,partiremos,we will depart
25598,pus,pus
25599,tarados,idiots
25600,faber,Faber
25601,mazmorra,dungeon
25602,isa,isa
25603,desliz,slip
25604,caseras,homemade
25605,respaldar,support
25606,nitrato,nitrate
25607,guardados,saved
25608,nominados,nominees
25609,catastrófico,catastrophic
25610,básquet,basketball
25611,samurái,samurai
25612,insistía,he insisted
25613,botar,throw
25614,disculpado,excused
25615,ficticia,fictional
25616,apropiadas,appropriate
25617,invertí,I invested
25618,eunuco,eunuch
25619,colmillo,tusk
25620,comenzo,began
25621,intestinal,intestinal
25622,aveces,sometimes
25623,cuchillas,blades
25624,sentaste,you sat
25625,visitan,visit
25626,sahara,Sahara
25627,asusten,scare
25628,húmedas,wet
25629,mauricio,Mauricio
25630,gobernantes,rulers
25631,tranquilizarte,calm down
25632,exiliado,exiled
25633,calamares,squid
25634,faraday,Faraday
25635,esconderé,I will hide
25636,diantres,damn
25637,montamos,we set up
25638,mccann,McCann
25639,distinguida,distinguished
25640,recibiremos,we will receive
25641,recogeremos,we will collect
25642,reparando,repairing
25643,sedienta,thirsty
25644,vascular,vascular
25645,trick,trick
25646,escúchate,listen to yourself
25647,aprietos,troubles
25648,disfunción,dysfunction
25649,financieramente,financially
25650,reelección,re-election
25651,avi,avi
25652,formula,formula
25653,sanciones,sanctions
25654,lourdes,Lourdes
25655,renault,Renault
25656,arrastrada,dragged
25657,vagabunda,vagabond
25658,fueramos,we were
25659,líbranos,Deliver us
25660,igt,igt
25661,saudita,Saudi
25662,sonrío,I smile
25663,irwin,Irwin
25664,gaines,gaines
25665,delgados,thin
25666,pegaso,Pegasus
25667,coloco,I place
25668,miraremos,we'll look
25669,sutiles,subtle
25670,marlo,Marlo
25671,atenderá,will attend
25672,envia,send
25673,muñequita,dolly
25674,rudolf,Rudolf
25675,rommel,Rommel
25676,guantánamo,Guantanamo
25677,duff,duff
25678,concesionario,concessionaire
25679,conceda,grant
25680,coliseo,Coliseum
25681,sanas,healthy
25682,mandes,send
25683,mezquina,mean
25684,semejanza,likeness
25685,reventó,burst
25686,dietrich,Dietrich
25687,deleite,delight
25688,hélène,hélène
25689,pulse,press
25690,sueltan,release
25691,esquemas,schemes
25692,meramente,merely
25693,umbilical,umbilical
25694,áspero,rough
25695,ente,entity
25696,lamborghini,Lamborghini
25697,takeda,Takeda
25698,tenaz,stubborn
25699,actúen,act
25700,milos,milos
25701,pedírtelo,ask you
25702,alcatraz,Alcatraz
25703,admirando,admiring
25704,musashi,Musashi
25705,relativa,relative
25706,rienda,rein
25707,imagínense,imagine
25708,arrancarte,tear you out
25709,escultor,sculptor
25710,vencerme,defeat me
25711,silvestres,wild
25712,alegramos,we are happy
25713,humillar,humiliate
25714,extienden,extend
25715,yves,Yves
25716,vulcanos,Vulcans
25717,sorprenderías,You'd be surprised
25718,dmitri,dmitri
25719,adalind,adalind
25720,recógelo,pick it up
25721,garrity,garrity
25722,esporas,spores
25723,cervecería,brewery
25724,mine,mine
25725,secretarias,secretaries
25726,basuras,garbage
25727,subtitulos.es,subtitles.es
25728,perforado,perforated
25729,organizador,organizer
25730,cargan,load
25731,transporta,transports
25732,analiza,analyzes
25733,morirían,would die
25734,decime,Tell me
25735,genoma,genome
25736,exóticos,exotic
25737,donó,donated
25738,altibajos,ups and downs
25739,balneario,spa
25740,fenton,Fenton
25741,ataron,they tied
25742,marcapasos,pacemaker
25743,kabul,Kabul
25744,conectarse,connect
25745,mágicamente,magically
25746,kimmie,Kimmie
25747,descripciones,descriptions
25748,asignar,assign
25749,ong,NGO
25750,entregarla,deliver it
25751,deis,deis
25752,colapsar,collapse
25753,ortega,Ortega
25754,dictado,dictation
25755,respetables,respectable
25756,tailandesa,Thai
25757,zapatilla,slipper
25758,comunitaria,community
25759,meet,meet
25760,decisiva,decisive
25761,lakhs,lakhs
25762,tejón,badger
25763,restaurado,restored
25764,gaste,spend
25765,corpus,corpus
25766,sutter,sutter
25767,cee,EEC
25768,dahlia,dahlia
25769,pasatiempos,hobbies
25770,brutus,Brutus
25771,artagnan,artagnan
25772,emitió,issued
25773,cloroformo,chloroform
25774,kremlin,Kremlin
25775,tolera,tolerates
25776,incomodidad,discomfort
25777,impedimento,impediment
25778,marchaba,marched
25779,traiciones,betrayals
25780,folk,folk
25781,estropee,spoil
25782,artillero,gunner
25783,aggie,Aggie
25784,confesionario,confessional
25785,uni,uni
25786,shirin,shirin
25787,jalar,pull
25788,extraído,extracted
25789,cocktail,cocktail
25790,stay,stay
25791,caníbal,cannibal
25792,clava,club
25793,snob,snob
25794,dócil,docile
25795,traían,they brought
25796,manija,handle
25797,punjabi,Punjabi
25798,downey,Downey
25799,notificado,notified
25800,parpadeo,flicker
25801,lian,lian
25802,grandiosas,magnificent
25803,bartowski,Bartowski
25804,existente,existing
25805,rutherford,Rutherford
25806,recibamos,let us receive
25807,hancock,Hancock
25808,monkey,monkey
25809,almorzamos,We had lunch
25810,abracadabra,abracadabra
25811,embrujadas,haunted
25812,zhaan,zhaan
25813,atenciones,attentions
25814,arrancaron,they started
25815,burlar,outwit
25816,conto,I told
25817,sacerdotisa,priestess
25818,orinal,potty
25819,filmamos,we filmed
25820,alguaciles,constables
25821,examinó,examined
25822,gritaste,you shouted
25823,doblemente,doubly
25824,sissy,sissy
25825,formo,I form
25826,divorciamos,We divorced
25827,organicé,I organized
25828,cifrado,encrypted
25829,francie,francie
25830,sangrientos,bloody
25831,déjele,leave him
25832,marv,marv
25833,chocante,shocking
25834,golpearla,hit her
25835,lupa,magnifying glass
25836,embarazado,pregnant
25837,epstein,Epstein
25838,globe,globe
25839,júnior,junior
25840,revienta,bursts
25841,huyan,flee
25842,invaluable,invaluable
25843,inmensamente,immensely
25844,colegiala,schoolgirl
25845,dirigían,they were in charge
25846,enfurece,enrages
25847,choques,collisions
25848,marqué,I marked
25849,plutón,Pluto
25850,moviéndonos,moving
25851,single,single
25852,metallica,Metallica
25853,matrimoniales,matrimonial
25854,brillaba,it shone
25855,alega,alleges
25856,tahití,Tahiti
25857,perilla,knob
25858,decir-,say-
25859,andaban,they were walking
25860,menopausia,menopause
25861,fulton,Fulton
25862,corvette,Corvette
25863,exóticas,exotic
25864,carretas,carts
25865,perturba,disturbs
25866,celestiales,celestial
25867,objetiva,objective
25868,boutique,boutique
25869,finalizado,finalized
25870,fall,fall
25871,ferdinand,Ferdinand
25872,refinada,refined
25873,vaciado,emptying
25874,cecile,Cecile
25875,bendecida,blessed
25876,intensos,intense
25877,absorbido,absorbed
25878,atreví,I dared
25879,puñetero,bloody
25880,carnero,ram
25881,mingo,Mingo
25882,mejicano,Mexican
25883,resort,resort
25884,ileso,unscathed
25885,mikael,Mikael
25886,estábais,you were
25887,transportando,transporting
25888,desafio,challenge
25889,votemos,Let's vote
25890,middleton,Middleton
25891,sóla,alone
25892,compuerta,gate
25893,canicas,marbles
25894,hand,hand
25895,cloacas,sewers
25896,protegemos,we protect
25897,continue,continue
25898,competencias,skills
25899,uniendo,joining
25900,alubias,beans
25901,entierren,bury
25902,palito,stick
25903,asesinarme,kill me
25904,némesis,nemesis
25905,perdio,lost
25906,reece,reece
25907,dove,dove
25908,interruptores,switches
25909,alquimista,alchemist
25910,virilidad,virility
25911,recogemos,we collect
25912,afectaría,would affect
25913,debilitado,weakened
25914,vizconde,viscount
25915,pastas,pasta
25916,malibu,Malibu
25917,radial,radial
25918,periodico,newspaper
25919,purcell,Purcell
25920,avaro,miser
25921,dichos,said
25922,sincronizados,synchronized
25923,zed,zed
25924,rev,rev
25925,emplea,employs
25926,lira,lira
25927,vecinas,neighbors
25928,tunel,tunnel
25929,bey,bey
25930,obesidad,obesity
25931,precede,precede
25932,valijas,luggage
25933,impulsado,driven
25934,cbi,cbi
25935,un-,a-
25936,desató,unleashed
25937,entrometida,nosy
25938,tailandés,Thai
25939,mercury,mercury
25940,interesarle,interest him
25941,cerrajero,locksmith
25942,bueyes,oxen
25943,joseon,Joseon
25944,sobrepasa,surpasses
25945,fermín,Fermín
25946,hewitt,Hewitt
25947,kar,kar
25948,melocotones,peaches
25949,dojo,dojo
25950,alquimia,alchemy
25951,aye,yesterday
25952,joden,they screw
25953,mads,Mads
25954,gentilmente,gently
25955,arqueólogo,archaeologist
25956,columbus,Columbus
25957,mejoran,improve
25958,fs12,fs12
25959,transferencias,transfers
25960,profundizar,deepen
25961,moretón,bruise
25962,comandancia,command
25963,agotando,exhausting
25964,latte,latte
25965,penelope,Penelope
25966,despidieran,fired
25967,shang,Shang
25968,wharton,Wharton
25969,esmeraldas,emeralds
25970,pescuezo,neck
25971,aporta,contributes
25972,retenida,retained
25973,confiscado,confiscated
25974,piratería,piracy
25975,aplastando,crushing
25976,tápate,cover yourself
25977,subtitulada,subtitled
25978,gupta,gupta
25979,desgaste,wear
25980,rábano,radish
25981,perplejo,perplexed
25982,conociéramos,we knew
25983,anticuerpos,antibodies
25984,dificiles,difficult
25985,archibald,archibald
25986,dediqué,I dedicated
25987,sálvate,save yourself
25988,levantad,rise
25989,vigilaba,was watching
25990,calmados,calm
25991,corky,corky
25992,misioneros,missionaries
25993,saberse,to know
25994,verifique,check
25995,jugosa,juicy
25996,chihuahua,Chihuahua
25997,arreglárselas,manage
25998,estabilizar,stabilize
25999,protones,protons
26000,mccain,McCain
26001,implicación,implication
26002,vengativo,vengeful
26003,averiguas,you find out
26004,fijaste,you noticed
26005,regeneración,regeneration
26006,pelusa,fluff
26007,enfadará,will anger
26008,heroes,heroes
26009,maud,maud
26010,paternal,paternal
26011,devastación,devastation
26012,soportan,support
26013,sentirla,feel it
26014,tc,tc
26015,ovarios,ovaries
26016,interesadas,interested
26017,inviernos,winters
26018,siegfried,Siegfried
26019,mostrare,I will show
26020,jewel,jewel
26021,limpiaste,you cleaned
26022,pepperoni,pepperoni
26023,chantajista,blackmailer
26024,averió,broke
26025,descargado,discharged
26026,agradar,please
26027,choqué,shock
26028,excalibur,Excalibur
26029,marvel,Marvel
26030,masha,Masha
26031,cancelé,I cancelled
26032,ch,ch
26033,parodia,parody
26034,estableciendo,establishing
26035,dominical,Sunday
26036,retención,retention
26037,fronteriza,border
26038,lakers,Lakers
26039,destruyo,I destroy
26040,localizarla,locate it
26041,beneficioso,beneficial
26042,echada,cast
26043,cogerán,they will take
26044,ternero,calf
26045,cambiante,changing
26046,eee,eee
26047,pagarían,would pay
26048,extrañarte,I miss you
26049,lunática,lunatic
26050,presentados,presented
26051,perdonarlo,forgive him
26052,presentaros,introduce yourselves
26053,sicario,hitman
26054,despertara,would wake up
26055,arrepentirme,regret
26056,antepasado,ancestor
26057,recipientes,containers
26058,caótico,chaotic
26059,fín,end
26060,portales,portals
26061,proveniente,coming
26062,bao,beam
26063,quítatela,Take it off
26064,actitudes,attitudes
26065,metáforas,metaphors
26066,pr,pr
26067,cínica,cynical
26068,punción,puncture
26069,arlington,Arlington
26070,presentaremos,we will present
26071,leerlos,read them
26072,salomé,Salome
26073,deke,deke
26074,prepago,prepaid
26075,solucionará,will solve
26076,canse,tired
26077,elegiré,I will choose
26078,kung-fu,kung fu
26079,escúchalo,Listen to it
26080,grabaron,they recorded
26081,khalid,Khalid
26082,augusta,Augusta
26083,engañoso,misleading
26084,háganse,Let it be done
26085,guays,cool
26086,llenarlo,fill it
26087,concertar,arrange
26088,barnett,Barnett
26089,crucifijo,crucifix
26090,subs,subs
26091,numeros,numbers
26092,singularidad,singularity
26093,durmiera,slept
26094,prolongar,prolong
26095,bri,bri
26096,atacantes,attackers
26097,rayado,lined
26098,petardos,firecrackers
26099,quisquilloso,fussy
26100,gabardina,raincoat
26101,depravado,depraved
26102,déjales,leave them
26103,corsé,corset
26104,nutrición,nutrition
26105,acortar,shorten
26106,dai,dai
26107,fastidioso,annoying
26108,destaca,stands out
26109,entraras,you will enter
26110,introduce,introduce
26111,mostrarlo,show it
26112,swann,swann
26113,reunamos,Let's get together
26114,compartía,shared
26115,asista,attend
26116,equipados,equipped
26117,optimistas,optimists
26118,hueón,dude
26119,agarrarme,grab me
26120,falsamente,falsely
26121,peludos,hairy
26122,sensuales,sensual
26123,manzanilla,chamomile
26124,diputados,deputies
26125,hechizado,bewitched
26126,susurrar,whisper
26127,traicionarme,betray me
26128,bloqueó,blockade
26129,rikki,Rikki
26130,helando,freezing
26131,weller,Weller
26132,refinería,refinery
26133,quitaremos,we will remove
26134,lideres,leaders
26135,follen,follen
26136,parish,parish
26137,inventada,invented
26138,holiday,holiday
26139,pintoresco,picturesque
26140,gibraltar,Gibraltar
26141,apartó,he moved away
26142,carcajadas,laughter
26143,calurosa,hot
26144,confederación,confederacy
26145,curandero,quack
26146,horda,horde
26147,martina,Martina
26148,hemorroides,hemorrhoids
26149,band,band
26150,3ch462300,3ch462300
26151,diciéndoles,telling them
26152,háganme,make me
26153,juliana,Juliana
26154,warrick,Warrick
26155,aproveché,I took advantage
26156,séquito,entourage
26157,cris,cris
26158,anote,write it down
26159,desconsiderado,inconsiderate
26160,estómagos,stomachs
26161,europeas,European
26162,marshals,marshals
26163,sena,sign
26164,oh.,Oh.
26165,six,six
26166,creará,will create
26167,bisabuela,great-grandmother
26168,convertía,converted
26169,anunciando,announcing
26170,niegue,deny
26171,incompetentes,incompetent
26172,u.,or.
26173,accesorio,accessory
26174,afeitarse,shave
26175,cuídalo,Take care of it
26176,señoria,lordship
26177,dictar,dictate
26178,rameras,whores
26179,scarlet,Scarlet
26180,detenciones,arrests
26181,huelgas,strikes
26182,beacon,beacon
26183,atrocidad,atrocity
26184,baptiste,Baptiste
26185,destellos,flashes
26186,veámoslo,Let's see it
26187,escucharas,you will hear
26188,prever,foresee
26189,casando,marrying
26190,págale,pay him
26191,nominaciones,nominations
26192,charlamos,we chatted
26193,disparéis,shoot
26194,higgs,Higgs
26195,alterando,altering
26196,supersticioso,superstitious
26197,dum,dum
26198,estatutos,statutes
26199,surrealista,surreal
26200,representamos,we represent
26201,neurológico,neurological
26202,vamos.,come on.
26203,publique,publish
26204,existimos,we exist
26205,mayúscula,capital
26206,escondieron,they hid
26207,concéntrense,concentrate
26208,versículo,verse
26209,llenaron,filled
26210,extraoficial,informal
26211,arrancando,starting
26212,respires,breathe
26213,siguieran,continued
26214,esperándole,waiting for him
26215,autorizar,authorize
26216,aprobé,I passed
26217,quahog,Quahog
26218,notaron,they noticed
26219,posteriormente,subsequently
26220,indeciso,undecided
26221,invadió,invaded
26222,lavan,wash
26223,condados,counties
26224,barack,Barack
26225,aplaudan,applaud
26226,nietzsche,Nietzsche
26227,sao,sao
26228,vehiculo,vehicle
26229,construiste,you built
26230,maru,Maru
26231,venice,Venice
26232,terrace,terrace
26233,stabler,stabler
26234,detonadores,detonators
26235,refrigeración,refrigeration
26236,apelaciones,appeals
26237,incendiado,burned
26238,ds,ds
26239,especializada,specialized
26240,shrek,Shrek
26241,largar,release
26242,sd-6,sd-6
26243,meningitis,meningitis
26244,tecnológica,technology
26245,perversión,perversion
26246,marchará,will march
26247,óptico,optical
26248,chipre,Cyprus
26249,alumnas,female students
26250,chupado,sucked
26251,desdichado,unhappy
26252,coros,choirs
26253,estranguló,strangled
26254,karim,Karim
26255,pili,pili
26256,distribuidores,distributors
26257,regalarle,give it to him
26258,prefirió,preferred
26259,deliberado,deliberate
26260,incesto,incest
26261,portan,they carry
26262,tirarle,throw it
26263,lon,lon
26264,páramo,paramo
26265,sobrepasado,overwhelmed
26266,métela,put it in
26267,paseaba,was strolling
26268,sentara,would sit
26269,laterales,sides
26270,massimo,Massimo
26271,meditando,meditating
26272,maleducada,rude
26273,eugenia,Eugenia
26274,detectan,detect
26275,adelántate,go ahead
26276,llenará,will fill
26277,conteniendo,containing
26278,comprimido,compressed
26279,yonqui,junkie
26280,asesinarlo,kill him
26281,desiertos,deserts
26282,placentera,pleasant
26283,inestabilidad,instability
26284,electromagnética,electromagnetic
26285,teyla,Teyla
26286,contraataque,counterattack
26287,quantico,quantum
26288,agarres,grips
26289,cocinaba,cooked
26290,ayudenme,help me
26291,castigará,will punish
26292,neón,neon
26293,llevártelo,take it with you
26294,pulga,flea
26295,filtrar,filter
26296,entrégate,surrender
26297,jam,jam
26298,vereda,sidewalk
26299,cyborg,cyborg
26300,rashid,rashid
26301,construiré,I will build
26302,comic,comic
26303,presentable,presentable
26304,golfa,slut
26305,conmovió,moved
26306,dirty,dirty
26307,interrogarla,question her
26308,lastimaron,they hurt
26309,resuelven,solve
26310,relacionar,relate
26311,declarada,declared
26312,ruxin,ruxin
26313,aproximándose,approaching
26314,fumes,smokes
26315,anguilas,eels
26316,templeton,templeton
26317,chaz,Chaz
26318,encontrase,find
26319,atraía,attracted
26320,esperá,wait
26321,proporcionó,provided
26322,sentencias,judgments
26323,deslizamiento,glide
26324,portazo,bang
26325,dormilón,sleepyhead
26326,corrompido,corrupt
26327,ofrendas,offerings
26328,latitud,latitude
26329,calumnia,slander
26330,subterráneos,underground
26331,bazar,bazaar
26332,espejismo,mirage
26333,alegrarte,be happy
26334,sofocante,suffocating
26335,suéltelo,let it go
26336,nanny,nanny
26337,ejerce,exercises
26338,babs,babs
26339,asumiré,I will assume
26340,acostaré,I will go to bed
26341,fortalezas,strengths
26342,sábes,You know
26343,mensuales,monthly
26344,contratarme,hire me
26345,telégrafo,telegraph
26346,sedado,sedated
26347,contenidos,contents
26348,protagonistas,protagonists
26349,martinez,Martinez
26350,peguen,stick
26351,impactado,impacted
26352,station,station
26353,pervertida,perverted
26354,roswell,Roswell
26355,sand,sand
26356,fernández,Fernández
26357,traficar,traffic
26358,alegria,happiness
26359,dvds,DVDs
26360,kiera,Kiera
26361,escamas,scales
26362,tesorero,treasurer
26363,depositar,deposit
26364,abusivo,abusive
26365,miedoso,fearful
26366,tendran,they will have
26367,sudoroso,sweaty
26368,italianas,Italians
26369,cuentame,tell me
26370,westen,western
26371,bébelo,drink it
26372,microbios,microbes
26373,thakur,thakur
26374,garrote,club
26375,cloud,cloud
26376,puntualidad,punctuality
26377,luchaste,you fought
26378,enfadarse,get angry
26379,lavavajillas,dishwasher
26380,zodiaco,zodiac
26381,pertinente,relevant
26382,baratijas,trinkets
26383,eso-,that-
26384,trasplantes,transplants
26385,récords,records
26386,pollock,pollock
26387,anything,anything
26388,besaba,kissed
26389,complete,complete
26390,aplicado,applied
26391,lógicamente,logically
26392,documentado,documented
26393,juntado,joined
26394,invirtió,invested
26395,klan,klan
26396,gofres,waffles
26397,praderas,meadows
26398,crusoe,Crusoe
26399,atraviesan,cross
26400,alejo,Alejo
26401,robarnos,steal from us
26402,partieron,they left
26403,discúlpanos,forgive us
26404,estelares,stellar
26405,muad,muad
26406,apestar,reek
26407,portafolio,portfolio
26408,katrine,Katrine
26409,arrendamiento,lease
26410,abandonarla,abandon her
26411,captas,you capture
26412,valientemente,bravely
26413,bengalas,flares
26414,dijistes,you said
26415,autoriza,authorizes
26416,maynard,Maynard
26417,agradó,pleased
26418,menús,menus
26419,minimizar,minimize
26420,tee,tee
26421,x-men,x-men
26422,leerme,read me
26423,egocéntrico,egocentric
26424,hbo,HBO
26425,corroborar,corroborate
26426,compone,composes
26427,panteras,panthers
26428,practican,practice
26429,lanzaste,you threw
26430,oxidada,rusty
26431,neblina,mist
26432,rastras,drags
26433,protegeremos,we will protect
26434,degradación,degradation
26435,disparador,trigger
26436,acompañen,accompany
26437,guionistas,screenwriters
26438,sanderson,Sanderson
26439,represalia,reprisal
26440,baines,baines
26441,subespacial,subspace
26442,contacté,I contacted
26443,dirigidos,directed
26444,expresarlo,express it
26445,comprueben,check
26446,estimo,I estimate
26447,atwood,atwood
26448,arrestaran,arrest
26449,kaufman,Kaufman
26450,pros,pros
26451,carrete,reel
26452,mogo,Mogo
26453,canino,canine
26454,journal,journal
26455,contadores,accountants
26456,ejecutada,executed
26457,dichas,said
26458,ofendida,offended
26459,pedirán,they will ask
26460,capturarlo,capture it
26461,contactarme,contact me
26462,apestosos,stinking
26463,hallie,Hallie
26464,khanna,khanna
26465,disolver,dissolve
26466,acabarlo,finish it
26467,teoria,theory
26468,montículo,mound
26469,cazafantasmas,Ghostbusters
26470,contesten,answer
26471,beale,beale
26472,adapta,adapts
26473,bashir,Bashir
26474,mudaremos,we will move
26475,michaela,Michaela
26476,acercaron,approached
26477,combinan,combine
26478,abandonarte,abandon you
26479,amaría,would love
26480,corrían,they ran
26481,zumbando,buzzing
26482,cerraremos,we will close
26483,edmond,Edmond
26484,hana,hana
26485,zé,zé
26486,pedían,they were asking
26487,brodie,brodie
26488,presley,Presley
26489,rallo,grater
26490,vendados,bandaged
26491,accede,access
26492,mencionan,they mention
26493,atrevimiento,dare
26494,madagascar,Madagascar
26495,cargué,I loaded
26496,tedioso,tedious
26497,relajación,relaxation
26498,apresures,hurry
26499,fetal,fetal
26500,si-,Yeah-
26501,desmoronando,crumbling
26502,pendleton,Pendleton
26503,estructural,structural
26504,caesar,Caesar
26505,procesador,processor
26506,arruinarás,you will ruin
26507,limitadas,limited
26508,calmen,calm down
26509,intolerancia,intolerance
26510,comerla,eat it
26511,apartarme,step away
26512,aficionada,amateur
26513,manutención,maintenance
26514,hablame,talk to me
26515,exportación,export
26516,dejándolo,leaving it
26517,palillo,toothpick
26518,perrita,little dog
26519,asumes,you assume
26520,therese,therese
26521,dividirnos,divide us
26522,guacamole,guacamole
26523,rubén,Ruben
26524,insistí,I insisted
26525,airlines,airlines
26526,concentra,concentrates
26527,buick,Buick
26528,intervino,intervened
26529,caida,drop
26530,interesarte,interest you
26531,despiadados,ruthless
26532,inmundo,unclean
26533,aprobaría,would approve
26534,escalpelo,scalpel
26535,tramas,plots
26536,mantuvimos,we maintained
26537,whitehall,Whitehall
26538,exclusivos,exclusive
26539,zas,zas
26540,destructores,destroyers
26541,encontrare,I will find
26542,concentrados,concentrates
26543,tulsa,Tulsa
26544,velar,watch
26545,sacarles,take them out
26546,compensarlo,compensate it
26547,auditoría,audit
26548,detengamos,Let's stop
26549,evitas,you avoid
26550,moo,moo
26551,óptimo,optimum
26552,divorciarme,divorce
26553,suponen,assume
26554,pintaba,painted
26555,inflexible,inflexible
26556,cuestionable,questionable
26557,sobrevivirás,you will survive
26558,enderezar,straighten
26559,pasante,intern
26560,confusas,confusing
26561,regalaste,you gave
26562,ocultaste,you hid
26563,pronunciado,pronounced
26564,desleal,unfair
26565,desearle,wish him
26566,remington,Remington
26567,desmayarme,faint
26568,látex,latex
26569,paquita,Paquita
26570,herradura,horseshoe
26571,torturarme,torture me
26572,sombría,gloomy
26573,shelton,Shelton
26574,transferida,transferred
26575,reescribir,rewrite
26576,arrastraron,dragged
26577,vendiera,would sell
26578,facilita,facilitates
26579,mostrarse,appear
26580,etiopía,Ethiopia
26581,acústica,acoustics
26582,protestando,protesting
26583,atropellar,run over
26584,mirón,voyeur
26585,mudara,will move
26586,dandy,dandy
26587,presupuestos,budgets
26588,oh-oh,oh-oh
26589,campeonatos,championships
26590,támesis,Thames
26591,sorprendiste,You surprised me
26592,conseguirías,you would get
26593,reconociste,you recognized
26594,sacarlas,take them out
26595,tiernos,tender
26596,holliday,holiday
26597,kuwait,Kuwait
26598,aristócrata,aristocrat
26599,olí,I smelled
26600,contestadora,answering machine
26601,robes,robes
26602,difusión,diffusion
26603,hipotermia,hypothermia
26604,guia,guide
26605,consultarme,ask me
26606,loren,Loren
26607,roedor,rodent
26608,prestamos,loans
26609,extienda,extend
26610,sudado,sweaty
26611,nombraron,they appointed
26612,violé,I raped
26613,poster,poster
26614,arrastran,drag
26615,divulgar,divulge
26616,piénsatelo,Think about it
26617,tragué,I swallowed
26618,crow,crow
26619,relajas,relax
26620,aptitudes,skills
26621,calmes,calm
26622,nice,nice
26623,yugular,jugular
26624,acostumbres,you are used to
26625,astillas,splinters
26626,salami,salami
26627,bocaza,big mouth
26628,madrugar,get up early
26629,desayunando,having breakfast
26630,leif,Leif
26631,cargamos,we load
26632,harmony,harmony
26633,responderle,answer
26634,drástico,drastic
26635,fingen,they pretend
26636,abusador,abuser
26637,anarquistas,anarchists
26638,disparates,nonsense
26639,sensatez,sanity
26640,roedores,rodents
26641,espasmos,spasms
26642,durmieron,they slept
26643,rizzoli,Rizzoli
26644,gime,moans
26645,pudin,pudding
26646,comerciar,trade
26647,v8,v8
26648,seamus,seamus
26649,stalingrado,Stalingrad
26650,bájese,get off
26651,beaver,beaver
26652,agredió,attacked
26653,atentados,attacks
26654,comunicaré,I will communicate
26655,utopía,Utopia
26656,influenciar,influence
26657,servirles,serve them
26658,arañazo,scratch
26659,redactar,write
26660,cajeros,ATMs
26661,reconocemos,we recognize
26662,atrapas,you catch
26663,atorada,stuck
26664,dirígete,head
26665,hayward,Hayward
26666,enamoradas,lovers
26667,estafas,scams
26668,lavinia,Lavinia
26669,keiko,Keiko
26670,aversión,aversion
26671,tramposa,cheater
26672,cabot,Cabot
26673,wooster,wooster
26674,ojai,ojai
26675,comerlos,eat them
26676,crowder,crowder
26677,reflejan,reflect
26678,arrojando,throwing
26679,sinónimo,synonym
26680,intrépido,bold
26681,torturó,tortured
26682,trisha,Trisha
26683,cantaban,they sang
26684,hijoputa,motherfucker
26685,veta,vein
26686,kenji,Kenji
26687,amanece,dawn
26688,protegería,would protect
26689,apogeo,apogee
26690,laceración,laceration
26691,gaulle,Gaulle
26692,inofensivos,harmless
26693,volaste,you flew
26694,hombría,manhood
26695,lacrimógeno,tear gas
26696,equilibrar,balance
26697,exageras,You're exaggerating.
26698,fundición,foundry
26699,cove,cove
26700,moribunda,dying
26701,rebotar,bounce
26702,migración,migration
26703,echad,cast
26704,pimiento,pepper
26705,disparaban,they were shooting
26706,acidez,acidity
26707,mueller,Mueller
26708,touché,touch
26709,recluso,recluse
26710,catre,cot
26711,rodamos,we filmed
26712,droides,droids
26713,justiciero,vigilante
26714,luzca,look
26715,chelín,shilling
26716,influyentes,influential
26717,frederic,Frederic
26718,risitas,giggles
26719,funcionaban,they worked
26720,avísenme,Let me know
26721,jodieron,They screwed up
26722,separemos,Let's separate
26723,tráquea,windpipe
26724,colgaré,I'll hang up
26725,hijastra,stepdaughter
26726,ralphie,Ralphie
26727,centrarme,focus
26728,agotó,exhausted
26729,tomá,take
26730,recibirnos,welcome us
26731,declararse,declare
26732,historiales,histories
26733,bendecidos,blessed
26734,varonil,manly
26735,desvanecido,vanished
26736,recibiera,received
26737,alquien,someone
26738,jimmie,Jimmy
26739,inestables,unstable
26740,perderíamos,we would lose
26741,limpiarla,clean it
26742,gia,gia
26743,são,são
26744,ange,angel
26745,babu,babu
26746,audi,Audi
26747,herejía,heresy
26748,chacal,jackal
26749,aflojar,loosen
26750,engreída,conceited
26751,tableta,tablet
26752,soltaré,I will release
26753,consumen,consume
26754,limpiarme,clean myself
26755,gaston,Gaston
26756,usarme,use me
26757,rebaja,reduction
26758,luminosa,bright
26759,enrollado,rolled up
26760,gentiles,Gentiles
26761,evaluaciones,evaluations
26762,fluya,flow
26763,arduo,hard
26764,lograba,managed
26765,entregaremos,we will deliver
26766,frx0,frx0
26767,early,early
26768,dibujante,cartoonist
26769,nu,wildebeest
26770,apóyate,lean on
26771,ruin,mean
26772,ski,ski
26773,magnesio,magnesium
26774,asar,roast
26775,eu,eu
26776,apego,attachment
26777,mm-hm,mm-hm
26778,bombear,pump
26779,florero,vase
26780,criterios,criteria
26781,licuadora,blender
26782,hatch,hatch
26783,reclutó,recruited
26784,nacieras,you were born
26785,peleaba,fought
26786,infectó,infected
26787,pooh,Pooh
26788,estampillas,stamps
26789,crucigramas,crosswords
26790,prudence,prudence
26791,ayudarlas,help them
26792,ribera,bank
26793,aumentará,will increase
26794,monté,mountain
26795,traumática,traumatic
26796,culpado,guilty
26797,intensas,intense
26798,trans,trans
26799,tuerto,one-eyed
26800,tradicionalmente,traditionally
26801,yemen,Yemen
26802,pai,father
26803,terminales,terminals
26804,alocada,crazy
26805,birkoff,Birkoff
26806,anoto,I note
26807,clarinete,clarinet
26808,incrementa,increases
26809,olvídense,forget it
26810,resistirte,resist
26811,forrado,lined
26812,bartlet,Bartlett
26813,calais,Calais
26814,escorpio,Scorpio
26815,sparrow,sparrow
26816,subvención,grant
26817,geeta,Geeta
26818,spartacus,Spartacus
26819,gladiador,gladiator
26820,seducirme,seduce me
26821,pomada,ointment
26822,mezclados,mixed
26823,planteado,raised
26824,devorado,devoured
26825,constantinopla,Constantinople
26826,heinz,Heinz
26827,duradera,durable
26828,puck,puck
26829,laceraciones,lacerations
26830,empujas,you push
26831,situada,located
26832,falsificador,forger
26833,papà,dad
26834,burritos,burritos
26835,ahorrarte,save yourself
26836,jadeo,panting
26837,formales,formal
26838,acuerde,agree
26839,judiciales,judicial
26840,aterrizando,landing
26841,explicarse,explain
26842,gt,gt
26843,hincha,fan
26844,topless,topless
26845,opuso,opposed
26846,robles,oaks
26847,excepcionalmente,exceptionally
26848,soplete,blowtorch
26849,exterminio,extermination
26850,sonámbulo,sleepwalker
26851,pardo,brown
26852,violan,rape
26853,shakira,Shakira
26854,éxodo,Exodus
26855,léela,read it
26856,despedirla,dismiss her
26857,himalaya,Himalayas
26858,sacrilegio,sacrilege
26859,mandaría,would send
26860,malgastando,wasting
26861,perdoné,I forgave
26862,molécula,molecule
26863,mutilado,mutilated
26864,chardonnay,chardonnay
26865,convenga,convenient
26866,morirías,you would die
26867,recordaremos,we will remember
26868,aparecí,I appeared
26869,enojarse,annoy
26870,prepararemos,we will prepare
26871,devuélvame,Give me back
26872,desvió,detour
26873,precavido,cautious
26874,talentosos,talented
26875,superamos,we overcame
26876,jing,Jing
26877,presentaba,presented
26878,romperla,break it
26879,eye,eye
26880,deslizó,slipped
26881,digestión,digestion
26882,obedecen,obey
26883,continuado,continued
26884,telenovela,soap opera
26885,yugo,yoke
26886,chorros,jets
26887,levadura,yeast
26888,declaran,declare
26889,comportó,behaved
26890,desnudistas,nudists
26891,lightman,Lightman
26892,reprogramar,reschedule
26893,exigiendo,demanding
26894,sofie,Sofia
26895,narcotraficante,drug trafficker
26896,decorador,decorator
26897,triunfado,triumphed
26898,liberan,release
26899,alineados,aligned
26900,aníbal,Hannibal
26901,regularidad,regularity
26902,bowling,bowling
26903,jorobado,hunchback
26904,sacudiendo,shaking
26905,degradante,degrading
26906,rutinas,routines
26907,gustaste,you liked it
26908,derretir,melt
26909,desmorona,crumbles
26910,criticando,criticizing
26911,pasabas,you used to pass
26912,tutela,guardianship
26913,delatado,betrayed
26914,albania,Albania
26915,apartarse,move away
26916,amorosos,loving
26917,glory,glory
26918,aparecerán,will appear
26919,trocito,bit
26920,reunirán,will meet
26921,casémonos,Let's get married
26922,alcancé,scope
26923,arrugada,wrinkled
26924,culparla,blame her
26925,levantarla,lift it
26926,far,far
26927,keeler,keeler
26928,disponemos,we have
26929,baird,Baird
26930,telarañas,cobwebs
26931,elije,choose
26932,encarnación,incarnation
26933,psicótica,psychotic
26934,cálidos,warm
26935,comprada,purchased
26936,rosewood,rosewood
26937,lombriz,worm
26938,ostia,Holy shit
26939,adquirió,acquired
26940,viril,virile
26941,dominios,domains
26942,esfumado,vanished
26943,navegante,navigator
26944,aida,Aida
26945,crabtree,crabtree
26946,susanna,Susanna
26947,plymouth,Plymouth
26948,quepa,that fits
26949,quíteme,take me off
26950,establecerse,settle
26951,examinarlo,examine it
26952,aceptarás,will you accept
26953,provoques,provoke
26954,imaginarios,imaginary
26955,deslizarse,slide
26956,brice,Brice
26957,chateau,chateau
26958,explicármelo,Explain it to me
26959,ensayado,tested
26960,arrepentida,repentant
26961,intervalos,intervals
26962,logística,logistics
26963,mani,peanut
26964,viéndonos,seeing us
26965,controladas,controlled
26966,resistido,resisted
26967,jugarlo,play it
26968,experimenta,experiment
26969,tónico,tonic
26970,pasarías,you would pass
26971,volátil,volatile
26972,esclavas,slaves
26973,roxie,Roxie
26974,narrativa,narrative
26975,extraviado,lost
26976,confiara,trusted
26977,moviste,you moved
26978,joroba,hump
26979,perezosos,lazy
26980,killer,killer
26981,pongámoslo,Let's put it
26982,discuto,I argue
26983,neurocirujano,neurosurgeon
26984,aburren,boring
26985,idear,devise
26986,jugara,will play
26987,túnez,Tunisia
26988,corporativos,corporate
26989,oil,oil
26990,tranquilizador,soothing
26991,examiné,I examined
26992,confusos,confusing
26993,ibiza,Ibiza
26994,descansan,rest
26995,silbando,whistling
26996,cavernícola,caveman
26997,jovencitos,young people
26998,santísima,most holy
26999,gorras,caps
27000,bofetadas,slaps
27001,volkswagen,Volkswagen
27002,ahogada,drowned
27003,calmaos,calm down
27004,ciera,certain
27005,hicistes,did you do
27006,-t,-t
27007,francois,Francois
27008,convertiremos,we will convert
27009,voleibol,volleyball
27010,groenlandia,Greenland
27011,saludamos,We greet you
27012,cas,case
27013,shop,shop
27014,pidieras,you asked
27015,ofenden,offend
27016,legítimos,legitimate
27017,carpintería,carpentry
27018,marcharemos,we will march
27019,cruzaste,you crossed
27020,pacifista,pacifist
27021,walk,walk
27022,mongolia,Mongolia
27023,rubíes,rubies
27024,aplastados,crushed
27025,poros,pores
27026,desquiciado,deranged
27027,molinos,mills
27028,marchaste,you left
27029,míralas,look at them
27030,enron,Enron
27031,contactarlo,contact him
27032,erupciones,eruptions
27033,respiraba,breathed
27034,navega,browse
27035,expandiendo,expanding
27036,decirmelo,tell me
27037,respetada,respected
27038,removido,removed
27039,herejes,heretics
27040,regalando,giving away
27041,pobrecillo,poor thing
27042,observas,you observe
27043,padrinos,godparents
27044,esfuerzas,you strive
27045,calificada,qualified
27046,partos,births
27047,preparándome,getting ready
27048,esquimal,Eskimo
27049,redactor,editor
27050,indicando,indicating
27051,conducirlo,drive it
27052,mandarán,they will send
27053,examina,examines
27054,actualizado,updated
27055,libró,book
27056,katarina,Katarina
27057,tok,tok
27058,echarles,throw them
27059,mantenlos,keep them
27060,gucci,Gucci
27061,borgoña,Burgundy
27062,esquizofrénico,schizophrenic
27063,deshaga,undo
27064,desamparados,homeless
27065,liberarla,free her
27066,siguieras,you would follow
27067,gretel,Gretel
27068,brook,Brook
27069,studio,studio
27070,hunda,sink
27071,hear,hear
27072,sabbath,Sabbath
27073,argentino,Argentinean
27074,aniquilación,annihilation
27075,terminator,terminator
27076,operacion,operation
27077,gruber,Gruber
27078,agradecerás,you will appreciate it
27079,cíclope,Cyclops
27080,enfadarte,get angry
27081,concentrémonos,Let's concentrate
27082,sharona,Sharona
27083,prepares,prepare
27084,fijate,look
27085,precisamos,we need
27086,espanto,terror
27087,mintiera,lied
27088,tecla,key
27089,mak,mak
27090,desnúdate,get naked
27091,enojarme,get angry
27092,modificación,modification
27093,joderte,fuck you
27094,matarlas,kill them
27095,hemorragias,hemorrhages
27096,lolita,Lolita
27097,bok,bok
27098,insultas,insults
27099,angelica,angelica
27100,arrojé,I threw
27101,construirlo,build it
27102,tugurio,dump
27103,cometo,I commit
27104,fabulosas,fabulous
27105,cari,darling
27106,mudanzas,moving
27107,fun,fun
27108,imanes,magnets
27109,tribuna,grandstand
27110,hackeado,hacked
27111,joão,João
27112,sobreviviría,would survive
27113,guiando,guiding
27114,firmara,signature
27115,beberlo,drink it
27116,desempleados,unemployed
27117,carlyle,Carlyle
27118,garabatos,scrawl
27119,ranura,slot
27120,mercaderes,merchants
27121,transexual,transsexual
27122,traicionaron,they betrayed
27123,mostraría,would show
27124,arrastrarse,creep
27125,scrabble,Scrabble
27126,probarse,try on
27127,salvamento,rescue
27128,fighting,fighting
27129,caminante,walker
27130,proseguir,pursue
27131,next,next
27132,kahn,kahn
27133,envejecimiento,aging
27134,fazio,fazio
27135,confirmo,I confirm
27136,ucla,ucla
27137,historiadores,historians
27138,acompañaba,accompanied
27139,sunday,Sunday
27140,forme,form
27141,trabajarán,they will work
27142,lim,lim
27143,norah,Norah
27144,tuviésemos,we had
27145,vestuarios,changing rooms
27146,comunico,I am communicating
27147,keane,Keane
27148,ahórratelo,Save yourself the trouble
27149,deseada,desired
27150,estimados,Dear All
27151,flan,custard
27152,planchas,irons
27153,moraleja,moral
27154,aurelio,Aurelio
27155,timidez,shyness
27156,decepcionados,disappointed
27157,encriptado,encrypted
27158,osadía,audacity
27159,investiguen,investigate
27160,expresó,express
27161,família,family
27162,malhotra,malhotra
27163,marisco,seafood
27164,vitrina,showcase
27165,kal-el,kal-el
27166,pasándola,passing it
27167,pecar,sin
27168,comúnmente,commonly
27169,intersect,intersect
27170,tam,tam
27171,perseverancia,perseverance
27172,muestrame,show me
27173,decoraciones,decorations
27174,atrevía,dared
27175,seguíamos,we continued
27176,promocionar,promote
27177,solita,all by herself
27178,petrolero,oil
27179,leímos,we read
27180,gruesas,thick
27181,enganchar,hook
27182,separémonos,Let's separate
27183,llantos,cries
27184,fabian,Fabian
27185,ensangrentada,bloody
27186,cuenca,basin
27187,follarte,fuck you
27188,infusión,infusion
27189,llévenla,Take her
27190,negará,will deny
27191,poética,poetics
27192,vanidoso,vain
27193,brindamos,we provide
27194,olvidémoslo,Let's forget about it
27195,tad,tad
27196,sonara,It will sound
27197,costear,pay for
27198,vigilarla,watch her
27199,credo,creed
27200,financiamiento,financing
27201,abandonara,abandon
27202,johnston,johnston
27203,ezequiel,Ezekiel
27204,monito,little monkey
27205,ampliación,extension
27206,conversacion,conversation
27207,dándonos,giving us
27208,bae,bae
27209,detectando,detecting
27210,hobbes,Hobbes
27211,guiaré,I will guide
27212,copiando,copying
27213,ladron,thief
27214,cupcakes,cupcakes
27215,navajas,knives
27216,consistentes,consistent
27217,tráigalo,Bring it
27218,descuentos,discounts
27219,dándose,giving
27220,confirmando,confirming
27221,cunda,cunda
27222,despecho,spite
27223,isn,isn
27224,pruébame,try me
27225,campestre,country
27226,bocota,big mouth
27227,arcángel,archangel
27228,larissa,Larissa
27229,ordenamos,we ordered
27230,convendría,would be advisable
27231,burguesa,bourgeois
27232,clary,Clary
27233,devereaux,devereaux
27234,presumiblemente,presumably
27235,grasiento,greasy
27236,porto,port
27237,teñido,had
27238,resultara,it would turn out
27239,galón,gallon
27240,sentaros,sit down
27241,tiberio,Tiberius
27242,llevad,take
27243,liberamos,we free
27244,division,division
27245,gemas,gems
27246,dopamina,dopamine
27247,retenerme,hold me back
27248,programados,scheduled
27249,maude,Maude
27250,enséñanos,teach us
27251,melena,mane
27252,movil,mobile
27253,condenó,condemned
27254,lomax,lomax
27255,moja,wet
27256,apagados,turned off
27257,transfirió,transferred
27258,previsión,forecast
27259,debio,It should have
27260,chffffff,chffffff
27261,destructiva,destructive
27262,aristócratas,aristocrats
27263,evito,I avoid
27264,dispongo,I have
27265,barraca,barrack
27266,ders,ders
27267,actuará,will act
27268,silenciosos,silent
27269,gao,gao
27270,sepultura,grave
27271,vigiles,watch
27272,ea,ea
27273,mejorarlo,improve it
27274,golpeará,will hit
27275,ajenos,other people
27276,deficiencia,deficiency
27277,edema,edema
27278,pecadora,sinner
27279,referirse,refer
27280,varicela,chickenpox
27281,jia,jia
27282,robaré,I will steal
27283,paracaidistas,paratroopers
27284,desperdicios,waste
27285,carlotta,Carlotta
27286,pibe,kid
27287,obligarlo,force him
27288,razonablemente,reasonably
27289,eficientes,efficient
27290,asaltantes,assailants
27291,tranqui,calm down
27292,vergas,dicks
27293,repetidas,repeated
27294,vibrante,vibrant
27295,sírvanse,Please help yourselves
27296,crusher,crusher
27297,work,work
27298,analistas,analysts
27299,ozono,ozone
27300,halago,flattery
27301,radioactivo,radioactive
27302,huntington,Huntington
27303,pedirás,you will ask
27304,cortador,cutter
27305,buscadores,search engines
27306,qin,Qin
27307,dudosa,doubtful
27308,membrana,membrane
27309,infiltrarse,infiltrate
27310,lentas,slow
27311,encuéntrenlo,find it
27312,esclerosis,sclerosis
27313,ganarnos,win us over
27314,abastecimiento,catering
27315,uther,uther
27316,dem,dem
27317,avon,avon
27318,muchachote,big boy
27319,incómodas,uncomfortable
27320,hawkes,Hawkes
27321,permanecerán,will remain
27322,aleación,alloy
27323,villancicos,Christmas carols
27324,súbita,sudden
27325,lloramos,we cried
27326,guiarnos,guide us
27327,duce,duce
27328,evitan,avoid
27329,comportamientos,behaviors
27330,aniquilar,annihilate
27331,tranquilizar,reassure
27332,déjelos,leave them
27333,small,small
27334,sacudido,shaken
27335,cubres,covers
27336,comanches,Comanches
27337,sáqueme,get me out
27338,manuscritos,manuscripts
27339,dolida,hurt
27340,enfoca,focus
27341,dickinson,Dickinson
27342,raciales,racial
27343,matinal,morning
27344,xbox,Xbox
27345,joxer,joxer
27346,mandona,bossy
27347,ciudadela,citadel
27348,informativa,informative
27349,onzas,ounces
27350,clandestinidad,secrecy
27351,rezaba,prayed
27352,ritter,Ritter
27353,acrobacias,acrobatics
27354,lagunas,lagoons
27355,palabrería,wordiness
27356,thorn,Thorn
27357,negaste,you denied
27358,engañamos,we deceive
27359,suspendieron,suspended
27360,lamentará,will regret
27361,storybrooke,Storybrooke
27362,consistía,it consisted
27363,paramount,Paramount
27364,halagos,compliments
27365,parpadea,blinks
27366,lanzaré,I will launch
27367,caimanes,alligators
27368,soltad,let go
27369,conserve,preserve
27370,puedo-,I can-
27371,impiden,prevent
27372,encarcelamiento,imprisonment
27373,tilly,tilly
27374,rumano,Romanian
27375,atraso,backwardness
27376,perfeccionar,perfect
27377,mintiéndome,lying to me
27378,telefoneado,telephoned
27379,dámelos,Give them to me
27380,machista,sexist
27381,testículo,testicle
27382,importaban,they mattered
27383,lesionado,injured
27384,lupus,lupus
27385,cerrarse,close
27386,everything,everything
27387,marcadas,marked
27388,esfuérzate,strive
27389,alcanzarlos,reach them
27390,emborracharnos,to get drunk
27391,trabajadoras,female workers
27392,siembra,sowing
27393,mavis,Mavis
27394,monumental,monumental
27395,descompuso,broke down
27396,preferencias,preferences
27397,invierte,invest
27398,manipuladora,manipulative
27399,furtivo,furtive
27400,mido,I measure
27401,preescolar,preschool
27402,herrmann,Hermann
27403,tapiz,tapestry
27404,panfleto,pamphlet
27405,kermit,Kermit
27406,devolverán,will return
27407,desmontar,disassemble
27408,memorándum,memorandum
27409,ecosistema,ecosystem
27410,excrementos,faeces
27411,quid,crux
27412,torturada,tortured
27413,mcgarrett,McGarrett
27414,desarmados,unarmed
27415,gobernado,governed
27416,kendrick,Kendrick
27417,usabas,you used
27418,terence,Terence
27419,informador,informer
27420,relevantes,relevant
27421,landon,landon
27422,cubeta,tray
27423,avistamientos,sightings
27424,inflamable,flammable
27425,desintoxicación,detoxification
27426,pinball,pinball
27427,anhela,longs
27428,devora,devours
27429,despreocupado,carefree
27430,comodín,wildcard
27431,consolador,dildo
27432,llámenos,call us
27433,desalojo,eviction
27434,hornblower,hornblower
27435,ban,ban
27436,felicitación,congratulation
27437,balboa,balboa
27438,ofelia,Ophelia
27439,agresores,aggressors
27440,experimentó,experiment
27441,sox,sox
27442,costurera,seamstress
27443,relatividad,relativity
27444,decoro,decorum
27445,estimula,stimulates
27446,encarar,face
27447,comunique,communicate
27448,gregorio,Gregory
27449,r2,r2
27450,mer,mer
27451,cheese,cheese
27452,franela,flannel
27453,vacilando,hesitating
27454,acosa,harasses
27455,sonríen,They smile
27456,sharpe,Sharpe
27457,defectuosa,defective
27458,coleccionistas,collectors
27459,funky,funky
27460,gage,gauge
27461,portera,portress
27462,merlyn,Merlyn
27463,socializar,socialize
27464,cornisa,cornice
27465,tendiste,you tended
27466,quill,quill
27467,descansos,breaks
27468,no-no,no no
27469,enlaces,links
27470,depto.,department
27471,ándate,go away
27472,believe,believe
27473,botox,Botox
27474,perejil,parsley
27475,suscripción,subscription
27476,contraseñas,passwords
27477,contenida,contained
27478,perez,Perez
27479,queriamos,we wanted
27480,coito,intercourse
27481,saqueo,pillage
27482,mambo,mambo
27483,tiara,tiara
27484,convenio,agreement
27485,wilma,wilma
27486,trazado,layout
27487,gigoló,gigolo
27488,psicólogos,psychologists
27489,frió,cold
27490,gruñido,snarl
27491,capta,captures
27492,enterrando,burying
27493,drakul,drakul
27494,ligando,linking
27495,noticieros,news programs
27496,tov,tov
27497,esperarías,you would expect
27498,estancado,stagnant
27499,qi,qi
27500,afectadas,affected
27501,temían,they feared
27502,sears,sears
27503,informé,report
27504,pasándolo,passing it
27505,distinguidos,distinguished
27506,facción,faction
27507,somníferos,sleeping pills
27508,interino,interim
27509,hormigueo,tingle
27510,olvídala,forget her
27511,maxie,maxie
27512,descifrarlo,decipher it
27513,romperás,you will break
27514,desatado,untied
27515,innecesarios,unnecessary
27516,chillar,scream
27517,piadoso,pious
27518,vigía,look-out
27519,requerir,require
27520,iraníes,Iranians
27521,keats,Keats
27522,refiriendo,referring
27523,premisa,premise
27524,destruyes,destroy
27525,rimas,rhymes
27526,machacar,crush
27527,altman,altman
27528,adaptar,fit
27529,minado,mined
27530,malteada,milk shake
27531,kwan,kwan
27532,reforzado,reinforced
27533,bajista,bassist
27534,haciendolo,doing it
27535,birmania,Burma
27536,balada,ballad
27537,toallitas,wipes
27538,quédatela,Keep it
27539,aplastaré,I will crush
27540,adoptaron,adopted
27541,atrápala,catch it
27542,presiono,I press
27543,suturas,sutures
27544,mahal,Mahal
27545,liderando,leading
27546,bálsamo,balm
27547,fiat,fiat
27548,reproducirse,breed
27549,entregados,delivered
27550,squash,squash
27551,envase,container
27552,coloquen,place
27553,fichado,signed
27554,utensilios,utensils
27555,comprobó,checked
27556,booker,booker
27557,crematorio,crematorium
27558,chucky,Chucky
27559,sri,Sri
27560,hoon,Hoon
27561,aprenderlo,learn it
27562,cape,cape
27563,press,press
27564,ugo,Hugo
27565,abs,abs
27566,lorelei,Lorelei
27567,blaze,blaze
27568,conroy,Conroy
27569,olímpica,Olympic
27570,autonomía,autonomy
27571,aguantan,they endure
27572,suplicó,he begged
27573,abriría,would open
27574,presionarte,pressuring you
27575,cubrí,I covered
27576,emborracha,gets drunk
27577,constructora,construction company
27578,límpialo,clean it
27579,herodes,Herod
27580,conocisteis,you knew
27581,acordarás,you will agree
27582,gee,gee
27583,temerle,fear him
27584,desagrada,unpleasant
27585,bingley,Bingley
27586,llevame,take me
27587,siéntelo,feel it
27588,saludarla,greet her
27589,garbo,grace
27590,remolacha,beet
27591,abogacía,advocacy
27592,intencionadamente,willfully
27593,malentendidos,misunderstandings
27594,sis,sis
27595,kraang,kraang
27596,ninos,children
27597,fijos,fixed
27598,curarla,cure it
27599,calificar,qualify
27600,leves,mild
27601,tifus,typhus
27602,brutos,gross
27603,derrotarlo,defeat him
27604,concéntrese,concentrate
27605,trocitos,little pieces
27606,luchemos,Let's fight
27607,ambientales,environmental
27608,migrañas,migraines
27609,peach,peach
27610,arreglaría,would fix
27611,partisanos,partisans
27612,bellísimo,beautiful
27613,enemistad,enmity
27614,encargados,managers
27615,estallado,exploded
27616,adivinaste,You guessed it
27617,circula,circula
27618,mall,mall
27619,alfil,bishop
27620,esforzarme,to strive
27621,hallarás,you will find
27622,dolorosos,painful
27623,peregrinación,pilgrimage
27624,isobel,Isobel
27625,t.c.,t.c.
27626,localizarte,locate you
27627,sabático,sabbatical
27628,follarme,fuck me
27629,dispararemos,we will shoot
27630,tenor,tenor
27631,hablaran,they spoke
27632,encendidos,lit
27633,lecter,lecter
27634,bioquímica,biochemistry
27635,malabares,juggling
27636,payasadas,antics
27637,turística,tour
27638,empeorará,will worsen
27639,tapete,rug
27640,ciénaga,swamp
27641,arresta,arrest
27642,chiana,China
27643,tù,you
27644,alegré,cheerful
27645,puntadas,stitching
27646,frota,rub
27647,bombillas,light bulbs
27648,preséntate,introduce yourself
27649,empacado,packed
27650,doblo,double
27651,sadako,sadako
27652,arpón,harpoon
27653,debs,debs
27654,ediciones,editions
27655,piensalo,Think about it
27656,coló,color
27657,entregaría,would deliver
27658,ón,on
27659,termo,thermos
27660,negarte,deny
27661,sincro,sync
27662,sentaron,they sat down
27663,derriba,demolition
27664,hansel,Hansel
27665,recibidos,received
27666,motosierra,chainsaw
27667,ofreceré,I will offer
27668,anónimas,anonymous
27669,atajos,shortcuts
27670,cementerios,cemeteries
27671,demandó,demanded
27672,meo,pee
27673,rezas,you pray
27674,bonus,bonus
27675,merengue,meringue
27676,apagues,turn off
27677,honestas,honest
27678,acertó,He was right
27679,reduzca,reduce
27680,esperándola,waiting for her
27681,recuperaron,recovered
27682,localiza,locates
27683,estrellarse,dash
27684,expendedora,vending machine
27685,comporte,behave
27686,órbitas,orbits
27687,malinterpretado,misinterpreted
27688,sureña,southern
27689,asignados,assigned
27690,grandísimo,great
27691,senderos,trails
27692,mándale,send him
27693,junten,get together
27694,igualito,exactly the same
27695,uat,uat
27696,macao,Macao
27697,murieran,died
27698,pesqué,I fished
27699,apóstoles,apostles
27700,criamos,we raised
27701,callan,They are silent
27702,piero,Piero
27703,encubiertas,covert
27704,conocerles,meet them
27705,nik,nik
27706,seudónimo,pseudonym
27707,hijastro,stepson
27708,participe,participant
27709,tecnologia,technology
27710,erizo,sea ​​urchin
27711,uhtred,uhtred
27712,ultraje,insult
27713,atributos,attributes
27714,obtenerlo,get it
27715,campanario,bell tower
27716,captando,capturing
27717,transcripciones,transcripts
27718,viéndome,seeing me
27719,importamos,We import
27720,mohamed,Mohamed
27721,reservo,I reserve
27722,escandalosa,scandalous
27723,dolorosas,painful
27724,jubilados,retirees
27725,fracturado,fractured
27726,eppes,eppes
27727,elanna,elanna
27728,poniéndote,putting you
27729,moreau,Moreau
27730,ahogamiento,drowning
27731,retiras,withdraw
27732,chupito,shot
27733,llenen,fill
27734,confiaste,you trusted
27735,acordarte,remember
27736,voice,voice
27737,puf,poof
27738,borrados,deleted
27739,dreyfus,dreyfus
27740,liso,smooth
27741,basketball,basketball
27742,llano,flat
27743,explicarnos,explain
27744,smash,smash
27745,pregúntales,ask them
27746,arreglarás,you will fix
27747,femoral,femoral
27748,davina,Davina
27749,firmados,signed
27750,lanzarse,jump
27751,rolf,Rolf
27752,suéltenlo,Let him go
27753,continuaron,they continued
27754,bolcheviques,Bolsheviks
27755,arenque,herring
27756,prendida,lit
27757,cebada,barley
27758,infectar,infect
27759,correspondido,reciprocated
27760,prepararon,prepared
27761,cedo,I give up
27762,dirigiré,I will direct
27763,castores,beavers
27764,fotográfico,photographic
27765,tendida,lying down
27766,bultos,packages
27767,húngaros,Hungarians
27768,onza,ounce
27769,impactos,impacts
27770,besarlo,kiss him
27771,viéndola,watching her
27772,renovado,renovated
27773,enterradas,buried
27774,creaciones,creations
27775,titulado,titled
27776,apartada,secluded
27777,tuercas,nuts
27778,impulsar,boost
27779,diseñadas,designed
27780,diapositivas,slides
27781,valet,valet
27782,crónico,chronic
27783,invadieron,invaded
27784,tardamos,we took
27785,standard,standard
27786,revelando,revealing
27787,tráemelo,Bring it to me
27788,bastó,coarse
27789,escribirla,write it
27790,respiren,breathe
27791,lam,lam
27792,desafiado,challenged
27793,mendigar,beg
27794,prismáticos,binoculars
27795,brava,brave
27796,divinos,divine
27797,arrestaré,I will arrest
27798,simetría,symmetry
27799,tenue,faint
27800,sauce,willow
27801,beecher,Beecher
27802,deforme,misshapen
27803,insista,insist
27804,verona,Verona
27805,stef,Stef
27806,despedirán,they will fire
27807,taft,taft
27808,ensayamos,we rehearse
27809,disminución,decrease
27810,escorpiones,scorpions
27811,masturbarse,masturbate
27812,precoz,early
27813,laverne,Laverne
27814,discordia,discord
27815,forajido,outlaw
27816,mantenían,they maintained
27817,ofrecerá,will offer
27818,magnifica,magnificent
27819,rhys,Rhys
27820,mckenna,McKenna
27821,shun,shun
27822,emborraché,I got drunk
27823,persigo,I pursue
27824,minneapolis,Minneapolis
27825,medica,medical
27826,axilas,armpits
27827,universitarias,university
27828,yacen,lie
27829,malcriada,spoiled
27830,frobisher,frobisher
27831,molestarlos,bother them
27832,rígida,rigid
27833,mathieu,Mathieu
27834,mathilde,Mathilde
27835,simplicidad,simplicity
27836,coleando,tailing
27837,devotos,devotees
27838,clero,clergy
27839,bruscamente,sharply
27840,enamoramiento,infatuation
27841,negaré,I will deny
27842,pagadas,paid
27843,suicido,suicide
27844,scarlata,scarlet
27845,devin,devin
27846,wexler,Wexler
27847,inicios,beginnings
27848,derribaron,they shot down
27849,ascendente,upward
27850,telefoneó,phoned
27851,fundado,founded
27852,biggs,biggs
27853,típicos,typical
27854,pasantía,internship
27855,knope,Knope
27856,cana,cane
27857,distraiga,distract
27858,viajaremos,we will travel
27859,ántrax,anthrax
27860,persia,Persia
27861,trague,swallow
27862,alcanzarla,reach it
27863,tallado,carving
27864,should,should
27865,cubana,Cuban
27866,penetra,penetrates
27867,indescriptible,indescribable
27868,empujan,they push
27869,midsomer,midsomer
27870,hurgando,rummaging
27871,maybe,maybe
27872,audífonos,earphones
27873,shangai,Shanghai
27874,levine,Levine
27875,islámico,Islamic
27876,jace,Jace
27877,aferra,clings on
27878,sotano,basement
27879,regresare,I will return
27880,sabina,juniper
27881,habréis,you will have
27882,letrina,latrine
27883,grabarlo,record it
27884,atlántida,Atlantis
27885,babosa,slug
27886,fingiré,I'll pretend
27887,derrotas,defeats
27888,caucásico,Caucasian
27889,fraudes,frauds
27890,júralo,swear it
27891,picazón,itch
27892,tic-tac,ticking
27893,alejara,away
27894,albergar,harbor
27895,anchoas,anchovies
27896,aceptarías,Would you take
27897,bandada,flock
27898,decidirme,decide
27899,devolvería,would return
27900,escupiendo,spitting
27901,aristóteles,Aristotle
27902,cuidarlos,take care of them
27903,noelle,noelle
27904,naturalidad,naturalness
27905,buscáis,you are looking
27906,enfureció,he became enraged
27907,semáforos,traffic lights
27908,perpetrador,perpetrator
27909,wolverine,Wolverine
27910,danesa,Danish
27911,programador,programmer
27912,traficando,trafficking
27913,permitidme,allow me
27914,históricamente,historically
27915,babeando,drooling
27916,tempo,tempo
27917,morsa,walrus
27918,woodstock,Woodstock
27919,comenta,comment
27920,cardiff,Cardiff
27921,arréglate,fix yourself
27922,cinematográfica,cinematography
27923,plática,talk
27924,encargaría,I would order
27925,comernos,eat us
27926,cotilleos,gossip
27927,siéntanse,sit down
27928,acostumbré,I used to
27929,rayos-x,x-rays
27930,partidario,supporter
27931,lastiman,they hurt
27932,confiscar,confiscate
27933,ensangrentado,bloody
27934,atontado,stunned
27935,logremos,Let's achieve
27936,invitara,would invite
27937,trueque,barter
27938,eunice,Eunice
27939,toquéis,play
27940,monóxido,monoxide
27941,cosido,sewing
27942,limpiarse,cleanse
27943,potts,potts
27944,guárdala,save it
27945,administrativa,administrative
27946,servicial,helpful
27947,captó,captured
27948,azulejos,tiles
27949,inclinada,inclined
27950,agarraré,I'll grab
27951,pararla,stop it
27952,liberé,I freed
27953,crónicas,chronicles
27954,interpreto,I interpret
27955,maquinista,machinist
27956,mensajera,messenger
27957,degradado,degraded
27958,movamos,Let's move
27959,severos,severe
27960,corazoncito,little heart
27961,paraiso,paradise
27962,encontrad,find
27963,sure,sure
27964,agarrarte,hold on
27965,espeso,thick
27966,limpies,clean
27967,torna,turn
27968,sospeche,suspect
27969,tallarines,noodles
27970,zoquete,oaf
27971,indirectamente,indirectly
27972,nevar,snow
27973,cabinas,cabins
27974,indicadores,indicators
27975,conformarse,conform
27976,comprarás,you will buy
27977,turín,Turin
27978,realizará,will perform
27979,despistado,absent-minded
27980,maiz,corn
27981,diríamos,we would say
27982,gant,Gant
27983,solsticio,solstice
27984,apoyaba,supported
27985,desagradecida,ungrateful
27986,valorado,valued
27987,dwyer,dwyer
27988,especializa,specializes
27989,bannister,bannister
27990,coleccionar,collect
27991,calentito,warm
27992,cherokee,Cherokee
27993,repetimos,we repeat
27994,quitártelo,take it off
27995,cacerola,pan
27996,calentarse,warm
27997,impredecibles,unpredictable
27998,mordidas,bites
27999,olimpo,Olympus
28000,adore,adore
28001,anduve,I walked
28002,adivinanzas,riddles
28003,decadente,decadent
28004,descalza,barefoot
28005,activamente,actively
28006,deficiente,deficient
28007,probaron,they tried
28008,mantis,mantis
28009,mimo,mime
28010,orfeo,Orpheus
28011,partitura,score
28012,catacumbas,catacombs
28013,cctv,CCTV
28014,poseidón,Poseidon
28015,caminantes,walkers
28016,trade,trade
28017,dáme,give me
28018,judo,judo
28019,clásicas,classics
28020,nominada,nominated
28021,diciéndolo,saying it
28022,tutores,tutors
28023,intentaras,you will try
28024,atómicas,atomic
28025,sapos,toads
28026,eleccion,choice
28027,oportunista,opportunist
28028,intensiva,intensive
28029,evacuen,evacuate
28030,paulette,Paulette
28031,invitarlos,invite them
28032,gemido,groan
28033,negocia,negotiate
28034,regis,regis
28035,notificar,notify
28036,estandarte,banner
28037,comprometerte,commit
28038,informáticos,computer scientists
28039,ingenuidad,naivety
28040,volviéndome,turning
28041,haciéndonos,making us
28042,relevado,relieved
28043,cautiva,captive
28044,interponerse,interpose
28045,apoyará,will support
28046,lupe,Lupe
28047,engranaje,gear
28048,cuidarán,they will take care
28049,hamid,Hamid
28050,contaban,they said
28051,vestidas,dressed
28052,mimos,pampering
28053,these,these
28054,llorona,Weeping woman
28055,monitoreando,monitoring
28056,progresista,progressive
28057,pedírmelo,ask me
28058,insurgentes,insurgents
28059,monstruosidad,monstrosity
28060,beautiful,beautiful
28061,vistió,wore
28062,insistencia,insistence
28063,adelantando,ahead
28064,welch,welch
28065,desertar,desert
28066,alonzo,Alonzo
28067,dirigentes,leaders
28068,animó,cheer up
28069,tentar,tempt
28070,desfiladero,defile
28071,whitaker,Whitaker
28072,alcanzas,you reach
28073,med,med
28074,parloteo,chatter
28075,earth,earth
28076,wait,wait
28077,rupaul,RuPaul
28078,encargarán,they will be in charge
28079,lund,lund
28080,dougal,Douglas
28081,jean-luc,Jean-Luc
28082,coacción,coercion
28083,compasiva,compassionate
28084,renombre,renown
28085,eros,Eros
28086,esclusa,lock
28087,desplegar,deploy
28088,apruebas,You approve
28089,arcoíris,rainbow
28090,esguince,sprain
28091,sumisión,submission
28092,cambiarnos,change
28093,grava,gravel
28094,mausoleo,mausoleum
28095,ropero,wardrobe
28096,aliadas,allies
28097,fumé,I smoked
28098,mandíbulas,jaws
28099,pratap,pratap
28100,calmas,calm
28101,bayoneta,bayonet
28102,sorprendas,surprise
28103,reposar,rest
28104,llamarles,call them
28105,porros,joints
28106,cerrara,will close
28107,chocan,collide
28108,esto-,this-
28109,galápagos,Galapagos
28110,trust,trust
28111,frenesí,frenzy
28112,lill,little
28113,voltéate,turn around
28114,chocamos,we crashed
28115,arrebató,rapture
28116,participan,participate
28117,apartarte,step away
28118,flirteando,flirting
28119,ficticio,fictional
28120,ligeras,light
28121,rastreadores,trackers
28122,oscurece,darkens
28123,juntó,together
28124,ponéis,you put
28125,denunciaré,I will report it
28126,horse,horse
28127,devolverás,you will return
28128,reanudar,resume
28129,utilizaste,you used
28130,cazo,saucepan
28131,frijol,bean
28132,pródigo,prodigal
28133,pegasus,pegasus
28134,apasionadamente,passionately
28135,sacrificarse,sacrifice
28136,dodo,dodo
28137,preside,preside
28138,ascendieron,ascended
28139,expresamente,expressly
28140,blandos,soft
28141,cedido,ceded
28142,pacino,Pacino
28143,incapacitado,disabled
28144,augustus,Augustus
28145,angular,angular
28146,diversion,fun
28147,fracasé,I failed
28148,enseñaría,would teach
28149,left,left
28150,reverso,reverse
28151,defenderé,I will defend
28152,galletita,cookie
28153,complacerte,please you
28154,ran,ran
28155,obligo,navel
28156,párese,stop
28157,vivirla,live it
28158,incriminar,incriminate
28159,voss,voss
28160,hormonal,hormonal
28161,nance,nance
28162,alejandría,Alexandria
28163,revelador,developer
28164,leerte,reading you
28165,apoplejía,apoplexy
28166,úsala,use it
28167,acabábamos,we were finishing
28168,bloqueadas,blocked
28169,compiten,compete
28170,averiguaciones,investigations
28171,cabecilla,leader
28172,demoníaco,demonic
28173,mags,mags
28174,maloliente,smelly
28175,infelicidad,unhappiness
28176,zulu,Zulu
28177,recibirla,receive it
28178,pretzels,pretzels
28179,hackett,Hackett
28180,tocaremos,we will play
28181,copio,I copy
28182,hubierais,you would have
28183,lavaste,you washed
28184,seleccionados,selected
28185,permitírselo,allow it
28186,morboso,morbid
28187,trajeran,bring
28188,decididamente,decidedly
28189,acostándose,going to bed
28190,felice,happy
28191,lanzallamas,flamethrower
28192,skyler,skyler
28193,venirte,come
28194,reportaron,they reported
28195,acercaré,I will approach
28196,lombrices,earthworms
28197,tranquilice,calm down
28198,higos,figs
28199,woodward,woodward
28200,goza,enjoy
28201,comporté,I behaved
28202,cortara,cut
28203,él-,he-
28204,meseta,plateau
28205,notables,notable
28206,enganchó,hooked
28207,retina,retina
28208,cenemos,Let's have dinner
28209,enterarte,find out
28210,continuad,continue
28211,arrepentimientos,regrets
28212,quiosco,kiosk
28213,cautivo,captive
28214,paredón,wall
28215,teherán,Tehran
28216,torniquete,tourniquet
28217,finja,pretend
28218,conectó,connected
28219,fortune,fortune
28220,deshidratación,dehydration
28221,bane,bane
28222,añadió,he added
28223,tallas,sizes
28224,hubbard,Hubbard
28225,comunicando,communicating
28226,atropina,atropine
28227,cantarla,sing it
28228,cortaremos,we will cut
28229,indagar,investigate
28230,vapores,steams
28231,descontrolado,uncontrolled
28232,mandarla,send it
28233,guasón,joker
28234,ocupantes,occupants
28235,valeroso,valiant
28236,platicar,talk
28237,harald,Harald
28238,marcharos,leave
28239,guiada,guided
28240,gruñona,grumpy
28241,resbala,slip
28242,deteneos,stop
28243,redadas,raids
28244,bly,bly
28245,interpretó,he interpreted
28246,practicaba,practiced
28247,desapariciones,disappearances
28248,dix,dix
28249,remotos,remote
28250,aconsejar,advise
28251,preocupadas,worried
28252,descaradamente,brazenly
28253,envoltura,envelope
28254,mapaches,raccoons
28255,liberarnos,free ourselves
28256,secundarias,secondary
28257,córtalo,cut it
28258,minería,mining
28259,chinches,bed bugs
28260,limpiaron,they cleaned
28261,autentico,authentic
28262,preferidos,preferred
28263,acordaron,agreed
28264,adultas,adults
28265,blindados,armored vehicles
28266,salvarás,you will save
28267,grosería,rudeness
28268,exageré,I exaggerated
28269,addy,addy
28270,apagas,you turn off
28271,jadeando,panting
28272,parezcas,you seem
28273,melancólico,melancholic
28274,cutre,shabby
28275,esforcé,I made an effort
28276,apena,sad
28277,goran,Goran
28278,mantenerle,keep him
28279,depresivo,depressant
28280,hazlos,do them
28281,batista,cambric
28282,anticonceptivos,contraceptives
28283,díle,tell him
28284,entendernos,understand each other
28285,investigaba,was investigating
28286,bailé,dance
28287,acné,acne
28288,tifón,typhoon
28289,hickey,Hickey
28290,portátiles,laptops
28291,encontráis,you find
28292,dichosa,blessed
28293,tea,torch
28294,corderito,little lamb
28295,demuestras,you demonstrate
28296,cinismo,cynicism
28297,habita,inhabits
28298,alterados,altered
28299,hankmed,hankmed
28300,demoler,demolish
28301,carlota,Carlota
28302,roper,roper
28303,creadas,created
28304,diminutas,tiny
28305,localizamos,we located
28306,sobrepeso,overweight
28307,tyra,Tyra
28308,frialdad,coldness
28309,guárdatelo,Keep it to yourself
28310,desmayarse,faint
28311,ulrich,Ulrich
28312,merle,Merle
28313,instalando,installing
28314,rentar,rent
28315,carecen,lack
28316,cascarrabias,curmudgeon
28317,métase,get in
28318,alimentarlo,feed it
28319,especímenes,specimens
28320,regulación,regulation
28321,manadas,herds
28322,vietcong,Viet Cong
28323,describa,describe
28324,conduzcan,drive
28325,júbilo,joy
28326,repasado,reviewed
28327,gotta,gotta
28328,veloces,fast
28329,acumular,accumulate
28330,borrada,deleted
28331,patearle,kick him
28332,sabanas,bed sheets
28333,pirado,crazy
28334,lexus,Lexus
28335,oscureciendo,darkening
28336,traicionada,betrayed
28337,pirómano,pyromaniac
28338,klinger,Klinger
28339,construidos,built
28340,sospechará,will suspect
28341,strickland,Strickland
28342,nde,and
28343,insistas,insist
28344,seguirían,would continue
28345,lotus,lotus
28346,uma,uma
28347,montarlo,assemble it
28348,enojé,I got angry
28349,publicada,published
28350,prometerle,promise him
28351,providence,providence
28352,fajo,wad
28353,recarga,recharge
28354,blanchard,blanchard
28355,inyectar,inject
28356,because,because
28357,portadas,covers
28358,piccolo,piccolo
28359,tendero,shopkeeper
28360,tientes,dyes
28361,logia,lodge
28362,antropología,anthropology
28363,mori,I died
28364,amador,Amador
28365,checoslovaquia,Czechoslovakia
28366,apartes,excerpts
28367,insinuar,insinuate
28368,ruedo,arena
28369,chopper,chopper
28370,costaron,cost
28371,ofrecería,would offer
28372,mamacita,mamacita
28373,burló,mocked
28374,ratonera,mousetrap
28375,autocontrol,self-control
28376,jarras,jugs
28377,estimulantes,stimulants
28378,búscala,look for it
28379,tampón,tampon
28380,pulido,polished
28381,tosca,rough
28382,cade,cade
28383,elaborada,prepared
28384,salinger,Salinger
28385,agradeces,thank you
28386,inflable,inflatable
28387,conspirar,conspire
28388,decepcioné,I disappointed
28389,connolly,Connolly
28390,emborracharte,get drunk
28391,bristow,Bristow
28392,disección,dissection
28393,denzel,Denzel
28394,morrow,morning
28395,bribones,scoundrels
28396,auxiliares,assistants
28397,glándula,gland
28398,montecito,little hill
28399,sorprendieron,surprised
28400,corday,Corday
28401,corleone,Corleone
28402,train,train
28403,explican,they explain
28404,garry,garry
28405,supermercados,supermarkets
28406,aguijón,sting
28407,bannerman,bannerman
28408,descifrado,decoded
28409,hallará,will find
28410,creés,do you think
28411,tomándome,taking me
28412,triunfa,triumphs
28413,tortillas,tortillas
28414,para-,for-
28415,liquido,liquid
28416,bolsita,sachet
28417,solo-,only-
28418,alejarlo,move him away
28419,mírense,look at each other
28420,pendejadas,stupid things
28421,3er,3rd
28422,fundar,found
28423,q-qué,w-what
28424,drogarse,get high
28425,comprometo,I commit
28426,defienden,defend
28427,esfuerces,efforts
28428,concretas,specific
28429,chorrada,nonsense
28430,bergen,Bergen
28431,conspiradores,conspirators
28432,moribundos,dying
28433,alojado,hosted
28434,llévenos,take us
28435,vendajes,bandages
28436,soberbia,pride
28437,dejadla,leave her alone
28438,tusseries,yourseries
28439,banner,banner
28440,registradas,registered
28441,presenció,witnessed
28442,habléis,speak
28443,tendiendo,tending
28444,recordarla,remember her
28445,autobiografía,autobiography
28446,cassius,Cassius
28447,lanzará,will launch
28448,bits,bits
28449,evacuado,evacuated
28450,típicamente,typically
28451,berman,Berman
28452,rectitud,rectitude
28453,devuélvele,give it back to him
28454,luchará,will fight
28455,usábamos,we used
28456,marwan,Marwan
28457,convocó,summoned
28458,pajita,straw
28459,existirá,there will exist
28460,sueltame,Let me go
28461,cowboys,cowboys
28462,perdonada,forgiven
28463,despegó,took off
28464,ayudaran,will help
28465,interprete,interpreter
28466,rifa,raffle
28467,adoraban,they adored
28468,bungalow,bungalow
28469,amarras,moorings
28470,critico,critical
28471,acosadora,stalker
28472,quemas,burns
28473,rechazados,rejected
28474,iran,Iran
28475,influenciado,influenced
28476,enseñarás,you will teach
28477,discovery,discovery
28478,anchos,wide
28479,muchisimo,lot
28480,perseguí,I pursued
28481,soto,soto
28482,contratación,hiring
28483,smiley,smiley
28484,ocupara,would occupy
28485,aterrorizados,terrified
28486,traviesos,mischievous
28487,intrigas,intrigues
28488,reemplazó,replacement
28489,gimnasta,gymnast
28490,posteridad,posterity
28491,florecen,bloom
28492,pak,pak
28493,gamberros,hooligans
28494,apreciaba,appreciated
28495,gordinflón,fatty
28496,patch,patch
28497,perderías,you would lose
28498,caprichosa,capricious
28499,peluquera,hairdresser
28500,turbante,turban
28501,ahorraré,I will save
28502,reprimir,suppress
28503,consegui,I got
28504,insólito,unusual
28505,disculparé,I will excuse you
28506,levántala,lift it
28507,utilería,props
28508,conquistó,conquered
28509,revelará,will reveal
28510,tornados,tornadoes
28511,hinchados,swollen
28512,acaricia,caress
28513,prepararle,prepare him
28514,macizo,solid
28515,terrateniente,landowner
28516,anécdotas,anecdotes
28517,refrescar,refresh
28518,aparecería,would appear
28519,métanse,get in
28520,bibliotecas,libraries
28521,fiambre,stiff
28522,entretenida,entertaining
28523,gisborne,Gisborne
28524,brianna,Brianna
28525,humeante,smoky
28526,aseguraba,he assured
28527,neuronal,neuronal
28528,cañas,white hair
28529,mcmanus,McManus
28530,howe,Howe
28531,gregson,Gregson
28532,hodge,Hodge
28533,kubrick,Kubrick
28534,admitiendo,admitting
28535,reencuentro,reunion
28536,desarrollada,developed
28537,ofendió,offended
28538,estrenar,premiere
28539,convertida,converted
28540,tiemblo,I tremble
28541,promovido,promoted
28542,adrianna,Adrianna
28543,banal,banal
28544,bajarle,lower it
28545,podridas,rotten
28546,soya,soy
28547,eternos,eternal
28548,notaría,notary
28549,aimee,aimee
28550,realismo,realism
28551,persiguieron,they pursued
28552,candente,glowing
28553,hundirá,will sink
28554,empuñadura,handle
28555,otelo,Othello
28556,operadores,operators
28557,aconsejado,advised
28558,ausentes,missing
28559,desert,desert
28560,escanear,scan
28561,problemáticos,problematic
28562,enséñales,teach them
28563,establezca,establish
28564,hepática,liver
28565,equilibrado,balanced
28566,pacíficos,peaceful
28567,brujos,witches
28568,encontrasteis,you found
28569,desobediencia,disobedience
28570,relacionan,relate
28571,masacrados,massacred
28572,ate,ate
28573,dispararnos,shoot us
28574,inconscientemente,unconsciously
28575,armaduras,armor
28576,vegetarianos,vegetarians
28577,irrelevantes,irrelevant
28578,labrador,Labrador
28579,comed,eat
28580,astor,astor
28581,demorado,delayed
28582,fervor,fervor
28583,anwar,Anwar
28584,difuntos,deceased
28585,apoyen,support
28586,desinteresado,disinterested
28587,encontraréis,you will find
28588,depara,it holds
28589,disculpé,excuse me
28590,asistí,I attended
28591,traedme,bring me
28592,suéltela,Let her go
28593,integrado,integrated
28594,caminaremos,we will walk
28595,apoyé,I supported
28596,lark,lark
28597,zarpa,paw
28598,noo,no
28599,dábamos,we gave
28600,lidocaína,lidocaine
28601,mesada,countertop
28602,wren,wren
28603,winthrop,winthrop
28604,confesarme,confess
28605,salvajemente,wildly
28606,ejecutor,executor
28607,patriótico,patriotic
28608,periodos,periods
28609,birch,birch
28610,cardíacos,cardiac
28611,shanghái,Shanghai
28612,fibrilación,fibrillation
28613,encerré,I locked
28614,sondeo,probe
28615,encriptación,encryption
28616,hormona,hormone
28617,calaña,scum
28618,ponías,you put
28619,pregúntenle,ask him
28620,monitorear,monitor
28621,harén,harem
28622,carpas,tents
28623,comprendía,understood
28624,causados,caused
28625,cancelaré,I will cancel
28626,abandonadas,abandoned
28627,contrarrestar,counter
28628,enfadé,I got angry
28629,sôlo,only
28630,emerge,emerge
28631,bj,bj
28632,encargaba,was in charge
28633,abriéndose,opening
28634,ahorré,I saved
28635,montaba,rode
28636,flexibilidad,flexibility
28637,patillas,sideburns
28638,fray,friar
28639,estirada,stretched
28640,matanzas,massacres
28641,advirtiendo,warning
28642,corrigan,corrigan
28643,ceremonial,ceremonial
28644,salino,saline
28645,presentadora,presenter
28646,perdáis,lose
28647,topaz,topaz
28648,orbita,orbit
28649,albright,albright
28650,angelitos,little angels
28651,neurólogo,neurologist
28652,fly,fly
28653,viejita,old lady
28654,donaghy,donaghy
28655,pacotilla,shoddy
28656,caperucita,Little Red Riding Hood
28657,gruñe,growls
28658,volvías,you were coming back
28659,xanax,xanax
28660,bligh,bligh
28661,porté,bearing
28662,ferrara,Ferrara
28663,lannister,Lannister
28664,malgastado,wasted
28665,bailó,danced
28666,incluyéndome,including me
28667,rescatarla,rescue her
28668,locación,location
28669,jugaría,would play
28670,necesitarían,they would need
28671,explosion,burst
28672,anson,anson
28673,pichón,pigeon
28674,lloverá,It will rain
28675,controlarlos,control them
28676,gotea,drips
28677,armani,Armani
28678,casaros,Casaros
28679,infamia,infamy
28680,sy,sy
28681,atarme,tie me up
28682,incendia,sets fire
28683,gruesos,thick
28684,adjunta,attached
28685,acuéstese,lie down
28686,confundo,I'm confused
28687,anchas,wide
28688,realizaron,they performed
28689,jaclyn,Jaclyn
28690,invencibles,invincible
28691,bobbi,Bobbi
28692,picaduras,bites
28693,trolls,trolls
28694,thought,thought
28695,activas,active
28696,está-,this-
28697,empleadas,employees
28698,semi,semi
28699,vencerlos,defeat them
28700,ungüento,ointment
28701,sigilo,stealth
28702,requiera,require
28703,bowers,bowers
28704,xvii,xvii
28705,desgarrado,torn
28706,mongoles,Mongols
28707,shine,shine
28708,házlo,do it
28709,imprime,print
28710,implicar,involve
28711,sims,sims
28712,clifton,Clifton
28713,iggy,Iggy
28714,valentin,Valentin
28715,hacérmelo,do it to me
28716,lúcido,lucid
28717,aww,aww
28718,sabuesos,bloodhounds
28719,guita,twine
28720,genéticos,genetics
28721,aférrate,Hold on
28722,surfistas,surfers
28723,registre,register
28724,desangrado,bleeding
28725,etienne,etienne
28726,crujido,crunch
28727,combatiente,fighter
28728,cosiendo,sewing
28729,trastornada,disturbed
28730,atraparan,they will catch
28731,fábula,fable
28732,ajenas,other people
28733,australiana,Australian
28734,anuncian,announce
28735,repetía,he repeated
28736,encinta,pregnant
28737,nisiquiera,not even
28738,continuando,continuing
28739,desaparecería,would disappear
28740,israelitas,Israelites
28741,peludas,hairy
28742,cantaremos,we will sing
28743,dañadas,damaged
28744,abrazado,embraced
28745,secuestrando,kidnapping
28746,rancio,rancid
28747,milner,milner
28748,aceptadas,accepted
28749,interrogaron,they interrogated
28750,alessandro,Alessandro
28751,canalizar,channel
28752,deserción,desertion
28753,fumamos,We smoke
28754,patee,kick
28755,repórtese,report
28756,conejitos,bunnies
28757,acumula,accumulates
28758,contagio,contagion
28759,avalon,avalon
28760,vinilo,vinyl
28761,e.t.,e.t.
28762,declaramos,we declare
28763,tubbs,tubbs
28764,snoop,snoop
28765,acapulco,Acapulco
28766,molestamos,we bothered
28767,himnos,hymns
28768,honradez,honesty
28769,voladoras,flying
28770,porque-,because-
28771,caracter,character
28772,objetar,object
28773,primitivas,primitive
28774,fabricando,manufacturing
28775,ramirez,Ramirez
28776,requerirá,will require
28777,espabila,wake up
28778,reaccionando,reacting
28779,lamentes,regrets
28780,transmiten,transmit
28781,rebota,bounces
28782,hospitalizado,hospitalized
28783,almeida,almeida
28784,inmunes,immune
28785,pretendemos,we intend
28786,despiértame,wake me up
28787,gita,gita
28788,cortarán,they will cut
28789,aproximada,approximate
28790,carrington,Carrington
28791,shapiro,shapiro
28792,proponerle,propose to him
28793,takashi,Takashi
28794,cocinó,cooked
28795,lanzamientos,launches
28796,bocón,bigmouth
28797,bet,bet
28798,transparencia,transparency
28799,apagamos,we turn off
28800,juzgada,judged
28801,encárguese,take charge
28802,mirarse,looking at each other
28803,espantar,scare
28804,tenernos,to have us
28805,penetrante,penetrating
28806,lasse,lasse
28807,barriendo,sweeping
28808,enterada,informed
28809,cogedlo,grab it
28810,irrefutable,irrefutable
28811,titula,title
28812,traicionas,You betray
28813,desangró,bled out
28814,búhos,owls
28815,recojas,pick up
28816,visitaré,I will visit
28817,asuma,assume
28818,bucarest,Bucharest
28819,sat,sat
28820,velvet,velvet
28821,rhoda,rhoda
28822,feromonas,pheromones
28823,kissinger,Kissinger
28824,podiamos,we could
28825,enterrarla,bury her
28826,cañería,pipe
28827,patriarca,patriarch
28828,siena,Siena
28829,kristy,Kristy
28830,torpeza,clumsiness
28831,yee,yee
28832,horrenda,horrendous
28833,aconsejaría,I would advise
28834,kaye,Kaye
28835,rindiendo,yielding
28836,fallaré,I will fail
28837,pulsos,pulses
28838,reírnos,laugh
28839,din,din
28840,enviemos,Let's send
28841,antiguamente,formerly
28842,periscopio,periscope
28843,estanterías,shelving
28844,cúbicos,cubic
28845,repelente,repellent
28846,controlarse,control
28847,celebrará,will celebrate
28848,parpadear,blink
28849,iluminada,illuminated
28850,arda,burn
28851,recurrente,recurrent
28852,trenton,Trenton
28853,chocando,colliding
28854,empeore,worsen
28855,child,child
28856,improvisando,improvising
28857,taelons,taelons
28858,linc,linc
28859,batas,gowns
28860,bastan,enough
28861,requería,required
28862,apasiona,passionate
28863,bolt,bolt
28864,sedientos,thirsty
28865,tor,tor
28866,xiv,xiv
28867,exáctamente,exactly
28868,desequilibrio,imbalance
28869,sayonara,Sayonara
28870,oren,pray
28871,protejas,protect
28872,xu,xu
28873,reflejar,reflect
28874,mimada,pampered
28875,silvio,Silvio
28876,prada,Prada
28877,expuso,he explained
28878,vacantes,vacancies
28879,atarlo,tie it
28880,reservó,reserved
28881,kimber,Kimber
28882,acampando,camping
28883,montan,ride
28884,graffiti,graffiti
28885,pastelillos,pastries
28886,lynne,Lynne
28887,estalle,explosion
28888,clover,clover
28889,discutían,they were arguing
28890,care,care
28891,lear,Lear
28892,fallecidos,deceased
28893,conectarme,connect
28894,afligida,distressed
28895,portarte,be a good sport
28896,insignias,insignia
28897,stockton,Stockton
28898,á,to
28899,garner,garner
28900,rasca,scratch
28901,compa,buddy
28902,ligada,linked
28903,heroina,heroin
28904,duradero,durable
28905,estupidos,stupid
28906,regulador,regulator
28907,cnel,cnel
28908,reaccionado,reacted
28909,tenientes,lieutenants
28910,byers,Byers
28911,colcha,quilt
28912,maniobrar,maneuver
28913,quedéis,stay
28914,torácico,thoracic
28915,coming,coming
28916,gervase,gervase
28917,conocia,I knew
28918,lights,lights
28919,magazine,magazine
28920,viajaron,they traveled
28921,comprarnos,buy from us
28922,gángsters,gangsters
28923,metadona,methadone
28924,arriesgue,take the risk
28925,íntimamente,intimately
28926,admitiré,I will admit
28927,decidirte,decide
28928,avistamiento,sighting
28929,millicent,Millicent
28930,nominar,nominate
28931,aserradero,sawmill
28932,empujarlo,push it
28933,harker,harker
28934,haru,Haru
28935,diablillo,imp
28936,oculté,I hid
28937,toscana,Tuscany
28938,exmujer,ex-wife
28939,papal,papal
28940,limpiaremos,we will clean
28941,molestaste,you bothered me
28942,nakamura,nakamura
28943,lanzarme,launch
28944,pruébelo,Try it
28945,autismo,autism
28946,ángelo,angelo
28947,arrepentirte,regret
28948,practicante,practicing
28949,desaparecía,disappeared
28950,shekhar,shekhar
28951,honorario,honorary
28952,capitalistas,capitalists
28953,jansen,Jansen
28954,casándose,getting married
28955,anselmo,Anselm
28956,nacemos,we are born
28957,veintitrés,twenty-three
28958,desangrando,bleeding
28959,ilimitada,unlimited
28960,rutinaria,routine
28961,resentida,resentful
28962,constantino,Constantine
28963,inmaculada,Immaculate
28964,aceptaremos,we will accept
28965,continuara,to be continued
28966,cheol,cheol
28967,suplementos,supplements
28968,aristocracia,aristocracy
28969,márgenes,margins
28970,evidentes,evident
28971,talibán,Taliban
28972,alejamos,we move away
28973,tomarlos,take them
28974,sandeces,nonsense
28975,gyu,gyu
28976,solté,I let go
28977,sondas,probes
28978,salís,you leave
28979,patineta,skateboard
28980,virtuoso,virtuous
28981,pagarnos,pay us
28982,sustituido,replaced
28983,mascarilla,face mask
28984,bingum,bingum
28985,ganada,won
28986,ajustando,adjusting
28987,letreros,signs
28988,arrestarla,arrest her
28989,negamos,we deny
28990,suponia,I supposed
28991,excursiones,excursions
28992,importaria,would matter
28993,stackhouse,Stackhouse
28994,cansan,tire
28995,temeraria,reckless
28996,demando,I demand
28997,sobreviviendo,surviving
28998,dejándote,leaving you
28999,devorar,devour
29000,bram,Bram
29001,registré,I registered
29002,mccartney,McCartney
29003,sarajevo,Sarajevo
29004,humanitario,humanitarian
29005,pesticidas,pesticides
29006,transfirieron,they transferred
29007,polillas,moths
29008,gustarán,will like
29009,reclutando,recruiting
29010,agresiones,aggressions
29011,pao,pao
29012,invasor,invader
29013,antebrazo,forearm
29014,rompía,broke
29015,senora,lady
29016,alina,Alina
29017,emparedados,sandwiches
29018,obsoleto,obsolete
29019,falsedad,falsehood
29020,arrojan,throw
29021,durara,will last
29022,belgas,Belgians
29023,nadan,swim
29024,revelada,revealed
29025,epi,epi
29026,estacas,stakes
29027,exigimos,we demand
29028,echarlos,throw them out
29029,ingenuos,naive
29030,moza,girl
29031,saludan,they greet
29032,encargues,orders
29033,cabrea,angers
29034,reiko,reiko
29035,productiva,productive
29036,accionista,shareholder
29037,evolucionando,evolving
29038,diós,God
29039,pasadlo,Pass it on
29040,necesitarla,need it
29041,arrancada,snatch
29042,discutiré,I will discuss
29043,morteros,mortars
29044,corpiño,bodice
29045,excusado,toilet
29046,cineastas,filmmakers
29047,sinsentido,nonsense
29048,atrayendo,attracting
29049,dudaba,doubted
29050,supliqué,I begged
29051,dependemos,we depend
29052,determinados,certain
29053,tumbar,overthrow
29054,pauly,Pauly
29055,rendirá,will yield
29056,freezer,freezer
29057,temblaba,was trembling
29058,fiji,Fiji
29059,pudding,pudding
29060,tajo,block
29061,indiscreción,indiscretion
29062,sexos,sexes
29063,cigüeña,stork
29064,quimera,chimera
29065,raleigh,Raleigh
29066,faisán,pheasant
29067,agria,sour
29068,ubica,locate
29069,cerrarán,will close
29070,chulos,cool guys
29071,cortafuegos,firewalls
29072,discutible,debatable
29073,minorías,minorities
29074,injusticias,injustices
29075,matutina,morning
29076,nostradamus,Nostradamus
29077,alegrado,happy
29078,movían,they moved
29079,flexibles,flexible
29080,dormiría,I would sleep
29081,matándome,killing me
29082,darhk,darhk
29083,eta,eta
29084,advirtieron,they warned
29085,recogía,collected
29086,dotes,dowries
29087,disfrutaré,I will enjoy
29088,consumado,accomplished
29089,retracto,withdrawal
29090,generan,generate
29091,volcánica,volcanic
29092,clientas,clients
29093,remen,row
29094,niñitas,little girls
29095,bébete,drink
29096,remodelación,remodeling
29097,premeditación,premeditation
29098,mantra,mantra
29099,volvíamos,we were coming back
29100,latente,latent
29101,escogiendo,choosing
29102,miráis,you look
29103,juntaron,they gathered
29104,costados,sides
29105,extrañaremos,we will miss it
29106,filtra,filter
29107,desconfiado,suspicious
29108,encantamiento,enchantment
29109,salpicadura,splatter
29110,investigaremos,We will investigate
29111,sofa,couch
29112,aplaude,applauds
29113,antipático,unfriendly
29114,pondre,I will put
29115,agridulce,bittersweet
29116,lennie,Lennie
29117,rescatarlo,rescue him
29118,mulligan,mulligan
29119,pedófilos,pedophiles
29120,zimmerman,Zimmerman
29121,exigió,demanded
29122,barracones,barracks
29123,realizados,done
29124,ag,ag
29125,guru,guru
29126,entrenamos,we train
29127,uber,Uber
29128,prusia,Prussia
29129,creativas,creative
29130,agonizando,dying
29131,plomería,plumbing
29132,analizamos,we analyze
29133,paises,countries
29134,hacedor,maker
29135,atracado,robbed
29136,esperame,wait for me
29137,continuarán,will continue
29138,sospechó,suspected
29139,fantozzi,Fantozzi
29140,mejoría,improvement
29141,lanka,lanka
29142,jurídico,legal
29143,tócala,play it
29144,inclinarse,lean
29145,fingimos,we pretend
29146,convulsión,seizure
29147,comíamos,we ate
29148,chócala,High five
29149,stick,stick
29150,gerda,Gerda
29151,ahorcar,hang
29152,twilight,twilight
29153,considérate,consider yourself
29154,kosovo,Kosovo
29155,consorcio,consortium
29156,propiamente,properly
29157,avisando,warning
29158,shui,shui
29159,propenso,prone
29160,saltaba,jumped
29161,enfurecido,enraged
29162,romulanos,Romulans
29163,negrito,little black boy
29164,dolls,dolls
29165,emm,emm
29166,recolectando,collecting
29167,olly,Olly
29168,espontáneamente,spontaneously
29169,empaqué,packing
29170,cheney,Cheney
29171,chiquillos,kids
29172,aporte,input
29173,gloriosos,glorious
29174,rastreé,I tracked
29175,potencias,powers
29176,josete,Josete
29177,desvía,diverts
29178,ganarles,beat them
29179,tigresa,tigress
29180,pretendas,pretend
29181,coje,grab
29182,mataros,kill you
29183,camines,walks
29184,atrápenlos,Catch them
29185,bonificación,bonus
29186,estornudo,sneeze
29187,matrona,matron
29188,buford,Buford
29189,tabletas,tablets
29190,jag,jag
29191,violarme,rape me
29192,pillen,catch them
29193,renard,renard
29194,inquebrantable,unwavering
29195,entierran,bury
29196,decana,doyenne
29197,despidos,layoffs
29198,pacifico,peaceful
29199,astral,astral
29200,conjuntos,sets
29201,esfumó,vanished
29202,hito,milestone
29203,insinuó,hinted
29204,chequea,check
29205,those,those
29206,reformado,reformed
29207,maldijo,he cursed
29208,sernos,to be
29209,convoca,convenes
29210,superaste,you overcame
29211,subirán,they will rise
29212,zeppelin,zeppelin
29213,entraban,they entered
29214,girado,turned
29215,antisocial,antisocial
29216,neurosis,neurosis
29217,dietas,subsistence allowance
29218,preparate,get ready
29219,fingiste,you faked it
29220,desfilar,parade
29221,atticus,atticus
29222,lilas,lilacs
29223,acercará,will approach
29224,condeno,I condemn
29225,forjado,wrought
29226,minúsculo,tiny
29227,dentistas,dentists
29228,desmaya,faints
29229,rikers,Rikers
29230,embrión,embryo
29231,gloucester,Gloucester
29232,persiga,pursue
29233,incluya,include
29234,glock,Glock
29235,inyectado,injected
29236,collin,Collin
29237,vendidas,sold
29238,incorregible,incorrigible
29239,carpetas,folders
29240,lol,lol
29241,enfrentaremos,we will face
29242,savoy,Savoy
29243,curan,heal
29244,leguas,leagues
29245,confiaré,I will trust
29246,hackeo,hacking
29247,bueno.,Well.
29248,pintados,painted
29249,confunda,confuse
29250,meadow,meadow
29251,alegando,alleging
29252,óvulo,ovum
29253,con-,with-
29254,orificios,holes
29255,bela,bela
29256,cuéntalo,Tell it
29257,pupila,pupil
29258,reformar,reform
29259,enterraste,You buried
29260,makoto,Makoto
29261,soberanía,sovereignty
29262,gabriela,Gabriela
29263,comportes,compost
29264,emiten,broadcast
29265,octavia,Octavia
29266,tócalo,touch it
29267,decidamos,let's decide
29268,moratones,bruises
29269,strong,strong
29270,propaga,propaga
29271,luís,Luis
29272,ahorramos,we save
29273,pajaro,bird
29274,incendiario,incendiary
29275,olympia,Olympia
29276,episode,episode
29277,proyecta,project
29278,smokey,smokey
29279,apostaste,you bet
29280,akiko,Akiko
29281,morley,Morley
29282,palomar,dovecote
29283,pociones,potions
29284,frisbee,frisbee
29285,destinadas,intended
29286,aderezo,dressing
29287,dejáramos,we left
29288,decepcionaré,I will disappoint
29289,engendro,spawn
29290,inaudito,unheard
29291,suspendió,suspended
29292,nitroglicerina,nitroglycerine
29293,quiebre,bankruptcy
29294,mió,mine
29295,fotografiado,photographed
29296,wah,wah
29297,recuperas,you recover
29298,clasificar,classify
29299,lores,lords
29300,guarro,pig
29301,skaar,skaar
29302,aplazar,postpone
29303,pertenezca,belong
29304,rodriguez,Rodriguez
29305,segurísimo,absolutely sure
29306,farmacéuticas,pharmaceuticals
29307,apiade,have mercy
29308,reclamos,claims
29309,bit,bit
29310,revueltas,riots
29311,petit,petit
29312,sailor,sailor
29313,peleándose,fighting
29314,aseguraos,make sure
29315,acabáis,you finish
29316,gruta,grotto
29317,directivos,executives
29318,burguesía,bourgeoisie
29319,sufriste,You suffered
29320,operaron,operated
29321,tratándose,in the case of
29322,triangular,triangular
29323,horquilla,fork
29324,operativa,operational
29325,liberador,liberator
29326,fregona,mop
29327,redding,redding
29328,contestarme,answer me
29329,entraran,they will enter
29330,laszlo,laszlo
29331,obedezca,obey
29332,cobramos,we charge
29333,chadwick,Chadwick
29334,tomorrow,tomorrow
29335,beneficiarse,profit
29336,fuerais,you were
29337,tontito,silly boy
29338,pomposo,pompous
29339,sintiéndose,feeling
29340,benigno,benign
29341,pacientemente,patiently
29342,chechenia,Chechnya
29343,valoración,assessment
29344,ponértelo,put it on
29345,maniaco,maniac
29346,tiranos,tyrants
29347,saliéramos,we went out
29348,tranquilizate,calm down
29349,vesícula,gallbladder
29350,rigsby,Rigsby
29351,tory,tory
29352,eastwood,eastwood
29353,entendible,understandable
29354,tribune,tribune
29355,ferengi,ferengi
29356,navegador,browser
29357,fifi,fifi
29358,cucú,cuckoo
29359,generado,generated
29360,alimente,feed
29361,pillaste,you caught
29362,bulls,bulls
29363,noir,noir
29364,hole,hole
29365,impresa,printed
29366,contradicciones,contradictions
29367,estereotipos,stereotypes
29368,mirarnos,looking at each other
29369,cañon,canon
29370,fusilado,shot
29371,apurarse,hurry
29372,molesté,I bothered
29373,coincidimos,We agree
29374,rumba,rumba
29375,ignoramos,we ignore
29376,yamato,yamato
29377,nacho,nacho
29378,encontrábamos,we found
29379,fiables,reliable
29380,belmont,Belmont
29381,lastimaré,I will hurt
29382,votará,will vote
29383,bombo,drum
29384,prolongado,prolonged
29385,fía,trust
29386,vick,Vick
29387,quítalo,remove it
29388,emperadores,emperors
29389,artesano,craftsman
29390,desdichada,unfortunate
29391,construidas,built
29392,consolar,comfort
29393,ramiro,Ramiro
29394,traspaso,transfer
29395,kass,kass
29396,lluvioso,rainy
29397,donahue,Donahue
29398,wal-mart,Walmart
29399,volvéis,you come back
29400,connelly,Connelly
29401,aragón,Aragon
29402,combustibles,fuels
29403,callara,would be silent
29404,tardía,late
29405,embriones,embryos
29406,encargan,they commission
29407,enganchada,hooked
29408,coincida,match
29409,demoníaca,demonic
29410,polio,polio
29411,repitan,repeat
29412,mortalmente,mortally
29413,sople,blow
29414,watch,watch
29415,budismo,buddhism
29416,plantaciones,plantations
29417,entoces,then
29418,ladillas,pubic lice
29419,juzguen,judge
29420,rebeldía,rebellion
29421,paracaidismo,skydiving
29422,temperamental,temperamental
29423,vee,see
29424,masticando,chewing
29425,mostrárselo,show it to him
29426,arms,arms
29427,book,book
29428,row,row
29429,carismático,charismatic
29430,sacaran,they will take out
29431,cague,shit
29432,afrontémoslo,Let's face it
29433,moderado,moderate
29434,continué,I continued
29435,arrepientas,regret
29436,infiltración,infiltration
29437,desplomó,collapsed
29438,mediador,mediator
29439,pechuga,poultry breast
29440,decepcionó,disappointed
29441,burbank,Burbank
29442,colecciono,I collect
29443,gilda,Gilda
29444,wind,wind
29445,detectó,detected
29446,guardara,would keep
29447,usarte,use you
29448,standing,standing
29449,hartmann,Hartmann
29450,llevadlo,take it
29451,forever,forever
29452,prestaste,you lent
29453,estrechos,narrow
29454,incrementado,increased
29455,membresía,membership
29456,manivela,crank
29457,unit,unit
29458,madero,log
29459,impresionarte,impress you
29460,raul,Raul
29461,lentejas,lentils
29462,plantear,pose
29463,batea,punt
29464,idos,idos
29465,proporcionará,will provide
29466,identificarla,identify it
29467,prométame,promise me
29468,noten,note
29469,apurar,hurry
29470,braga,panties
29471,shack,shack
29472,templarios,Templars
29473,ysi,and if
29474,contestaba,answered
29475,alcanzarme,reach me
29476,infrarrojos,infrared
29477,limo,silt
29478,damisela,damsel
29479,nazir,Nazi
29480,reemplaza,replaces
29481,reponer,replenish
29482,try,try
29483,hormiguero,anthill
29484,crimenes,crimes
29485,asustarlos,scare them
29486,callaré,I will be silent
29487,machote,macho
29488,llenamos,we filled
29489,pepinos,cucumbers
29490,juzgarlo,judge him
29491,mejicanos,Mexicans
29492,jadeos,gasps
29493,fortalece,strengthens
29494,manco,one-armed man
29495,hua,hua
29496,besaré,I will kiss
29497,devolviera,returned
29498,claustrofobia,claustrophobia
29499,regalan,they give away
29500,lula,Lula
29501,listón,ribbon
29502,guárdame,save me
29503,cécile,Cecile
29504,entrantes,starters
29505,automáticos,automatic
29506,afiladas,sharp
29507,produzca,produce
29508,rededor,around
29509,desaparezcas,disappear
29510,galen,galen
29511,deluca,deluca
29512,berenjena,eggplant
29513,muérdago,mistletoe
29514,dominan,dominate
29515,pompeya,Pompeii
29516,volviéramos,we would return
29517,vándalos,vandals
29518,inclinó,inclined
29519,brisco,brisco
29520,dénos,give us
29521,paralelos,parallels
29522,navideñas,Christmas
29523,minbari,minbari
29524,derribarlo,knock it down
29525,aproximan,approach
29526,concentres,concentrates
29527,father,father
29528,exploradora,explorer
29529,kyoko,Kyoko
29530,tripulante,crew member
29531,presentarlo,present it
29532,apagaré,I will turn off
29533,recibidor,receiver
29534,sujétala,hold it
29535,interesara,would be of interest
29536,frescura,freshness
29537,ordeñar,order
29538,malinterprete,misinterpret
29539,pisé,I stepped
29540,transformando,transforming
29541,retirará,will withdraw
29542,metamos,Let's go
29543,empujarme,push me
29544,fatales,fatal
29545,pitufo,Smurf
29546,saliente,outgoing
29547,garito,joint
29548,tirara,throw
29549,reconozcan,recognize
29550,barre,sweeps
29551,efectuar,make
29552,deanna,Deanna
29553,acupuntura,acupuncture
29554,cariños,love
29555,vickers,Vickers
29556,toquemos,Let's play
29557,contraatacar,counter
29558,atraviese,cross
29559,botánico,botanical
29560,soportaré,I will endure
29561,silbidos,whistles
29562,serenata,serenade
29563,escasas,scarce
29564,radicalmente,radically
29565,traicione,betray
29566,caminatas,walks
29567,marmota,marmot
29568,persiste,persists
29569,astrónomo,astronomer
29570,depositado,deposited
29571,lai,lai
29572,catalizador,catalyst
29573,malicioso,malicious
29574,jiang,Jiang
29575,despreciables,despicable
29576,resina,resin
29577,wakefield,Wakefield
29578,rs,rs
29579,clinica,clinic
29580,presunción,presumption
29581,visor,viewfinder
29582,burócratas,bureaucrats
29583,polizón,stowaway
29584,puaj,yuck
29585,dennos,give us
29586,agradará,will please
29587,coqueta,coquette
29588,hawke,Hawke
29589,prefectura,prefecture
29590,subsuelo,subsoil
29591,remediar,remedy
29592,comprobaremos,we will check
29593,póngale,put it
29594,hábiles,skilled
29595,apoyarlo,support him
29596,aplicada,applied
29597,acusarte,accuse you
29598,peatones,pedestrians
29599,seiscientos,six hundred
29600,croquetas,croquettes
29601,hildy,Hildy
29602,lastimo,I'm sorry
29603,contada,told
29604,edge,edge
29605,embrollo,imbroglio
29606,melodrama,melodrama
29607,hurón,ferret
29608,paralítico,paralytic
29609,sledge,sledge
29610,rechace,reject
29611,perseguirme,chase me
29612,hipnotizado,hypnotized
29613,mobile,mobile
29614,callad,be quiet
29615,sachs,Sachs
29616,buddha,Buddha
29617,whistler,whistler
29618,esperarla,wait for her
29619,vencí,I won
29620,macabro,macabre
29621,repitas,repeat
29622,involucran,involve
29623,equipada,equipped
29624,repara,repairs
29625,portadores,carriers
29626,beyoncé,Beyoncé
29627,acierta,guess
29628,marek,Marek
29629,erróneamente,mistakenly
29630,documentar,document
29631,mírese,look at yourself
29632,canterbury,Canterbury
29633,paranoicos,paranoid
29634,extendida,extended
29635,another,another
29636,bombardeado,bombed
29637,deportado,deportee
29638,irregularidades,irregularities
29639,enfermeros,nurses
29640,posters,posters
29641,imperios,empires
29642,patinando,skating
29643,bayonetas,bayonets
29644,atravesamos,we crossed
29645,protegidas,protected
29646,representaciones,representations
29647,boa,boa
29648,vasectomía,vasectomy
29649,hombrecillo,little man
29650,retribución,remuneration
29651,televidentes,television viewers
29652,southampton,Southampton
29653,disculpáis,excuse me
29654,marginado,outcast
29655,resistirá,will withstand
29656,llegarían,would arrive
29657,morderme,bite me
29658,teología,theology
29659,cogerlos,pick them up
29660,doliendo,hurting
29661,sly,sly
29662,givens,givens
29663,colillas,cigarette butts
29664,howell,Howell
29665,pulmonía,pneumonia
29666,karla,Karla
29667,deirdre,Deirdre
29668,perseguirá,will pursue
29669,franck,Franck
29670,sugiera,suggest
29671,inesperados,unexpected
29672,correspondía,it was appropriate
29673,kryten,kryten
29674,reinar,reign
29675,fotocopiadora,photocopier
29676,buscándole,looking for him
29677,veintiuno,twenty-one
29678,audaces,bold
29679,arreglara,would fix
29680,consorte,consort
29681,resguardo,guard
29682,innegable,undeniable
29683,presume,boasts
29684,durarán,will last
29685,sami,Sami
29686,montalbano,Montalbano
29687,damelo,Give it to me
29688,démela,Give it to me
29689,plausible,plausible
29690,remediarlo,remedy it
29691,alimentados,fed
29692,colecciones,collections
29693,vertido,spill
29694,entidades,entities
29695,blackwell,Blackwell
29696,rockwell,Rockwell
29697,mma,mma
29698,reclaman,they demand
29699,correría,would run
29700,magnetismo,magnetism
29701,astro,star
29702,felpudo,doormat
29703,caballeroso,gentlemanly
29704,dirigidas,directed
29705,litio,lithium
29706,cagues,shits
29707,tribales,tribal
29708,comillas,quotation marks
29709,aplaudiendo,applauding
29710,roe,roe
29711,imaginármelo,imagine it
29712,súplica,appeal
29713,underground,underground
29714,empaquetar,package
29715,reo,prisoner
29716,ito,ito
29717,garvey,Garvey
29718,obsesiva,obsessive
29719,galilea,Galilee
29720,tragarse,swallow
29721,secuestraste,you kidnapped
29722,sundance,Sundance
29723,hospeda,host
29724,torchwood,torchwood
29725,coopere,cooperate
29726,avioneta,small plane
29727,cirugia,surgery
29728,microchip,microchip
29729,traguito,nip
29730,preguntaremos,we will ask
29731,abordaje,approach
29732,escaneando,scanning
29733,próspera,prosperous
29734,gatsby,Gatsby
29735,varados,stranded
29736,exitosamente,successfully
29737,move,move
29738,tán,so
29739,jar,jar
29740,delicadamente,delicately
29741,tudor,Tudor
29742,contagió,contagion
29743,sabréis,you will know
29744,dory,Dory
29745,saboteador,saboteur
29746,desgarro,tear
29747,simulador,simulator
29748,milenios,millennia
29749,camaro,Camaro
29750,inaugural,inaugural
29751,volarán,they will fly
29752,schubert,Schubert
29753,falcone,falcon
29754,compartí,I shared
29755,desconecta,disconnect
29756,ingresa,log in
29757,arriesgan,risk
29758,volverla,to return it
29759,provino,came
29760,graciosísimo,hilarious
29761,midge,midge
29762,herminia,Herminia
29763,soldadito,little soldier
29764,recuperemos,Let's recover
29765,reprimido,repressed
29766,mustafa,Mustafa
29767,inducido,induced
29768,persas,Persians
29769,other,other
29770,mun,mun
29771,votando,voting
29772,sufrirás,you will suffer
29773,lepra,leprosy
29774,calumnias,slander
29775,scrooge,Scrooge
29776,ytú,and you
29777,mart,mart
29778,tahoe,Tahoe
29779,mutaciones,mutations
29780,j.b.,j.b.
29781,grabo,I record
29782,flautista,flutist
29783,revuelve,stir
29784,centrarte,focus
29785,etiquetado,labeled
29786,jericho,Jericho
29787,majestuoso,majestic
29788,sta,this
29789,boya,buoy
29790,intemperie,outdoor
29791,levantara,would lift
29792,contingencia,contingency
29793,doscientas,two hundred
29794,violines,violins
29795,perjudicado,injured
29796,cruciales,crucial
29797,prestarte,lend you
29798,vicodin,Vicodin
29799,desviando,diverting
29800,asistiendo,attending
29801,shao,shao
29802,reclamando,claiming
29803,estribillo,chorus
29804,artesanía,craft
29805,diríjase,go
29806,reprimenda,reprimand
29807,dolorosamente,painfully
29808,ráfagas,bursts
29809,repiten,repeat
29810,regaliz,licorice
29811,arrastré,I dragged
29812,c4,c4
29813,inventan,invent
29814,fern,fern
29815,mystic,mystic
29816,apuñalé,I stabbed
29817,rectas,straight lines
29818,cosacos,Cossacks
29819,estratega,strategist
29820,cuestionado,disputed
29821,kimchi,kimchi
29822,saxon,Saxon
29823,tre,three
29824,llamamiento,call
29825,rei,king
29826,invente,invent
29827,reemplace,replace
29828,comités,committees
29829,salvemos,Let's save
29830,wikileaks,WikiLeaks
29831,interrumpida,interrupted
29832,latón,brass
29833,emir,emir
29834,mantuvieras,you kept
29835,costara,it would cost
29836,abarca,covers
29837,flojos,lazy
29838,evil,evil
29839,lamiendo,licking
29840,afección,condition
29841,simbad,Sinbad
29842,humanitaria,humanitarian
29843,diem,diem
29844,sentando,sitting
29845,falsificado,counterfeit
29846,boina,beret
29847,alacena,cupboard
29848,explíquese,explain
29849,empezaban,they were beginning
29850,derritiendo,melting
29851,adición,addition
29852,apuntarme,sign up
29853,hartford,Hartford
29854,shaka,shaka
29855,truchas,trout
29856,quererla,to love her
29857,budistas,Buddhists
29858,alucinar,hallucinate
29859,extintor,extinguisher
29860,vejestorio,geezer
29861,business,business
29862,lorne,Lorne
29863,bragueta,fly
29864,killua,killua
29865,vestí,I dressed
29866,lanzarlo,launch it
29867,prolongada,prolonged
29868,atrapando,catching
29869,cargaré,I will load
29870,alentar,encourage
29871,mercante,merchant
29872,purificación,purification
29873,levantaría,would lift
29874,liquidado,liquidated
29875,princesita,little princess
29876,encarcelar,imprison
29877,nisha,nisha
29878,dínoslo,Tell us
29879,olvidémonos,Let's forget about it
29880,excesos,excesses
29881,conseguirlas,get them
29882,abba,abba
29883,signe,sign
29884,convencieron,convinced
29885,valiera,Valeria
29886,germain,Germain
29887,baudelaire,Baudelaire
29888,interrogarme,question me
29889,reconocía,recognized
29890,leia,I read
29891,esperare,I will wait
29892,acordarse,remember
29893,póntela,put it on
29894,participaron,participated
29895,arruga,wrinkle
29896,tonteando,fooling around
29897,ridículamente,ridiculously
29898,ordenan,order
29899,juno,Juno
29900,forjar,forge
29901,mota,speck
29902,dci,dci
29903,quitaos,get out
29904,dresden,Dresden
29905,odiarlo,hate it
29906,acuestan,go to bed
29907,sostuve,I held
29908,manténte,stay
29909,pedirías,would you ask
29910,hurgar,rummage
29911,defraudar,defraud
29912,imprevisible,unpredictable
29913,tensas,tense
29914,signor,sign
29915,deshacemos,we undo
29916,ocupes,occupy
29917,apostaré,I'll bet
29918,cáscaras,shells
29919,insertar,insert
29920,alimentó,food
29921,chúpate,suck it
29922,contrataría,would hire
29923,together,together
29924,borrando,deleting
29925,irreversible,irreversible
29926,deportación,deportation
29927,pedicura,pedicure
29928,soportando,enduring
29929,fm,fm
29930,mamífero,mammal
29931,metieras,you would put
29932,indispuesto,indisposed
29933,pajarita,bow tie
29934,keenan,Keenan
29935,rarezas,rarities
29936,fealdad,ugliness
29937,asoma,peeks
29938,obtén,get
29939,lúgubre,lugubrious
29940,capturan,capture
29941,zhou,Zhou
29942,liberarlos,free them
29943,tocarlos,touch them
29944,meada,piss
29945,defenderla,defend her
29946,enojará,will anger
29947,sirenita,Little Mermaid
29948,electric,electric
29949,piercing,piercing
29950,vestimos,we dress
29951,raptor,abductor
29952,gould,Gould
29953,distraerte,distract yourself
29954,jolie,Jolie
29955,meterlos,put them in
29956,terrícola,Earthling
29957,destruído,destroyed
29958,fisiología,physiology
29959,innato,innate
29960,inmuebles,estate
29961,molestarnos,bother us
29962,groseros,rude
29963,jueguito,little game
29964,vita,life
29965,parrillada,barbecue
29966,interrogarle,interrogate him
29967,escaparnos,escape
29968,chasis,chassis
29969,aquaman,Aquaman
29970,checo,Czech
29971,nómadas,nomads
29972,actas,proceedings
29973,agachado,crouching
29974,remotas,remote
29975,sureños,southerners
